﻿名称,Rollup Types
Arbitrum One,Optimistic Rollup
Arbitrum Nova,Optimistic Rollup
Optimism,Optimistic Rollup
Coinbase Base,Optimistic Rollup
Mantle,Optimistic Rollup
zkSync Lite,zk-Rollup
Starknet,zk-Rollup
zkSync Era,zkEVM Rollup
Polygon zkEVM,zkEVM Rollup
ConsenSys Linea,zkEVM Rollup
Scroll,zkEVM Rollup
Taiko,zkEVM Rollup
Starknet Kakarot,zkEVM Rollup
Immutable zkEVM,zkEVM Rollup
OP Stack,"Rollup Framework, Shared Sequencer"
Arbitrum Orbit,"Rollup Framework, Shared Sequencer"
ZK Stack,Rollup Framework
Celestia,"Data Availability SDK, Rollup Framework"
Avail,"Data Availability SDK, Rollup Framework, Shared Sequencer"
Sovereign,"Data Availability SDK, Rollup Framework"
Eclipse,No-Code Deployment
AltLayer,No-Code Deployment
Caldera,No-Code Deployment
Conduit,No-Code Deployment
Artesi,No-Code Deployment
OP Stack,Shared Sequencer
Dymension,Shared Sequencer
Espresso,Shared Sequencer
Flashbots Suave,Shared Sequencer
Saga,Shared Sequencer
LayerZero,OmniChain
Axelar,OmniChain