﻿Name,Category,Rating Index,Link | Click the Link Text,Token," Raised",Investor
OKX Wallet,"Extension Wallet, Mobile Wallet",⭐️⭐️⭐️⭐️⭐️,https://twitter.com/okxweb3   https://discord.com/invite/pXmtxwSkNB   https://www.okx.com/web3,OKX,,OKX Ventures
Coinbase Wallet,"Extension Wallet, Mobile Wallet",⭐️⭐️⭐️⭐️⭐️,https://twitter.com/CoinbaseWallet   http://coinbase.com/wallet,,,Coinbase
MetaMask,"Extension Wallet, Mobile Wallet",⭐️⭐️⭐️⭐️⭐️,https://twitter.com/MetaMask   https://metamask.io/,,$ 725M,ConsenSys Mesh
Trust,"Extension Wallet, Mobile Wallet",⭐️⭐️⭐️⭐️,https://twitter.com/trustwallet   https://t.me/trust_announcements   https://trustwallet.com/,TWT,,
ONTO Wallet,"Extension Wallet, Mobile Wallet",⭐️⭐️⭐️⭐️,https://twitter.com/ONTOWallet   https://discord.com/invite/4SrrJy2zHe   https://ont.io/,,,IOSG Ventures
Argent,"Extension Wallet, Mobile Wallet",⭐️⭐️⭐️⭐️,https://twitter.com/argentHQ   http://discord.gg/argenthq   https://argent.xyz/,,$ 12M,Paradigm
BitKeep Wallet,"Extension Wallet, Mobile Wallet",⭐️⭐️⭐️⭐️,https://twitter.com/BitKeepOS   https://discord.com/invite/gUQB7gUarR   https://bitkeep.com/,BKB,$ 45M,"A&T Capital, Bitget, Bixin Ventures, DHVC, Dragonfly Capital, Foresight Ventures, Kucoin, Matrix Partners, Matrixport, SevenX Ventures"
BlockWallet,Extension Wallet,⭐️⭐️⭐️,https://twitter.com/GetBlockWallet   https://discord.com/invite/JNg7FuuGUh?utm_medium=social&utm_source=linktree&utm_campaign=join+discord   http://blockwallet.io,BLANK,$ 1.8M,"GBV Capital, Kyros Ventures, SevenX Ventures, Spark Digital, Woodstock"
TokenPocket,"Hardware Wallet, Mobile Wallet",⭐️⭐️⭐️⭐️,https://twitter.com/TokenPocket_TP   https://discord.com/invite/NKPM8TXFQk   https://www.tokenpocket.pro/,TPT,,
imToken,Mobile Wallet,⭐️⭐️⭐️⭐️,https://twitter.com/imTokenOfficial   http://discord.com/invite/imToken   http://token.im,,,
InteractWith,Mobile Wallet,⭐️⭐️⭐️,https://twitter.com/InteractWallet   https://t.me/InteractWithAnn   https://interactwith.com/,,,
Omni,Mobile Wallet,⭐️⭐️⭐️,https://twitter.com/omnidotapp   https://discord.com/invite/ZtdgjSEnRy   https://omni.app/,,,
FoxWallet,Mobile Wallet,⭐️⭐️⭐️,https://twitter.com/FoxWallet   http://discord.gg/DeT46k7538   http://foxwallet.com,,,
AlphaWallet,Mobile Wallet,⭐️⭐️⭐️,https://twitter.com/alphawallet   http://discord.com/invite/mx23YWRTYf   https://alphawallet.com,,,
HashKey Me,Mobile Wallet,⭐️⭐️,https://twitter.com/hashkey_me   https://discord.gg/E3WfyZ4SAm   https://me.hashkey.com/zh-CN,,,
Rollups Wallet,Mobile Wallet,⭐️⭐️,https://twitter.com/rollupswallet   https://discord.gg/wh28k3a6Ru   https://rollups.xyz/,,,
Raise Finance,Social Recovery Wallet,⭐️⭐️⭐️,https://twitter.com/raise_fi   http://discord.io/Raise-Finance   https://raisefinance.io/,,,
Biconomy,AA Wallet,⭐️⭐️⭐️⭐️,https://twitter.com/biconomy   https://discord.com/invite/biconomy   https://www.biconomy.io/,BICO,$ 10.5M,"Binance Labs, CoinFund, Coinbase, DACM, Fenbushi Capital, GenBlock Capital, Huobi, Ledger Prime"
OpenBlock,MPC Wallet,⭐️⭐️⭐️⭐️,https://twitter.com/OpenBlockWallet   https://discord.com/invite/EhsKYbvtJx   https://openblock.com/,,,
D'CENT Wallet,Hardware Wallet,⭐️⭐️⭐️⭐️,https://twitter.com/DCENTwallets   https://dcentwallet.com/,,,
Zerion,"Portfolio Dashboard, Smart Contract Wallet, Social Recovery Wallet",⭐️⭐️⭐️⭐️⭐️,https://twitter.com/zerion   https://zerion.io/discord   https://zerion.io/,,$ 12M,"Alchemy, Coinbase, Mosaic, Wintermute"
aarnâ,Portfolio Dashboard,⭐️⭐️⭐️,https://twitter.com/aarnasays   https://discord.gg/RfjFgztQjC   https://aarna.finance/,,,
Ramp,Payment,⭐️⭐️⭐️⭐️,https://twitter.com/RampNetwork   https://ramp.network/about/,,,
DePay,Payment,⭐️⭐️⭐️⭐️,https://twitter.com/depay   https://discord.com/invite/smDs5zK   https://depay.com/,,,Gitcoin Beta Round
Sprintcheckout,Payment,⭐️⭐️⭐️,https://twitter.com/sprintcheckout   https://www.sprintcheckout.com/,,,
Indacoin,Payment,⭐️⭐️⭐️,https://twitter.com/Indacoin   http://indacoin.io/,,,
ARX Protocol,Payment,⭐️⭐️,https://twitter.com/ArxProtocol   https://discord.com/invite/9rFvNatJy6   https://arx.cash/,,,
Utorg,Payment,⭐️⭐️,https://twitter.com/utorgcom   https://utorg.pro/,,,
Mystiko,Privacy Payment,⭐️⭐️⭐️,https://twitter.com/MystikoNetwork   https://discord.gg/hurmHWUjCW   https://mystiko.network/,,,
WalletConnect,Wallet-to-dApp,⭐️⭐️⭐️⭐️⭐️,https://twitter.com/walletconnect   https://discord.gg/kdTQHQ6AFQ   https://walletconnect.com/,,$ 23.5M,"1kx, Circle Ventures, Coinbase, ConsenSys Mesh, Shopify"
lite.zksync,Native Bridge,⭐️⭐️⭐️⭐️⭐️,https://twitter.com/zksync   https://join.zksync.dev/   https://lite.zksync.io/,,,
txSync,Native Bridge,⭐️⭐️⭐️⭐️⭐️,https://twitter.com/txSync_io   https://discord.gg/ZJtFETyFE9   https://portal.txsync.io/bridge/,,,zkSync
Orbiter,"Cross-L1 Rollup, CrossChain Bridge",⭐️⭐️⭐️⭐️⭐️,https://twitter.com/Orbiter_Finance   http://discord.gg/hJJvXP7C73   https://www.orbiter.finance/,,,"Amber Group, GGV Capital, Lemniscap, Mask Network, Matrixport, Redpoint Ventures, StarkWare, imToken"
Via Protocol,CrossChain Bridge,⭐️⭐️⭐️⭐️,https://twitter.com/via_protocol   https://discord.com/invite/viaexchange   https://via.exchange/,,,Gitcoin Beta Round
Layerswap,CrossChain Bridge,⭐️⭐️⭐️⭐️,https://twitter.com/layerswap   https://discord.com/invite/KhwYN35sHy   https://www.layerswap.io/,,,
Owlto Finance,CrossChain Bridge,⭐️⭐️⭐️,https://twitter.com/Owlto_Finance   https://discord.com/invite/dyArfVwdxm   https://owlto.finance/bridge,,,
O3 Labs,"AMM DEX, CrossChain Bridge, Mobile Wallet",⭐️⭐️⭐️,https://twitter.com/O3_Labs   https://discord.com/invite/dmckMXhWNJ   https://o3.network/#/wallet,O3,,
Redacted,CrossChain Bridge,⭐️⭐️,https://twitter.com/redacted_money   https://discord.com/invite/huuTATPzhJ   https://www.redacted.money/,RED,,
DEX Screener,DEX Pairs Charts,⭐️⭐️⭐️⭐️⭐️,https://twitter.com/dexscreener   https://discord.com/invite/ARbh55A472   https://dexscreener.com/,,,
CryptoSwap,AMM DEX,⭐️⭐️,https://twitter.com/cryptoswaporg   https://discord.com/invite/KK2Gha9Cyb   https://cryptoswap.org/,,,
ZigZag,Orderbook DEX,⭐️⭐️⭐️⭐️,https://twitter.com/ZigZagExchange   https://discord.com/invite/zigzag   https://trade.zigzag.exchange/,ZZ,,
Dexchange,Orderbook DEX,⭐️⭐️,https://twitter.com/dexchange_live   https://www.dexchange.live/,,,
Increment,"FX Market, Perpetual Market",⭐️⭐️⭐️,https://twitter.com/incrementhq   https://discord.com/invite/increment   https://increment.finance/,,,
VivaLeva,Yield,⭐️⭐️,https://twitter.com/vivaleverage   https://vivaleva.com/,,,
Gro Protocol,Yield Aggregator,⭐️⭐️⭐️⭐️,https://twitter.com/groprotocol   https://discord.com/invite/QfYWtWdqPS   https://www.gro.xyz/#/,GRO,$ 7.1M,"Framework, Galaxy Digital"
Trustless,CDP-Stablecoin,⭐️⭐️⭐️,https://twitter.com/trustlessfi   https://discord.com/invite/C2C9Q2p8bd   https://www.trustless.fi/,,,
Index Coop,Index Fund / dETF,⭐️⭐️⭐️⭐️,https://twitter.com/indexcoop   https://discord.com/invite/indexcoop   https://app.indexcoop.com/products,INDEX,,
OKX Web3,"DEX Aggregator, NFT Marketplace",⭐️⭐️⭐️⭐️⭐️,https://twitter.com/okxweb3   https://discord.com/invite/pXmtxwSkNB   https://www.okx.com/cn/web3,,,OKX Ventures
tofuNFT,NFT Marketplace,⭐️⭐️⭐️⭐️,https://twitter.com/tofuNFT   https://discord.com/invite/3wFUTZmTm7   https://tofunft.com/optimism,,,
OpenMeta,NFT Marketplace,⭐️⭐️⭐️,https://twitter.com/OpenMeta_NFT   https://discord.com/invite/mDX8bBzGAh   https://nft.openmeta.finance/#/home,,,
zkNFTex,NFT Marketplace,⭐️⭐️,https://twitter.com/zkNftex   https://discord.com/invite/TVC6GQ6AQB   https://www.zknftex.io/,,,
Kreatorland,"NFT  Launchpad, NFT Marketplace",⭐️⭐️⭐️,https://twitter.com/kreatorland   https://discord.com/invite/nNqSSp6pXx   https://kreatorland.com/,,,
Art Blocks,NFT Gallery,⭐️⭐️⭐️⭐️,https://twitter.com/artblocks_io   https://discord.com/invite/artblocks   https://www.artblocks.io/,,,
Mintify,NFT Analytics Tool,⭐️⭐️⭐️⭐️,https://twitter.com/Mintify   https://discord.com/invite/mintify   https://mintify.xyz/,,,
LYNC,NFT Stake Lending,⭐️⭐️⭐️⭐️,https://twitter.com/thelyncnetwork   https://t.co/5mLQvk5XXy   https://lync.network/,LYNC,,
Taker Protocol,NFT Stake Lending,⭐️⭐️,https://twitter.com/TakerProtocol   https://discord.com/invite/taker   https://taker.xyz/,,,
Horizon Land,Metaverse,⭐️⭐️⭐️,https://twitter.com/HorizonLandMeta   https://discord.com/invite/xqTp383yMg   https://horizonland.app/,,,
Mini Utopia,IGO Launchpad,⭐️⭐️⭐️,https://twitter.com/miniutopiatoken   https://t.me/miniutopiatoken   https://miniutopia.co/,,,
DGG,Gaming Guild,⭐️⭐️⭐️,https://twitter.com/DggNetwork   https://discord.com/invite/Ug8tG2eRQd   http://dgg.network/,,,
OpenStars.org,GameFi,⭐️⭐️,https://twitter.com/OpenStars   https://discord.com/invite/rwAENGZDRR   https://www.openstars.org/#/mint/stars,,,
Mini Dungeon,GameFi,⭐️⭐️,https://twitter.com/miniminidungeon   https://discord.com/invite/KXxGkM4gt8   https://minidungeon.xyz/,,,
Aragon,"DAO, Social Protocol",⭐️⭐️⭐️⭐️,https://twitter.com/AragonProject   https://discord.com/invite/eqQJkdp   https://aragon.org/,ANT,,
Tide,Social Protocol,⭐️⭐️⭐️,https://twitter.com/Tide_web3   https://discord.com/invite/aNAD5NYJFM   https://www.tideprotocol.xyz/,,,
Ceres,"Digital ID, Oracle",⭐️⭐️⭐️,https://twitter.com/CeresCredit   https://ceres.credit/,,,
Threely,Digital ID,⭐️⭐️,https://twitter.com/useThreely   https://discord.gg/h3yVgnfq9n  https://threely.io/https://threely.io/,,,
Krebit,Digital ID,⭐️⭐️,https://twitter.com/KrebitDAO   https://krebit.id/,,,
RSS3,dRSS,⭐️⭐️⭐️⭐️,https://twitter.com/rss3_   https://discord.com/invite/aGuwzF2hW4   https://rss3.io/,RSS,,
Homespace,"Virtual Meeting Platform ",⭐️⭐️⭐️,https://twitter.com/homespace_is   https://discord.com/invite/dm2MP7fsfp   https://homespace.is/,,,
L2BEAT,OnChain Activity Analysis,⭐️⭐️⭐️⭐️⭐️,https://twitter.com/l2beat   https://discord.com/invite/eaVKXPmtWk   https://l2beat.com/scaling/tvl,,,
DefiLlama,OnChain Activity Analysis,⭐️⭐️⭐️⭐️⭐️,https://twitter.com/DefiLlama   https://discord.com/invite/buPFYXzDDd   https://defillama.com/,,,Gitcoin Beta Round
OKLink,OnChain Activity Analysis,⭐️⭐️⭐️⭐️,https://twitter.com/OKLink   https://discord.com/invite/QcywHPgk4S   https://www.oklink.com/zh-cn,,,OKX Ventures
GetBlock,RPC Operator,⭐️⭐️,https://twitter.com/getblockio   https://discord.com/invite/T2hbgqfEnv   https://getblock.io/nodes/op/,,,
Stakefish,Nodes Operator,⭐️⭐️⭐️⭐️,https://twitter.com/stakefish   https://t.me/stakefish   https://stake.fish/,,,
Bware Labs,"Nodes Operator, OnChain Data Indexing, RPC Operator",⭐️⭐️⭐️⭐️,https://twitter.com/BwareLabs   https://discord.com/invite/bwarelabs   https://bwarelabs.com/,INFRA,$ 7.2M,Alchemy
Openfabric,AI/AIGC/ZKML,⭐️⭐️⭐️,https://twitter.com/openfabricai   https://discord.gg/VHS92QWaX3   https://openfabric.ai/,,,
Snapshot,DAO Tool,⭐️⭐️⭐️⭐️⭐️,https://twitter.com/SnapshotLabs   https://discord.com/invite/MKDaqUBgjF   https://snapshot.org/#/,,,
Liquifi,DAO Tool,⭐️⭐️,https://twitter.com/liquifi_finance   https://www.notion.sodaebak#5774   https://www.liquifi.finance/,,,
Reddio,zkRollup SDK,⭐️⭐️⭐️⭐️,https://twitter.com/reddio_com   https://discord.com/invite/SjNAJ4qkK3   https://reddio.com/,,,"Arena, Paradigm"
Chainlink,Oracle,⭐️⭐️⭐️⭐️⭐️,https://twitter.com/chainlink   https://discord.com/invite/aSK4zew   https://chain.link/,LINK,,
RedStone,Oracle,⭐️⭐️⭐️⭐️,https://twitter.com/redstone_defi   https://discord.com/invite/PVxBZKFr46   https://redstone.finance/,,$ 7M,"Arweave, Blockchain Capital, Coinbase, KR1, Lemniscap, Maven 11, The Graph"
Pyth Network,Oracle,⭐️⭐️⭐️⭐️,https://twitter.com/PythNetwork   https://discord.com/invite/PythNetwork   https://pyth.network/,,,"Alliance DAO, Delphi Digital, GBV Capital, Huobi, Kucoin, Republic Capital, Sino Global"
Razor Network,"Liquidity Manager, Oracle",⭐️⭐️⭐️,https://twitter.com/razor_network   https://discord.gg/Js4pBny2rw   https://razor.network/,,,
Covalent,OnChain Data Indexing,⭐️⭐️⭐️⭐️⭐️,https://twitter.com/covalent_hq   https://discord.com/invite/VHgmzB9973   https://www.covalenthq.com/,CQT,$ 15.1M,"1kx, AU21 Capital, Alameda Research, Avalanche, Binance Labs, CoinGecko, Coinbase, Delphi Digital, Hashed, Hypersphere, Mechanism Capital, Moonbeam, NEAR"
Apibara,OnChain Data Indexing,⭐️⭐️,https://twitter.com/apibara_web3   https://discord.com/invite/m7B92CNFNt   https://www.apibara.com/,,,
Flair,OnChain Data Indexing,⭐️⭐️,https://twitter.com/FlairSDK   https://discord.com/invite/flair   https://flair.dev/,,,
4EVERLAND,Web3 Hosting Service,⭐️⭐️⭐️,https://twitter.com/4everland_org   https://discord.com/invite/4everland   https://www.4everland.org/,,,
Storj,dStorage,⭐️⭐️⭐️,https://twitter.com/storj   https://www.storj.io/,,,
Wido,ZAP SDK,⭐️⭐️⭐️⭐️,https://mobile.twitter.com/widolabs   https://t.me/joinwido   https://www.joinwido.com/,,,
Carbon,Web3 Browser,⭐️⭐️⭐️⭐️⭐️,https://twitter.com/trycarbonio   https://t.me/trycarbonio   https://carbon.website/,CSIX,,
Revoke.cash," Security/Audits",⭐️⭐️⭐️⭐️,https://twitter.com/RevokeCash   https://discord.com/invite/revoke-cash   https://revoke.cash/,,,