﻿Name,Category,Rating Index,Link | Click the Link Text,Token," Raised",Investor
zkBridge,CrossChain Bridge,⭐️⭐️⭐️⭐️⭐️,https://twitter.com/PolyhedraZK   https://discord.com/invite/WkjUe5tfZP   https://zkbridge.com/,,$ 25M,"ABCDE Capital, Animoca Brands, Arcane, Binance Labs, Foresight Ventures, HashKey Capital, Kucoin, NGC Ventures, Polychain, Sparkle"
Superbridge,CrossChain Aggregator,⭐️⭐️⭐️,https://twitter.com/superbridgeapp   https://superbridge.app/,,,
Orbitfi,Prediction Market,⭐️⭐️,https://twitter.com/OrbitFi_   https://t.co/3TFTDZEN5C,,,
Treasure,"Game Layer2, Gaming Station",⭐️⭐️⭐️⭐️⭐️,https://twitter.com/treasure_dao   https://discord.com/invite/treasuredao   https://treasure.lol/,MAGIC,$ 6.5M,"1kx, Alchemy Ventures, Arbitrum, IOSG Ventures, Merit Circle"
Hepton,"ETH Sidechain, Rollup-as-a-Service",⭐️⭐️,https://twitter.com/HeptonL3   https://discord.com/invite/VDvc4bK2q6   https://www.hepton.io/,HTE,,
AltLayer,No Code Deployment,⭐️⭐️⭐️⭐️⭐️,https://twitter.com/alt_layer   https://discord.com/invite/altlayer   https://www.altlayer.io/,ALT/reALT,$ 7.2M,"Breyer Capital, Jump Crypto, Polychain"
Gelato,No Code Deployment,⭐️⭐️⭐️⭐️⭐️,https://twitter.com/gelatonetwork   https://discord.com/invite/ApbA39BKyJ   https://www.gelato.network/,GEL,$ 17.2M,"D1 Ventures, Dragonfly Capital, Galaxy Digital, IDEO CoLab, IOSG Ventures, ParaFi Capital"
Conduit,No Code Deployment,⭐️⭐️⭐️⭐️⭐️,https://twitter.com/conduitxyz   https://discord.com/invite/X5Yn3NzVRh   https://conduit.xyz/,,$ 44M,"Bankless, Coinbase, Haun Ventures, Paradigm, Robot Ventures"
Caldera,No Code Deployment,⭐️⭐️⭐️⭐️⭐️,https://twitter.com/calderaxyz   https://discord.com/invite/9KDXrWE48t   https://www.caldera.xyz/,,$ 24M,"1kx, Alliance DAO, Dragonfly Capital, Ethereal Ventures, Lattice Capital, Sequoia Capital, SevenX Ventures"
Zeeve,No Code Deployment,⭐️⭐️⭐️,https://x.com/0xZeeve   https://discord.com/invite/6GjqQ78bBz   https://www.zeeve.io/,,$ 1M,Expert Dojo
Kinto,OP Rollup,⭐️⭐️⭐️⭐️,https://twitter.com/KintoXYZ   https://discord.com/invite/utEYFxKFgB   https://kinto.xyz/,,$ 6.5M,"Kyber Capital, ParaFi Capital, Spartan Group"
Edgeless,OP Rollup,⭐️⭐️⭐️,https://x.com/edgelessnetwork   https://discord.com/invite/edgeless   https://www.edgeless.network/,,,
XAI,Layer3 Rollup,⭐️⭐️⭐️⭐️⭐️,https://twitter.com/XAI_GAMES   https://discord.com/invite/xaigames   https://xai.games/,XAI,,
Polychain Monsters,Layer3 Rollup,⭐️⭐️⭐️⭐️,https://twitter.com/polychainmon   https://discord.com/invite/polychainmonsters   https://polychainmonsters.com/,PMON,,
MXC,Layer3 Rollup,⭐️⭐️⭐️⭐️,https://twitter.com/mxcfoundation   https://discord.com/invite/mxcfoundation   https://www.mxc.org/,MXC,,
Superposition,Layer3 Rollup,⭐️⭐️⭐️,https://twitter.com/Superpositionso   https://discord.com/invite/6RgCDEBUkt   https://www.superposition.so/,,,
Hook Odyssey,Layer3 Rollup,⭐️⭐️⭐️,https://twitter.com/HookProtocol   https://discord.com/invite/hookprotocol   http://hook.xyz/,,,Hook Protocol
d-Chain,Layer3 Rollup,⭐️⭐️⭐️,https://twitter.com/DeriProtocol   https://discord.com/invite/FEM9GMehHQ   https://deri.io/#/index,,,Deri Protocol
OurSong,Layer3 Rollup,⭐️⭐️⭐️,https://twitter.com/oursong   https://discord.com/invite/hsQ4uUga7U   https://www.oursong.com/,,,
Sanko GameCorp,Layer3 Rollup,⭐️⭐️⭐️,https://twitter.com/SankoGameCorp   https://discord.com/invite/Cnz62Vfa2C   https://sankodreammachine.net/,,,
Meliora L3,Layer3 Rollup,⭐️⭐️⭐️,https://twitter.com/meliorafnd   https://meliorachain.io/,,,Volatilis
Muster Network,Layer3 Rollup,⭐️⭐️⭐️,https://twitter.com/Cometh   https://discord.com/invite/cometh   https://www.cometh.io/,,,Cometh
Syndr,Layer3 Rollup,⭐️⭐️⭐️,https://twitter.com/SyndrHQ   https://t.me/syndr_official   https://www.syndr.com/,,$ 0.5M,"CoinDCX Ventures, Outlier Ventures"
Celestia,Data Availability Layer,⭐️⭐️⭐️⭐️⭐️,https://twitter.com/CelestiaOrg   https://discord.com/invite/YsnTPcSfWQ   https://celestia.org/,TIA,$ 56M,"A&T Capital, Binance Labs, Blockchain Capital, Delphi Digital, Galaxy Digital, IOSG Ventures, Jump Crypto, Maven 11, OKX Ventures, Protocol Labs, Spartan Group"
Cookbook,Solidity Libraries,⭐️⭐️⭐️⭐️⭐️,https://x.com/cookbook_dev   https://discord.com/invite/cookbookdev   https://www.cookbook.dev/,,,
DODOchain,BTC Layer3,⭐️⭐️⭐️⭐️,https://x.com/DODO_Chain   https://discord.com/invite/tyKReUK   https://www.dodochain.com/,,,DODO