﻿Name,Category,Rating Index,Link | Click the Link Text,Token," Raised",Investor
Leap Wallet,"Extension Wallet, Mobile Wallet",⭐️⭐️⭐️⭐️,https://twitter.com/leap_wallet   https://discord.com/invite/HuZWPH6zHk   https://www.leapwallet.io/,,,
Keplr,Extension Wallet,⭐️⭐️⭐️⭐️,https://twitter.com/keplrwallet   https://www.keplr.app/,,,
Squid,CrossChain Bridge,⭐️⭐️⭐️⭐️,https://twitter.com/squidrouter   http://discord.squidrouter.com/   https://www.squidrouter.com/,,$ 3.5M,"Axelar, Chapter One, Distributed Global, Fabric Ventures, Galileo, Noble, North Island"
Catalyst,"CrossChain DEX, CrossChain ZAP",⭐️⭐️⭐️⭐️,https://twitter.com/CatalystAMM   https://t.me/CatalystChat   https://catalyst.exchange/,,$ 4.2M,"Alchemy Ventures, Circle Ventures, Foresight Ventures, HashKey Capital, Maven 11, Robot Ventures, Spartan Group, Superscrypt"
Crescent,"Orderbook DEX, Yield",⭐️⭐️⭐️,https://twitter.com/CrescentHub   https://discord.com/invite/ZUfrDnSX8G   https://crescent.network/,,,
EigenLayer,"RaaS SDK, Restaking",⭐️⭐️⭐️⭐️⭐️,https://twitter.com/eigenlayer   https://discord.com/invite/eigenlayer   https://www.eigenlayer.xyz/,,$ 64.5M," Figment Capital, Bixin Ventures, Blockchain Capital, Coinbase, Electric Capital, Ethereal Ventures, Finality Capital, Hack VC, Hash3, IOSG Ventures, P2P Validator, Polychain, Polygon Ventures, Robot Ventures, dao5"
Worlds,Game Studio,⭐️⭐️,https://twitter.com/worldsorg   https://www.worlds.org/,,,
Argus,Game Engine,⭐️⭐️⭐️⭐️,https://twitter.com/ArgusLabs_   https://argus.gg/,,$ 10M,"Alchemy, Dispersion Capital, Haun Ventures, Robot Ventures"
Bullieverse,Gaming Station,⭐️⭐️⭐️⭐️,https://twitter.com/bullieverse/   https://discord.com/invite/bullieverse   https://bullieverse.com/home,BULL,$ 4M,"Gate Labs, GenBlock Capital, Good Games Guild, GravityX Capital, LD Capital, OKX Ventures, Shima Capital"
Modular Cloud,"Blockchain Explorer, Rollup Stack",⭐️⭐️⭐️,https://twitter.com/modularcloud1   https://explorer.modular.cloud/,,,
Chorus One,Nodes Operator,⭐️⭐️⭐️⭐️⭐️,https://twitter.com/ChorusOne   https://discord.com/invite/bQ6JWVa   https://chorus.one/,,,
Cosmostation,"Extension Wallet, Mobile Wallet, Nodes Operator",⭐️⭐️⭐️⭐️,https://twitter.com/CosmostationVD   https://t.me/cosmostation   https://www.cosmostation.io/,,,
Stakefish,Nodes Operator,⭐️⭐️⭐️⭐️,https://twitter.com/stakefish   https://t.me/stakefish   https://stake.fish/,,,
Skip Protocol,MEV Protection,⭐️⭐️⭐️⭐️,https://twitter.com/skipprotocol   https://discord.com/invite/sq4bPtYV57   https://skip.money/,,$ 6.5M,"Bain Capital, Galaxy Digital, Jump Crypto, Robot Ventures"
FairBlock,MEV Protection,,https://twitter.com/Fair_Block   https://fairblock.network/,,,
Sovereign,RaaS SDK,⭐️⭐️⭐️⭐️⭐️,https://twitter.com/sovereign_labs   https://discord.gg/kbykCcPrcA   https://www.sovereign.xyz/,,$ 7.4M,"1kx, Haun Ventures, Maven 11, Plaintext, Robot Ventures"
Rollkit,RaaS SDK,⭐️⭐️⭐️⭐️⭐️,https://twitter.com/Rollkitdev   https://t.me/rollkit   https://rollkit.dev/,,,Celestia
Opside,zkRollup RaaS,⭐️⭐️⭐️⭐️⭐️,https://twitter.com/OpsideZK   https://discord.com/invite/vazMR527E5   https://opside.network/,,$ 4M,Web3.com
Conduit,No Code Deployment,⭐️⭐️⭐️⭐️⭐️,https://twitter.com/conduitxyz   https://discord.com/invite/X5Yn3NzVRh   https://conduit.xyz/,,$ 44M,"Bankless, Coinbase, Haun Ventures, Paradigm, Robot Ventures"
Saga,"No Code Deployment, Shared Sequencer",⭐️⭐️⭐️⭐️⭐️,https://twitter.com/Sagaxyz__   https://discord.com/invite/uHh8gfc56b   https://www.saga.xyz/,,$ 6.5 M," Figment Capital,  LongHash Ventures, GSR, Hypersphere, Maven 11, Polygon Studios, Polymer, Samsung"
Eclipse,No Code Deployment,⭐️⭐️⭐️⭐️⭐️,https://twitter.com/EclipseFND   https://discord.gg/PVcbxdqj6r   https://www.eclipse.builders/,,$ 21M,"CoinList, Infinity Ventures, Polychain, Soma Capital, Tabiya, Tribe Capital"
Caldera,No Code Deployment,⭐️⭐️⭐️⭐️⭐️,https://twitter.com/calderaxyz   https://discord.com/invite/9KDXrWE48t   https://www.caldera.xyz/,,$ 24M,"1kx, Alliance DAO, Dragonfly Capital, Ethereal Ventures, Lattice Capital, Sequoia Capital, SevenX Ventures"
Airchains,No Code Deployment,⭐️⭐️⭐️,https://x.com/airchains_io   https://discord.com/invite/airchains   https://www.airchains.io/,,,Cogitent Ventures
Espresso,Shared Sequencer,⭐️⭐️⭐️⭐️⭐️,https://twitter.com/EspressoSys   https://discord.com/invite/DRfcHRnnBz   https://www.espressosys.com/,,$ 32M,"Alameda Research, Blockchain Capital, Coinbase, Electric Capital, Greylock, Polychain, Robot Ventures, Sequoia Capital"
Dymension,Shared Sequencer,⭐️⭐️⭐️⭐️⭐️,https://twitter.com/dymensionXYZ   https://discord.gg/dymension   https://dymension.xyz/,,$ 6.7M,"Big Brain Holdings, DraftKings, Matchbox, Shalom Meckenzie, Stratos"
Rádius,Shared Sequencer,⭐️⭐️⭐️⭐️,https://twitter.com/radius_xyz   https://discord.com/invite/wdS6k4wz9H   https://www.theradius.xyz/,,$ 1.7M,"Crypto.com, Hashed, LambdaClass, Superscrypt"
Madara,Shared Sequencer,⭐️⭐️⭐️⭐️,https://twitter.com/MadaraStarknet   https://docs.madara.wtf/,,,
Astria,Shared Sequencer,⭐️⭐️⭐️⭐️,https://twitter.com/AstriaOrg   https://www.astria.org/,,,
Neutron,Wasm  SDK,⭐️⭐️⭐️⭐️,https://twitter.com/Neutron_org   https://discord.com/invite/zRT2ZkQsxA   https://neutron.org/,NTRN,$ 10M," LongHash Ventures, Binance Labs, CoinFund, Delphi Digital, Nomad Capital, Semantic Ventures"
Rooch Network,Move VM,⭐️⭐️⭐️⭐️,https://twitter.com/RoochNetwork   https://discord.com/invite/rooch   https://rooch.network/,,,
Fluent,Modular Execution,⭐️⭐️⭐️,https://x.com/fluentxyz   https://discord.com/invite/fluentlabs   https://fluent.xyz/,,,
RISC Zero,ZK VM,⭐️⭐️⭐️⭐️⭐️,https://twitter.com/RiscZero   https://discord.com/invite/risczero   https://www.risczero.com/,,$ 52M," Figment Capital, Alchemy Ventures, Bain Capital, Big Brain Holdings, Blockchain Capital, D1 Ventures, Delphi Digital, Fenbushi Capital, Galaxy Digital, Geometry, IOBC Capital, IOSG Ventures, Maven 11"
Polymer Labs,ZK-IBC SDK,⭐️⭐️⭐️⭐️⭐️,https://twitter.com/polymerdao   https://discord.gg/hvMQp4qcM6   https://www.polymerlabs.org/,,$ 26.6M," Figment Capital,  LongHash Ventures, Blockchain Capital, Coinbase, D1 Ventures, DCG, DFG, Distributed Global, Maven 11, North Island, Placeholder, Signum Capital, The LAO, Wintermute"
Vistara,Light Client,⭐️⭐️⭐️,https://twitter.com/vistaralabs   https://discord.com/invite/D4kJkCAgQE   https://www.vistara.dev/,,,
Manta Pacific,OP Rollup,⭐️⭐️⭐️⭐️⭐️,https://twitter.com/MantaNetwork   https://discord.com/invite/mantanetwork   https://manta.network/,,$ 31.6M," LongHash Ventures, Alliance DAO, CMS Holdings, CoinFund, GenBlock Capital, Global Coin Research, Hypersphere, Multicoin, ParaFi Capital, Polychain, Qiming Venture, SNZ Holding, SevenX Ventures, Spartan Group, Zee Prime Capital"
Taro,OP Rollup,⭐️⭐️⭐️,https://twitter.com/Calderaxyz   https://tarotestnet.com/,,,Caldera
thirdweb,Web3 Hosting Service,⭐️⭐️⭐️⭐️⭐️,https://twitter.com/thirdweb   https://discord.com/invite/thirdweb   https://thirdweb.com/,,$ 29M,"Coinbase, Haun Ventures, Polygon Labs, Protocol Labs, Shopify, Shrug Capital"
Celestia,Data Availability Layer,⭐️⭐️⭐️⭐️⭐️,https://twitter.com/CelestiaOrg   https://discord.com/invite/YsnTPcSfWQ   https://celestia.org/,TIA,$ 56M,"A&T Capital, Binance Labs, Blockchain Capital, Delphi Digital, Galaxy Digital, IOSG Ventures, Jump Crypto, Maven 11, OKX Ventures, Protocol Labs, Spartan Group"
Axelar,CrossChain SDK,⭐️⭐️⭐️⭐️⭐️,https://twitter.com/axelarcore   https://discord.com/invite/aRZ3Ra6f7D   https://axelar.network/,AXL,$ 35M,"Binance Labs, Coinbase, Dragonfly Capital, Polychain"
Hyperlane,CrossChain SDK,⭐️⭐️⭐️⭐️⭐️,https://twitter.com/hyperlane_xyz   https://discord.gg/VK9ZUy3aTV   https://www.hyperlane.xyz/,,$ 18.5M," Figment Capital, Blockdaemon, Circle Ventures, CoinFund, Crypto Investor, Galaxy Digital, Kraken Ventures"
Orb Labs,CrossChain SDK,⭐️⭐️⭐️⭐️,https://twitter.com/0xOrbLabs   https://discord.com/invite/7jETqRMBRc   https://www.orblabs.xyz/,,$ 4.5M,"6MV, Bain Capital, Modular Capital, Newman, SevenX Ventures, Shima Capital"