﻿Name,Category,Rating Index,Link | Click the Link Text,Token," Raised",Investor
Clave,AA Wallet,⭐️⭐️⭐️⭐️,https://twitter.com/getclave   https://getclave.io/,,,ETHGlobal Hackathon
zkBridge,CrossChain Bridge,⭐️⭐️⭐️⭐️⭐️,https://twitter.com/PolyhedraZK   https://discord.com/invite/WkjUe5tfZP   https://zkbridge.com/,,$ 25M,"ABCDE Capital, Animoca Brands, Arcane, Binance Labs, Foresight Ventures, HashKey Capital, Kucoin, NGC Ventures, Polychain, Sparkle"
Superbridge,CrossChain Aggregator,⭐️⭐️⭐️,https://twitter.com/superbridgeapp   https://superbridge.app/,,,
Uniswap V4 Sandbox,Uniswap V4 Hooks,⭐️⭐️⭐️⭐️,https://twitter.com/UniswapFND   https://discord.com/invite/FCfyBSbCU5   https://docs.uniswapfoundation.org/overview/conduit-testnet,,,"Conduit, Uniswap"
MUD,Game Engine,⭐️⭐️⭐️⭐️⭐️,https://twitter.com/latticexyz   https://discord.com/invite/CzXAgtFqgq   https://lattice.xyz/,,,
Keystone EVM,Game Engine,⭐️⭐️⭐️⭐️,https://twitter.com/0xcurio   https://discord.com/invite/JASMvuTDaf   https://www.curio.gg/,,$ 2.9M,"Bain Capital, Formless Capital, Robot Ventures, Smrti Labs, TCG Crypto"
OP Craft,Fully Onchain Game,⭐️⭐️⭐️⭐️,https://twitter.com/latticexyz   https://discord.com/invite/CzXAgtFqgq   https://opcraft.mud.dev/?ref=dev.optimism.io,,,Lattice
Giant Leap,Fully Onchain Game,⭐️⭐️⭐️,https://twitter.com/giantleapgg   https://discord.com/invite/2YxDpucg8Y   https://giantleap.gg/,,,
Words3,Fully Onchain Game,⭐️⭐️⭐️,https://twitter.com/0xsmallbrain   https://www.words3.xyz/,,,
Dark Seas,Fully Onchain Game,⭐️⭐️⭐️,https://twitter.com/DarkSeasGame,,,
Muddy Forest,Fully Onchain Game,⭐️⭐️⭐️,https://twitter.com/muddyforest_eth   https://discord.com/invite/xrCME4Qfyk   https://muddyforest.tetrationlab.com/,,,
Moving Castles,Fully Onchain Game,⭐️⭐️⭐️,https://twitter.com/movingcastles_   https://discord.com/invite/USH976PyXJ   https://movingcastles.world/,,,
Sky Strife,Fully Onchain Game,⭐️⭐️⭐️,https://twitter.com/skystrifeHQ   https://discord.com/invite/Q28H4CMSYM   https://skystrife.xyz/,,,Lattice
Worldcoin,Digital ID,⭐️⭐️⭐️⭐️⭐️,https://twitter.com/worldcoin   https://discord.com/invite/toolsforhumanity   https://worldcoin.org/,WLD,$ 240M,"1confirmation, Bain Capital, Blockchain Capital, CoinFund, Coinbase, DCG, Distributed Global, Hypersphere, Khosla Ventures, Kinetic Capital, Multicoin, Variant Fund, a16z"
Hepton,"ETH Sidechain, Rollup-as-a-Service",⭐️⭐️,https://twitter.com/HeptonL3   https://discord.com/invite/VDvc4bK2q6   https://www.hepton.io/,HTE,,
Concrete,Rollup Stack,⭐️⭐️⭐️,https://twitter.com/therealbytes   https://discord.com/invite/xW4unzxbqT,,,
Gelato,No Code Deployment,⭐️⭐️⭐️⭐️⭐️,https://twitter.com/gelatonetwork   https://discord.com/invite/ApbA39BKyJ   https://www.gelato.network/,GEL,$ 17.2M,"D1 Ventures, Dragonfly Capital, Galaxy Digital, IDEO CoLab, IOSG Ventures, ParaFi Capital"
Conduit,No Code Deployment,⭐️⭐️⭐️⭐️⭐️,https://twitter.com/conduitxyz   https://discord.com/invite/X5Yn3NzVRh   https://conduit.xyz/,,$ 44M,"Bankless, Coinbase, Haun Ventures, Paradigm, Robot Ventures"
Caldera,No Code Deployment,⭐️⭐️⭐️⭐️⭐️,https://twitter.com/calderaxyz   https://discord.com/invite/9KDXrWE48t   https://www.caldera.xyz/,,$ 24M,"1kx, Alliance DAO, Dragonfly Capital, Ethereal Ventures, Lattice Capital, Sequoia Capital, SevenX Ventures"
Zeeve,No Code Deployment,⭐️⭐️⭐️,https://x.com/0xZeeve   https://discord.com/invite/6GjqQ78bBz   https://www.zeeve.io/,,$ 1M,Expert Dojo
Espresso,Shared Sequencer,⭐️⭐️⭐️⭐️⭐️,https://twitter.com/EspressoSys   https://discord.com/invite/DRfcHRnnBz   https://www.espressosys.com/,,$ 32M,"Alameda Research, Blockchain Capital, Coinbase, Electric Capital, Greylock, Polychain, Robot Ventures, Sequoia Capital"
Rádius,Shared Sequencer,⭐️⭐️⭐️⭐️,https://twitter.com/radius_xyz   https://discord.com/invite/wdS6k4wz9H   https://www.theradius.xyz/,,$ 1.7M,"Crypto.com, Hashed, LambdaClass, Superscrypt"
O(1) Labs,zkRollup SDK,⭐️⭐️⭐️⭐️⭐️,https://twitter.com/o1_labs   https://o1labs.org/,,"$ 140M ","3AC, Amber Group, Bixin Ventures, Blockchain.com, Brevan Howard Digital, Circle Ventures, Coinbase, Dragonfly Capital, Electric Capital, FTX, Fenbushi Capital, General Catalyst, Hack VC, HashKey Capital, IOSG Ventures, LD Capital, Multicoin, NGC Ventures, Pantera Capital, Paradigm, Polychain, RedlineDAO, SNZ Holding, Signum Capital"
RISC Zero,ZK VM,⭐️⭐️⭐️⭐️⭐️,https://twitter.com/RiscZero   https://discord.com/invite/risczero   https://www.risczero.com/,,$ 52M," Figment Capital, Alchemy Ventures, Bain Capital, Big Brain Holdings, Blockchain Capital, D1 Ventures, Delphi Digital, Fenbushi Capital, Galaxy Digital, Geometry, IOBC Capital, IOSG Ventures, Maven 11"
Magi,Consensus Client,⭐️⭐️⭐️⭐️⭐️,https://twitter.com/a16zcrypto   https://a16zcrypto.com/,,,a16z
OP Erigon,Execution Client,⭐️⭐️⭐️⭐️,https://twitter.com/testinprod_io   https://discord.com/invite/42DFTeZwUZ   https://www.testinprod.io/,,,
COMBO Network,OP Rollup,⭐️⭐️⭐️⭐️⭐️,https://twitter.com/combonetworkio   https://discord.com/invite/ADj3BsXWvD   https://combonetwork.io/,COMBO,$ 40M,"Binance Labs, NGC Ventures"
Mantle,OP Rollup,⭐️⭐️⭐️⭐️⭐️,https://twitter.com/0xMantle   https://discord.com/invite/0xMantle   https://www.mantle.xyz/,MNT/mETH,$ 230M,"BitDAO, Bybit, Dragonfly Capital, Founders Fund, Jump Crypto, Pantera Capital, Spartan Group"
Manta Pacific,OP Rollup,⭐️⭐️⭐️⭐️⭐️,https://twitter.com/MantaNetwork   https://discord.com/invite/mantanetwork   https://manta.network/,,$ 31.6M," LongHash Ventures, Alliance DAO, CMS Holdings, CoinFund, GenBlock Capital, Global Coin Research, Hypersphere, Multicoin, ParaFi Capital, Polychain, Qiming Venture, SNZ Holding, SevenX Ventures, Spartan Group, Zee Prime Capital"
DeBank Chain,OP Rollup,⭐️⭐️⭐️⭐️⭐️,https://twitter.com/DeBankDeFi   https://discord.com/invite/KYuj8DE   https://debank.com/,,$ 25M,"A&T Capital, Circle Ventures, Coinbase, Crypto.com, Delphi Digital, Dragonfly Capital, Fenbushi Capital, HashKey Capital, Hashed, Ledger Capital, Sequoia Capital, SevenX Ventures, The LAO, Youbi Capital"
Celo,OP Rollup,⭐️⭐️⭐️⭐️⭐️,https://twitter.com/CeloOrg   https://discord.com/invite/celo   https://celo.org/,CELO,$ 66.5M,"Coinbase, Dragonfly Capital, Electric Capital, Greenfield, Hack VC, Lakestar, Polychain, SV Angel, a16z"
Zora Network,OP Rollup,⭐️⭐️⭐️⭐️⭐️,https://twitter.com/ZORAEngineering   https://zora.energy/,,$ 52M,"Coinbase, Haun Ventures, Kindred Ventures, Paradigm, Variant Fund"
opBNB,OP Rollup,⭐️⭐️⭐️⭐️⭐️,https://twitter.com/BNBCHAIN   https://discord.com/invite/QRTQvfhADQ   https://opbnb.bnbchain.org/en,BNB,,Binance Labs
Base,OP Rollup,⭐️⭐️⭐️⭐️⭐️,https://twitter.com/BuildOnBase   https://discord.com/invite/buildonbase   https://base.org/,,,Coinbase
Redstone,OP Rollup,⭐️⭐️⭐️⭐️,https://twitter.com/redstonexyz   https://redstone.xyz/,,,Lattice
ROLLUX,OP Rollup,⭐️⭐️⭐️⭐️,https://twitter.com/RolluxL2   https://discord.com/invite/rollux   https://rollux.com/,SYS,,
Peer Protocol,OP Rollup,⭐️⭐️⭐️⭐️,https://twitter.com/getpipcom   https://discord.com/invite/pip   https://www.getpip.com/,PIP,,"Alameda Research, Binance Incubation, CMS Holdings, Coinbase, GBV Capital, Galaxy Digital"
Aevo Chain,OP Rollup,⭐️⭐️⭐️⭐️,https://twitter.com/aevoxyz   https://discord.com/invite/ribbon-finance   https://www.aevo.xyz/,,,Ribbon Finance
Lyra Chain,OP Rollup,⭐️⭐️⭐️⭐️,https://twitter.com/lyrafinance   https://discord.com/invite/P49mj6UbmC   https://www.lyra.finance/,LYRA,$ 6.6M,"Alliance DAO, Apollo Crypto, Divergence, Framework, GSR, Magnet Capital, ParaFi Capital, Robot Ventures"
PGN,OP Rollup,⭐️⭐️⭐️⭐️,https://twitter.com/pgn_eth   https://t.me/+aR__6QhfEWs3ZTcx   https://publicgoods.network/,,,Gitcoin
Loot Chain,OP Rollup,⭐️⭐️⭐️⭐️,https://twitter.com/GoldAdventure   https://discord.com/invite/phSq2EuusS   https://adventuregold.org/,,,Adventure Gold
Ancient8 Chain,OP Rollup,⭐️⭐️⭐️,https://twitter.com/Ancient8_gg   https://discord.com/invite/ancient8   https://ancient8.gg/,,,Ancient8
Karak,OP Rollup,⭐️⭐️⭐️,https://twitter.com/Karak_Network   https://karak.network/,,,
Synapse Chain,OP Rollup,⭐️⭐️⭐️,https://twitter.com/SynapseProtocol   https://discord.gg/synapseprotocol   https://synapseprotocol.com/,,,Synapse Labs
Magma,OP Rollup,⭐️⭐️⭐️,https://twitter.com/UniDexFinance   https://discord.com/invite/WzJPSjGj4h   https://unidex.exchange/,,,UniDex
Mode Network,OP Rollup,⭐️⭐️⭐️,https://twitter.com/modenetwork   https://discord.com/invite/ModeNetwork   https://www.mode.network/,MODE,,
Taro,OP Rollup,⭐️⭐️⭐️,https://twitter.com/Calderaxyz   https://tarotestnet.com/,,,Caldera
Kroma,ZK Rollup,⭐️⭐️⭐️,https://twitter.com/kroma_network   https://discord.com/invite/kroma   https://kroma.network/,,,
Celestia,Data Availability Layer,⭐️⭐️⭐️⭐️⭐️,https://twitter.com/CelestiaOrg   https://discord.com/invite/YsnTPcSfWQ   https://celestia.org/,TIA,$ 56M,"A&T Capital, Binance Labs, Blockchain Capital, Delphi Digital, Galaxy Digital, IOSG Ventures, Jump Crypto, Maven 11, OKX Ventures, Protocol Labs, Spartan Group"
Cookbook,Solidity Libraries,⭐️⭐️⭐️⭐️⭐️,https://x.com/cookbook_dev   https://discord.com/invite/cookbookdev   https://www.cookbook.dev/,,,