﻿Name,Category,Rating Index,Link | Click the Link Text,Token," Raised",Investor
OKX Wallet,"Extension Wallet, Mobile Wallet",⭐️⭐️⭐️⭐️⭐️,https://twitter.com/okxweb3   https://discord.com/invite/pXmtxwSkNB   https://www.okx.com/web3,OKX,,OKX Ventures
Coinbase Wallet,"Extension Wallet, Mobile Wallet",⭐️⭐️⭐️⭐️⭐️,https://twitter.com/CoinbaseWallet   http://coinbase.com/wallet,,,Coinbase
MetaMask,"Extension Wallet, Mobile Wallet",⭐️⭐️⭐️⭐️⭐️,https://twitter.com/MetaMask   https://metamask.io/,,$ 725M,ConsenSys Mesh
BitKeep Wallet,"Extension Wallet, Mobile Wallet",⭐️⭐️⭐️⭐️,https://twitter.com/BitKeepOS   https://discord.com/invite/gUQB7gUarR   https://bitkeep.com/,BKB,$ 45M,"A&T Capital, Bitget, Bixin Ventures, DHVC, Dragonfly Capital, Foresight Ventures, Kucoin, Matrix Partners, Matrixport, SevenX Ventures"
FoxWallet,Mobile Wallet,⭐️⭐️⭐️,https://twitter.com/FoxWallet   http://discord.gg/DeT46k7538   http://foxwallet.com,,,
iZiSwap,"DLAMM DEX, Yield Optimizer",⭐️⭐️⭐️⭐️,https://twitter.com/izumi_Finance   https://discord.com/invite/vUFpSwxTzz   https://izumi.finance/home,IZI,$ 22M,"Bella Protocol, Incuba Alpha, NextGen Digital, Unicode Digital"
Rubydex,Perpetual Market,⭐️⭐️⭐️,https://twitter.com/Ruby_Dex   https://discord.com/invite/eB5YWFtvFs   https://rubydex.com/en,,,
EigenLayer,"RaaS SDK, Restaking",⭐️⭐️⭐️⭐️⭐️,https://twitter.com/eigenlayer   https://discord.com/invite/eigenlayer   https://www.eigenlayer.xyz/,,$ 64.5M," Figment Capital, Bixin Ventures, Blockchain Capital, Coinbase, Electric Capital, Ethereal Ventures, Finality Capital, Hack VC, Hash3, IOSG Ventures, P2P Validator, Polychain, Polygon Ventures, Robot Ventures, dao5"
LAW Chain,Synthetic Assets,⭐️⭐️⭐️,https://twitter.com/BlockngO   https://discord.com/invite/hgJfaDrKWN   https://opside.testnet.blockng.money/#/,,,
Ivy Market,NFT Marketplace,⭐️⭐️⭐️,https://twitter.com/IvyMarket   https://discord.com/invite/UCwWxqPqKS   https://ivymarket.io/,,,
Elfin Kingdom,Gaming Station,⭐️⭐️⭐️⭐️,https://twitter.com/ElfinGames   https://discord.com/invite/73TswTvRgp   https://www.elfin.games/home,,$ 5.25M,"Alameda Research, Binance Labs, IOBC Capital, Merit Circle"
Karmaverse,Gaming Station,⭐️⭐️⭐️⭐️,https://twitter.com/Karmaverse_io   https://discord.com/invite/hV5crBt5Uu   https://karmaverse.io/,KNOT,$ 8M,"A&T Capital, Foresight Ventures, GSR, HashKey Capital, Infinity Ventures, NFX, OKX Ventures, Polygon Labs"
DegenReborn,Fully Onchain Game,⭐️⭐️⭐️⭐️,https://twitter.com/DegenReborn   https://t.me/DegenRebornCommunity   https://degenreborn.xyz/,,,"CyberConnect, Era7, Galxe"
CryptoBlades,PVP Game,⭐️⭐️⭐️⭐️,https://twitter.com/CryptoBlades   https://discord.com/invite/cryptoblades   https://www.cryptoblades.io/,SKILL,$ 4M,"Animoca Brands, Ankr, Master Ventures, Tenzor Capital"
Mhaya Brands,PVP Game,⭐️⭐️⭐️⭐️,https://twitter.com/Mhaya_Official   https://discord.com/invite/ZH2B9CvTuA,,$ 5M,Firestone Global
Era7,"PVP Game, ZK Rollup",⭐️⭐️⭐️⭐️,https://twitter.com/Era7_official   https://discord.com/invite/hgJfaDrKWN   https://www.era7.io/#/,ERA,,"Gate Labs, HashKey Capital, Huobi"
TownStory,SIM  Game,⭐️⭐️⭐️,https://twitter.com/townstorygamefi   https://discord.com/invite/2MW5Gwczvb   https://townstory.io/,,,
Jackbot Club,Card Game,⭐️⭐️⭐️,https://twitter.com/jackbotclub   https://discord.com/invite/jackbotclub   https://jackbotclub.com/,,,
XThrill,GameFi,⭐️⭐️⭐️,https://twitter.com/XThrill_ZK   https://discord.com/invite/2eEDFVWPHg,,,
ReadON,Creators Platform,⭐️⭐️⭐️⭐️,https://twitter.com/ReadOnMe3   https://discord.com/invite/readon   https://readon.me/,,$ 2M,"CyberConnect, Foresight Ventures, HashKey Capital, SevenX Ventures, Sky9 Capital"
Bware Labs,"Nodes Operator, OnChain Data Indexing, RPC Operator",⭐️⭐️⭐️⭐️,https://twitter.com/BwareLabs   https://discord.com/invite/bwarelabs   https://bwarelabs.com/,INFRA,$ 7.2M,Alchemy
Port3 Network,OAT/POAP Platform,⭐️⭐️⭐️⭐️,https://twitter.com/Port3Network   https://discord.com/invite/JV5gT5cGCk   https://port3.io/,,$ 3M,"Cogitent Ventures, Jump Crypto, Kucoin, Lapin Digital, SNZ Holding, ViaBTC Capital"
Karmaverse,OAT/POAP Platform,⭐️⭐️⭐️,https://twitter.com/Metopia_xyz   https://discord.com/invite/yTseCeHNEk   https://metopia.xyz/,,,
Topia,dStorage,⭐️⭐️⭐️,https://twitter.com/TopiaLayer2   https://discord.com/invite/TopiaL2   https://topia.network/,,,
Celestia,Data Availability Layer,⭐️⭐️⭐️⭐️⭐️,https://twitter.com/CelestiaOrg   https://discord.com/invite/YsnTPcSfWQ   https://celestia.org/,TIA,$ 56M,"A&T Capital, Binance Labs, Blockchain Capital, Delphi Digital, Galaxy Digital, IOSG Ventures, Jump Crypto, Maven 11, OKX Ventures, Protocol Labs, Spartan Group"