﻿Name,Category,Rating Index,Link | Click the Link Text,Token," Raised",Investor
MetaMask,"Extension Wallet, Mobile Wallet",⭐️⭐️⭐️⭐️⭐️,https://twitter.com/MetaMask   https://metamask.io/,,$ 725M,ConsenSys Mesh
Leap Wallet,"Extension Wallet, Mobile Wallet",⭐️⭐️⭐️⭐️,https://twitter.com/leap_wallet   https://discord.com/invite/HuZWPH6zHk   https://www.leapwallet.io/,,,
Trust,"Extension Wallet, Mobile Wallet",⭐️⭐️⭐️⭐️,https://twitter.com/trustwallet   https://t.me/trust_announcements   https://trustwallet.com/,TWT,,
XDEFI Wallet,Extension Wallet,⭐️⭐️⭐️⭐️,https://twitter.com/xdefi_wallet   https://discord.com/invite/xdefiwallet   https://www.xdefi.io/,XDEFI,,
HaHa Wallet,Mobile Wallet,⭐️⭐️,https://twitter.com/haha_app/   https://discord.gg/8tmxfC8X8q   https://www.haha.me/,,,
Biconomy,AA Wallet,⭐️⭐️⭐️⭐️,https://twitter.com/biconomy   https://discord.com/invite/biconomy   https://www.biconomy.io/,BICO,$ 10.5M,"Binance Labs, CoinFund, Coinbase, DACM, Fenbushi Capital, GenBlock Capital, Huobi, Ledger Prime"
Ledger,Hardware Wallet,⭐️⭐️⭐️⭐️⭐️,https://twitter.com/Ledger   https://www.ledger.com/,,,
Satellite,CrossChain Bridge,⭐️⭐️⭐️⭐️⭐️,https://twitter.com/Axl_Satellite   https://discord.com/invite/aRZ3Ra6f7D   https://satellite.money/,,,Axelar
Squid,CrossChain Bridge,⭐️⭐️⭐️⭐️,https://twitter.com/squidrouter   http://discord.squidrouter.com/   https://www.squidrouter.com/,,$ 3.5M,"Axelar, Chapter One, Distributed Global, Fabric Ventures, Galileo, Noble, North Island"
SpookySwap,"AMM DEX, CrossChain Bridge",⭐️⭐️⭐️⭐️,https://twitter.com/spookyswap   https://discord.gg/spookyswap   https://spooky.fi/#/swap,BOO,,
StellaSwap,"AMM DEX, CrossChain Bridge",⭐️⭐️⭐️⭐️,https://twitter.com/StellaSwap   http://discord.stellaswap.com   https://stellaswap.com/,STELLA,,
Shade,"AMM DEX, CrossChain Bridge",⭐️⭐️⭐️,https://twitter.com/Shade_Protocol   https://discord.com/invite/ZghjpczcQF   https://shadeprotocol.io/,SHD,,
Pontoon,CrossChain DEX,⭐️⭐️⭐️,https://twitter.com/PontoonFi   https://pontoon.fi/   https://pontoon.fi/,,,
QuickSwap,AMM DEX,⭐️⭐️⭐️⭐️⭐️,https://twitter.com/QuickswapDEX   https://discord.com/invite/dSMd7AFH36   https://quickswap.exchange/,QUICK,,
CloudBase,"AMM DEX, CrossChain Bridge, Liquidity Manager, Yield",⭐️⭐️⭐️,https://twitter.com/CloudBase_Fin   https://discord.io/CloudBase-Official   https://cloudbase.finance/,,,
Ellipsis,AMM DEX,⭐️⭐️⭐️,https://twitter.com/ellipsisfi   https://t.me/ellipsisfinance   https://ellipsis.finance/,,,
Kado,"AMM DEX, Payment",⭐️⭐️⭐️,https://twitter.com/kado_money   https://t.me/joinchat/DBTEybbbFugwZjgx   https://www.kado.money/,,,
Zircon,"AMM DEX, Yield",⭐️⭐️,https://twitter.com/Zircon_Finance   https://discord.gg/wEXpaxN69m   https://www.zircon.finance/,,,
Spin,Perpetual Market,⭐️⭐️⭐️⭐️,https://twitter.com/spin_fi   https://discord.gg/spinfi   https://spin.fi/,,,
Prime,Lending,⭐️⭐️⭐️⭐️,https://twitter.com/prime_protocol   https://tr.ee/zWAFzgwy-Q   https://www.primeprotocol.xyz/,,$ 2.75M,"Framework, Jump Crypto"
Cora Protocol,Lending,⭐️⭐️,https://twitter.com/CoraProtocol   https://discord.gg/ZQzTaVDXxp   https://www.cora.money/,,,
Cedro,Omnichain Lending,⭐️⭐️⭐️,https://twitter.com/cedro_finance   https://discord.com/invite/cedrofinance   https://app.cedro.finance/#/Dashboard,,$ 1.5M,"Infinity Ventures, Mask Network, Shima Capital"
CURL,Synthetic Assets,⭐️⭐️,https://twitter.com/CURL_fi   https://discord.com/invite/pS6jxApJMk   https://curldao.com/,,,
Synthr,Synthetic Assets,⭐️⭐️,https://twitter.com/synthr_defi   https://discord.com/invite/KkUzFPanf5   https://www.synthr.io/,,,
CALC,Asset Management,⭐️⭐️,https://twitter.com/CALC_finance   https://t.me/calcprotocol   https://calculated.fi/,,,
AxelarSea,NFT Marketplace,⭐️⭐️⭐️⭐️,https://twitter.com/axelarsea   https://discord.com/invite/dUwcAj7C46   https://axelarsea.com/,,,
MintDAO,NFT Marketplace,⭐️⭐️⭐️,https://twitter.com/mintdao_io   https://discord.gg/BRF2PEetea   https://mintdao.io/,,,
Omnisea,NFT  Launchpad,⭐️⭐️⭐️⭐️,https://twitter.com/omnisea   https://discord.com/invite/omnisea   https://omnisea.org/,,,
Seedify,IGO Launchpad,⭐️⭐️⭐️⭐️,https://twitter.com/SeedifyFund   https://t.me/seedifyfund   https://seedify.fund/,SFUND,,
Modular Cloud,"Blockchain Explorer, Rollup Stack",⭐️⭐️⭐️,https://twitter.com/modularcloud1   https://explorer.modular.cloud/,,,
Chorus One,Nodes Operator,⭐️⭐️⭐️⭐️⭐️,https://twitter.com/ChorusOne   https://discord.com/invite/bQ6JWVa   https://chorus.one/,,,
Omnite,"DAO Tool, NFT Generator",⭐️⭐️⭐️,https://mobile.twitter.com/omniteonft   https://discord.omnite.io/   https://omnite.io/,,,