﻿Name,Category,Rating Index,Link | Click the Link Text,Token," Raised",Investor
OKX Wallet,"Extension Wallet, Mobile Wallet",⭐️⭐️⭐️⭐️⭐️,https://twitter.com/okxweb3   https://discord.com/invite/pXmtxwSkNB   https://www.okx.com/web3,OKX,,OKX Ventures
Coinbase Wallet,"Extension Wallet, Mobile Wallet",⭐️⭐️⭐️⭐️⭐️,https://twitter.com/CoinbaseWallet   http://coinbase.com/wallet,,,Coinbase
MetaMask,"Extension Wallet, Mobile Wallet",⭐️⭐️⭐️⭐️⭐️,https://twitter.com/MetaMask   https://metamask.io/,,$ 725M,ConsenSys Mesh
DEX Screener,DEX Pairs Charts,⭐️⭐️⭐️⭐️⭐️,https://twitter.com/dexscreener   https://discord.com/invite/ARbh55A472   https://dexscreener.com/,,,
L2BEAT,OnChain Activity Analysis,⭐️⭐️⭐️⭐️⭐️,https://twitter.com/l2beat   https://discord.com/invite/eaVKXPmtWk   https://l2beat.com/scaling/tvl,,,
Madara,Shared Sequencer,⭐️⭐️⭐️⭐️,https://twitter.com/MadaraStarknet   https://docs.madara.wtf/,,,
Revoke.cash," Security/Audits",⭐️⭐️⭐️⭐️,https://twitter.com/RevokeCash   https://discord.com/invite/revoke-cash   https://revoke.cash/,,,
Cookbook,Solidity Libraries,⭐️⭐️⭐️⭐️⭐️,https://x.com/cookbook_dev   https://discord.com/invite/cookbookdev   https://www.cookbook.dev/,,,