﻿Name,Category,Rating Index,Link | Click the Link Text,Token," Raised",Investor
OKX Wallet,"Extension Wallet, Mobile Wallet",⭐️⭐️⭐️⭐️⭐️,https://twitter.com/okxweb3   https://discord.com/invite/pXmtxwSkNB   https://www.okx.com/web3,OKX,,OKX Ventures
Coinbase Wallet,"Extension Wallet, Mobile Wallet",⭐️⭐️⭐️⭐️⭐️,https://twitter.com/CoinbaseWallet   http://coinbase.com/wallet,,,Coinbase
MetaMask,"Extension Wallet, Mobile Wallet",⭐️⭐️⭐️⭐️⭐️,https://twitter.com/MetaMask   https://metamask.io/,,$ 725M,ConsenSys Mesh
Sender,"Extension Wallet, Mobile Wallet",⭐️⭐️⭐️⭐️,https://twitter.com/SenderWallet   https://discord.com/invite/9WhejkkbZF   https://sender.org/,,$ 4.5M,"Amber Group, Binance Labs, Crypto.com, D1 Ventures, Jump Crypto, Pantera Capital, SevenX Ventures, Shima Capital, WOO Network"
Trust,"Extension Wallet, Mobile Wallet",⭐️⭐️⭐️⭐️,https://twitter.com/trustwallet   https://t.me/trust_announcements   https://trustwallet.com/,TWT,,
Taho,Extension Wallet,⭐️⭐️⭐️⭐️,https://twitter.com/taho_xyz   https://discord.com/invite/f5G36jeKb2   https://taho.xyz/,,,Gitcoin Beta Round
XDEFI Wallet,Extension Wallet,⭐️⭐️⭐️⭐️,https://twitter.com/xdefi_wallet   https://discord.com/invite/xdefiwallet   https://www.xdefi.io/,XDEFI,,
BitKeep Wallet,"Extension Wallet, Mobile Wallet",⭐️⭐️⭐️⭐️,https://twitter.com/BitKeepOS   https://discord.com/invite/gUQB7gUarR   https://bitkeep.com/,BKB,$ 45M,"A&T Capital, Bitget, Bixin Ventures, DHVC, Dragonfly Capital, Foresight Ventures, Kucoin, Matrix Partners, Matrixport, SevenX Ventures"
Rabby Wallet,Extension Wallet,⭐️⭐️⭐️,https://twitter.com/Rabby_io   https://discord.com/invite/seFBCWmUre   https://rabby.io/,,,
BlockWallet,Extension Wallet,⭐️⭐️⭐️,https://twitter.com/GetBlockWallet   https://discord.com/invite/JNg7FuuGUh?utm_medium=social&utm_source=linktree&utm_campaign=join+discord   http://blockwallet.io,BLANK,$ 1.8M,"GBV Capital, Kyros Ventures, SevenX Ventures, Spark Digital, Woodstock"
Kresus,"Mobile Wallet, Social Recovery Wallet",⭐️⭐️⭐️⭐️,https://twitter.com/Kresusofficial   https://discord.com/invite/m9nhCjc3fq   https://www.kresus.com/,,$ 26M,"Bpifrance, Craft Ventures, Franklin Templeton, Liberty City Ventures, Winklevoss Capital"
TokenPocket,"Hardware Wallet, Mobile Wallet",⭐️⭐️⭐️⭐️,https://twitter.com/TokenPocket_TP   https://discord.com/invite/NKPM8TXFQk   https://www.tokenpocket.pro/,TPT,,
Shield Protocol,Mobile Wallet,⭐️⭐️⭐️⭐️,https://twitter.com/shield2protocol   https://t.me/shield2protocol   https://shieldprotocol.org/,SHIELD,,
HyperPay,"Hardware Wallet, Mobile Wallet",⭐️⭐️⭐️⭐️,https://twitter.com/HyperPay_tech   https://t.me/HyperPay_En   https://www.hyperpay.tech/,HPY,,
Rainbow,Mobile Wallet,⭐️⭐️⭐️⭐️,https://twitter.com/rainbowdotme   https://rainbow.me/,,$ 19.5M,"6th Man Ventures, Collab+Currency, FinTech Collective, Seven Seven Six, Y Combinator"
MathWallet,"Extension Wallet, Mobile Wallet",⭐️⭐️⭐️⭐️,https://twitter.com/Mathwallet   https://discord.gg/gXSfnk5eP5   https://mathwallet.org/,MATH,$ 21M,"Alameda Research, Amber Group, Binance Incubation, Multicoin"
Coin98,"Extension Wallet, Mobile Wallet",⭐️⭐️⭐️⭐️,https://twitter.com/coin98_wallet   https://discord.com/invite/ytkeARXYu9   http://coin98.com,C98,,
imToken,Mobile Wallet,⭐️⭐️⭐️⭐️,https://twitter.com/imTokenOfficial   http://discord.com/invite/imToken   http://token.im,,,
Pillar Wallet,Mobile Wallet,⭐️⭐️⭐️,https://twitter.com/PillarWallet   https://discord.com/invite/cke6aYnFjG   https://www.pillar.fi/,PLR,,
iToken,Mobile Wallet,⭐️⭐️⭐️,https://twitter.com/iTokenWallet   https://discord.com/invite/UFsMeFCnyk?utm_source=Twitter   https://www.itoken.com/,,,
Omni,Mobile Wallet,⭐️⭐️⭐️,https://twitter.com/omnidotapp   https://discord.com/invite/ZtdgjSEnRy   https://omni.app/,,,
Minerva,Mobile Wallet,⭐️⭐️⭐️,https://twitter.com/MinervaWallet   https://discord.com/invite/UzKcmMZNjm   https://minerva.digital/,MIVA,,
Infinity Wallet,Mobile Wallet,⭐️⭐️⭐️,https://twitter.com/InfinityWallet   https://discord.com/invite/SgNjKzF   https://infinitywallet.io/,,,
FoxWallet,Mobile Wallet,⭐️⭐️⭐️,https://twitter.com/FoxWallet   http://discord.gg/DeT46k7538   http://foxwallet.com,,,
AlphaWallet,Mobile Wallet,⭐️⭐️⭐️,https://twitter.com/alphawallet   http://discord.com/invite/mx23YWRTYf   https://alphawallet.com,,,
Assure ,Mobile Wallet,⭐️⭐️⭐️,https://mobile.twitter.com/Assure_pro   https://discord.com/invite/39qdzJZnCY   https://www.assure.pro/#/,,,
Be Unstoppable,Mobile Wallet,⭐️⭐️,https://twitter.com/unstoppablebyhs   https://discord.com/invite/3uECHQ3cEk   https://unstoppable.money/,,,
Cwallet,Mobile Wallet,⭐️⭐️,https://twitter.com/cctip_com   https://discord.com/invite/Kc92hxfSaT   https://cwallet.com/,,,
Mt Pelerin,Mobile Wallet,⭐️⭐️,https://twitter.com/mtpelerin   https://discord.com/invite/WErDKTvMr7   https://www.mtpelerin.com/start,,,
Sequence,"Game SDK, Social Recovery Wallet",⭐️⭐️⭐️⭐️⭐️,https://twitter.com/0xsequence   https://discord.com/invite/sequence   https://sequence.xyz/,,$ 53M,"BITKRAFT, Brevan Howard Digital, CMT Digital, Initialized Capital, Morgan Creek Digital, Polygon Labs, Sky9 Capital, Take-Two, Ubisoft"
Mass,AA Wallet,⭐️⭐️⭐️⭐️,https://twitter.com/massdotmoney   https://discord.com/invite/MassDotMoney   https://mass.money/,,$ 7.5M,"CMT Digital, Kenetic Capital, Maven Capital, Republic Capital"
DappOS,AA Wallet,⭐️⭐️⭐️⭐️,https://twitter.com/dappOS_com   https://discord.com/invite/sEtcYb9FgT   https://dappos.com/,,,Binance Incubation
Biconomy,AA Wallet,⭐️⭐️⭐️⭐️,https://twitter.com/biconomy   https://discord.com/invite/biconomy   https://www.biconomy.io/,BICO,$ 10.5M,"Binance Labs, CoinFund, Coinbase, DACM, Fenbushi Capital, GenBlock Capital, Huobi, Ledger Prime"
OpenBlock,MPC Wallet,⭐️⭐️⭐️⭐️,https://twitter.com/OpenBlockWallet   https://discord.com/invite/EhsKYbvtJx   https://openblock.com/,,,
Triangle,"Faucet Platform, MPC Wallet",⭐️⭐️⭐️,https://twitter.com/triangleplatfrm   https://discord.com/invite/triangle   https://www.triangleplatform.com/,,,
OneKey,Hardware Wallet,⭐️⭐️⭐️⭐️⭐️,https://twitter.com/OneKeyHQ   https://discord.com/invite/nwUJaTzjzv   https://onekey.so/,,$ 20M," Ribbit Capital, Coinbase, Dragonfly Capital, Ethereal Ventures, Folius Ventures, Framework, IOSG Ventures, Sky9 Capital"
Ledger,Hardware Wallet,⭐️⭐️⭐️⭐️⭐️,https://twitter.com/Ledger   https://www.ledger.com/,,,
D'CENT Wallet,Hardware Wallet,⭐️⭐️⭐️⭐️,https://twitter.com/DCENTwallets   https://dcentwallet.com/,,,
Keystone,Hardware Wallet,⭐️⭐️⭐️,https://twitter.com/KeystoneWallet   https://discord.com/invite/6vEfPEJKJD   https://keyst.one/,,,
Ambire,Smart Contract Wallet,⭐️⭐️⭐️⭐️,https://twitter.com/AmbireWallet   https://discord.com/invite/nMBGJsb   https://www.ambire.com/,WALLET,,
Zapper,Portfolio Dashboard,⭐️⭐️⭐️⭐️⭐️,https://twitter.com/zapper_fi   https://discord.com/invite/JyTMfXV   https://zapper.xyz/zh,,,
Zerion,"Portfolio Dashboard, Smart Contract Wallet, Social Recovery Wallet",⭐️⭐️⭐️⭐️⭐️,https://twitter.com/zerion   https://zerion.io/discord   https://zerion.io/,,$ 12M,"Alchemy, Coinbase, Mosaic, Wintermute"
Debank,Portfolio Dashboard,⭐️⭐️⭐️⭐️⭐️,https://twitter.com/DebankDeFi   https://discord.com/invite/KYuj8DE   http://DeBank.com,,$ 25M,"A&T Capital, Circle Ventures, Crypto.com, Delphi Digital, Dragonfly Capital, Fenbushi Capital, Folius Ventures, Hash Global, HashKey Capital, Ledger Capital, Sequoia Capital, SevenX Ventures, Signum Capital, The LAO, Youbi Capital"
De.Fi," Security/Audits, Portfolio Dashboard",⭐️⭐️⭐️⭐️⭐️,https://twitter.com/dedotfi   https://t.me/DeDotFi   https://de.fi/,,,
Kryptoskatt,Portfolio Dashboard,⭐️⭐️⭐️⭐️,https://twitter.com/kryptoskatt   https://discord.com/invite/SFvUAShRv4   https://kryptoskatt.com/,,,Binance Incubation
Instadapp,"Portfolio Dashboard, Yield Optimizer",⭐️⭐️⭐️⭐️,https://twitter.com/Instadapp   https://discord.com/invite/C76CeZc   https://instadapp.io/,INST,,
Skytale,Portfolio Dashboard,⭐️⭐️⭐️,https://twitter.com/Skytale5   https://discord.com/widget?id=764084283966226452   https://skytale.finance/,,,
KeyFi,Portfolio Dashboard,⭐️⭐️⭐️,https://twitter.com/keyfi_app   https://discord.com/invite/ya3nUnnB2m   https://keyfi.com/,KEYFI,,
Banxa,Payment,⭐️⭐️⭐️⭐️⭐️,https://twitter.com/BanxaOfficial   http://banxa.com,,$ 4.5M,NGC Ventures
Ramp,Payment,⭐️⭐️⭐️⭐️,https://twitter.com/RampNetwork   https://ramp.network/about/,,,
Horus Protocol,Payment,⭐️⭐️⭐️,https://twitter.com/HorusCash   https://discord.com/invite/BGnNSHdCMr   https://horus.cash/,,,
Token Bulksender,Payment,⭐️⭐️,https://twitter.com/TokenBulksender   https://t.me/bulksender   https://bulksender.app/,,,
Utopia,Stream Payment,⭐️⭐️⭐️⭐️,https://twitter.com/utopialabs_   https://www.utopialabs.com/,,$ 23M,"Circle Ventures, Coinbase, Distributed Global, Infinity Ventures, Paradigm, YGG SEA"
Sablier,Stream Payment,⭐️⭐️⭐️,https://twitter.com/Sablier   https://discord.com/invite/bSwRCwWRsT   https://pay.sablier.finance/,,,
Cask Protocol,Stream Payment,⭐️⭐️⭐️,https://twitter.com/caskprotocol   https://discord.com/invite/mbmFKr9xeu   https://www.cask.fi/,,,
Superfluid,Stream Payment,⭐️⭐️⭐️,https://twitter.com/superfluid_hq   https://discord.com/invite/XsK7nahanQ   https://www.superfluid.finance/,,,
Mean Finance,Stream Payment,⭐️⭐️⭐️,https://twitter.com/mean_fi   https://discord.com/invite/ThfzDdn4pn/   https://mean.finance/create,,,
Request,Stream Payment,⭐️⭐️,https://twitter.com/RequestFinance   https://discord.com/invite/mknydCf2Nu   https://www.request.finance/,,,
Umbra,Privacy Payment,⭐️⭐️⭐️⭐️,https://twitter.com/UmbraCash   https://discord.com/invite/uw4y5J2p7C   https://app.umbra.cash/,,,Gitcoin Beta Round
IDriss,Social Payment,⭐️⭐️⭐️⭐️,https://twitter.com/IDriss_xyz   https://discord.com/invite/RJhJKamjw5   https://www.idriss.xyz/,,,Gitcoin Beta Round
Gnosis Safe,"MultiSig Payment, MultiSig Wallet",⭐️⭐️⭐️⭐️⭐️,https://twitter.com/safe   https://discord.com/invite/nrQVY2566v   https://safe.global/,SAFE,$ 100M,"1kx, A&T Capital, Arweave, Bixin Ventures, Blockchain Capital, Blockchain.com, Blockdaemon, Brevan Howard Digital, CMT Digital, Coinbase, ConsenSys Mesh, DCG, Fenbushi Capital, GSR, Global Coin Research, IOSG Ventures, Kraken Ventures, Lightspeed Venture, ParaFi Capital, Polygon Ventures, Republic Capital, The LAO, Tiger Global"
WalletConnect,Wallet-to-dApp,⭐️⭐️⭐️⭐️⭐️,https://twitter.com/walletconnect   https://discord.gg/kdTQHQ6AFQ   https://walletconnect.com/,,$ 23.5M,"1kx, Circle Ventures, Coinbase, ConsenSys Mesh, Shopify"
Web3Auth,Wallet-to-dApp,⭐️⭐️⭐️⭐️⭐️,https://twitter.com/web3auth   https://discord.com/invite/web3auth   http://web3auth.io,,$ 15M,"Binance Labs, Coinbase, Hashed, Kyros Ventures, LD Capital, Multicoin"
Delegate,Wallet-to-dApp,⭐️⭐️⭐️,https://twitter.com/delegatecash   https://delegate.cash/,,,
Optimism Bridge,Native Bridge,⭐️⭐️⭐️⭐️⭐️,https://twitter.com/optimismFND   https://discord-gateway.optimism.io/   https://app.optimism.io/bridge/deposit,,,
Satellite,CrossChain Bridge,⭐️⭐️⭐️⭐️⭐️,https://twitter.com/Axl_Satellite   https://discord.com/invite/aRZ3Ra6f7D   https://satellite.money/,,,Axelar
Omni Network,CrossChain Bridge,⭐️⭐️⭐️⭐️⭐️,https://twitter.com/OmniFDN   https://discord.com/invite/bKNXmaX9VD   https://omni.network/,OMNI,$ 18M,"Coinbase, DeFiance Capital, Hashed, Jump Crypto, Pantera Capital, Spartan Group"
zkBridge,CrossChain Bridge,⭐️⭐️⭐️⭐️⭐️,https://twitter.com/PolyhedraZK   https://discord.com/invite/WkjUe5tfZP   https://zkbridge.com/,,$ 25M,"ABCDE Capital, Animoca Brands, Arcane, Binance Labs, Foresight Ventures, HashKey Capital, Kucoin, NGC Ventures, Polychain, Sparkle"
Orbiter,"Cross-L1 Rollup, CrossChain Bridge",⭐️⭐️⭐️⭐️⭐️,https://twitter.com/Orbiter_Finance   http://discord.gg/hJJvXP7C73   https://www.orbiter.finance/,,,"Amber Group, GGV Capital, Lemniscap, Mask Network, Matrixport, Redpoint Ventures, StarkWare, imToken"
Wormhole,CrossChain Bridge,⭐️⭐️⭐️⭐️⭐️,https://twitter.com/wormholecrypto   https://discord.com/invite/wormholecrypto   https://www.portalbridge.com/#/transfer,,,
Connext,CrossChain Bridge,⭐️⭐️⭐️⭐️⭐️,https://twitter.com/ConnextNetwork   https://discord.com/invite/VcNFQdKuxM   https://bridge.connext.network/,NEXT,$ 21.9M," Figment Capital, 1kx, Alchemy Ventures, CMS Holdings, Coinbase, ConsenSys Mesh, Gate Labs, Hashed, Huobi, KR1, NGC Ventures, OKX Ventures, Polychain, Polygon Ventures, SNZ Holding"
Hop Protocol,CrossChain Bridge,⭐️⭐️⭐️⭐️⭐️,https://twitter.com/HopProtocol   https://discord.com/invite/PwCF88emV4   https://app.hop.exchange/,HOP,,"1confirmation, Coinbase"
Stargate,CrossChain Bridge,⭐️⭐️⭐️⭐️⭐️,https://twitter.com/StargateFinance   https://stargate.finance/discord   https://stargate.finance/,STG,,
Borderless Bitcoin,CrossChain Bridge,⭐️⭐️⭐️⭐️,https://twitter.com/borderlessbtcb   https://bitcoinbridge.network/bridge,,,
cBridge,CrossChain Bridge,⭐️⭐️⭐️⭐️,https://twitter.com/CelerNetwork   https://discord.com/invite/Trhab5w   https://cbridge.celer.network/,CELR,,"Binance Labs, Huobi, IOSG Ventures, LD Capital, LinkVC, Pantera Capital, RedlineDAO, Signum Capital, Spark Digital"
Altitude,"CrossChain Bridge, CrossChain ZAP",⭐️⭐️⭐️⭐️,https://twitter.com/AltitudeDeFi   http://discord.gg/altitude   http://altitudedefi.com,,,
Pontem,CrossChain Bridge,⭐️⭐️⭐️⭐️,https://twitter.com/PontemNetwork   http://discord.gg/44QgPFHYqs   https://bridge.liquidswap.com/,,$ 4.5M,"Alameda, Animoca Brands, Collider, Delphi Digital"
Aptos Bridge,CrossChain Bridge,⭐️⭐️⭐️⭐️,https://theaptosbridge.com/,,,
Symbiosis,"CrossChain Bridge, CrossChain ZAP",⭐️⭐️⭐️⭐️,https://twitter.com/symbiosis_fi   https://discord.gg/YHgDSJ42eG   https://symbiosis.finance/,SIS,$ 2M,"Amber Group, Binance Incubation, Binance Labs, Blockchain Capital, DAOMaker, DWF Labs, Delta Blockchain, Dragonfly Capital, Gate Labs, Injective, Kenetic Capital, Kucoin, Republic Capital, Shima Capital"
Via Protocol,CrossChain Bridge,⭐️⭐️⭐️⭐️,https://twitter.com/via_protocol   https://discord.com/invite/viaexchange   https://via.exchange/,,,Gitcoin Beta Round
Layerswap,CrossChain Bridge,⭐️⭐️⭐️⭐️,https://twitter.com/layerswap   https://discord.com/invite/KhwYN35sHy   https://www.layerswap.io/,,,
Across,CrossChain Bridge,⭐️⭐️⭐️⭐️,https://twitter.com/AcrossProtocol   https://discord.across.to/   https://across.to/,ACX,,
Meson,CrossChain Bridge,⭐️⭐️⭐️⭐️,https://twitter.com/mesonfi   https://discord.gg/meson   https://meson.fi/,,$ 12M,"Delta Blockchain, Electric Capital, UDHC"
rhino.fi,"AMM DEX, CrossChain Bridge, Liquidity Manager, Orderbook DEX",⭐️⭐️⭐️⭐️,https://twitter.com/rhinofi   https://discord.gg/FHcvMKnN   https://app.rhino.fi/bridge,DVF,$ 5.5M," LongHash Ventures, Blockchain Capital, D1 Ventures, DeFiance Capital, Delphi Digital, Fenbushi Capital, GenBlock Capital, Lightspeed Venture, ParaFi Capital, Spartan Group"
Glitter,CrossChain Bridge,⭐️⭐️⭐️,https://twitter.com/GlitterFinance   https://discord.com/invite/uxNjtr6zr8   https://glitterfinance.org/,XGLI,,"Youbi Capital, Zee Prime Capital"
Owlto Finance,CrossChain Bridge,⭐️⭐️⭐️,https://twitter.com/Owlto_Finance   https://discord.com/invite/dyArfVwdxm   https://owlto.finance/bridge,,,
Pheasant,CrossChain Bridge,⭐️⭐️⭐️,https://twitter.com/PheasantNetwork   https://discord.com/invite/pRYSEUVERT   https://pheasant.network/,,,
Interport,CrossChain Bridge,⭐️⭐️⭐️,https://twitter.com/InterportFi   https://discord.com/invite/interport   https://app.interport.fi/,ITP,,
Mover,CrossChain Bridge,⭐️⭐️⭐️,https://twitter.com/moverxyz   https://discord.com/invite/moverxyz   https://mov3r.xyz/,,,"Brilliance, DGC Capital, Master Ventures, PolkaBridge"
SWFT,CrossChain Bridge,⭐️⭐️⭐️,https://twitter.com/SwftCoin   https://swft.pro/,,,
O3 Labs,"AMM DEX, CrossChain Bridge, Mobile Wallet",⭐️⭐️⭐️,https://twitter.com/O3_Labs   https://discord.com/invite/dmckMXhWNJ   https://o3.network/#/wallet,O3,,
Poly Network,CrossChain Bridge,⭐️⭐️⭐️,https://twitter.com/PolyNetwork2   https://discord.com/invite/y6MuEnq   https://poly.network/#/,,,Huobi
Umbria,CrossChain Bridge,⭐️⭐️⭐️,https://twitter.com/NetworkUmbria   https://discord.gg/DGRMegpsD6   https://bridge.umbria.network/bridge/ethereum-arbitrum/eth,UMBR,,
deBridge,CrossChain Bridge,⭐️⭐️⭐️,https://twitter.com/deBridgeFinance   https://discord.gg/debridge   https://debridge.finance/,,,
Synapse,CrossChain Bridge,⭐️⭐️⭐️,https://twitter.com/SynapseProtocol   https://discord.gg/synapseprotocol   https://synapseprotocol.com/,SYN,$ 2M,"3AC, CMS Holdings, Immutable Capital, Mechanism Capital, Primitive Ventures"
Multichain,CrossChain Bridge,⭐️⭐️,https://twitter.com/MultichainOrg   https://t.me/anyswap   https://app.multichain.org/#/router,MULTI,,Binance Incubation
zeroDAO,CrossChain Bridge,⭐️⭐️,https://twitter.com/zerodaohq   https://discord.com/invite/TNNSxFXcgU   https://zerodao.com/,,,
Elk Finance,CrossChain Bridge,⭐️⭐️,https://twitter.com/elk_finance   https://discord.gg/4PzNmq9Uxg   https://elk.finance/,ELK,,
Beamer,CrossChain Bridge,⭐️⭐️,https://twitter.com/BeamerBridge   https://discord.com/invite/beamerbridge   https://beamerbridge.com/,,,
LI.FI,CrossChain Aggregator,⭐️⭐️⭐️⭐️⭐️,https://twitter.com/lifiprotocol   https://discord.com/invite/lifi   https://jumper.exchange/,,$ 23M,"1kx, Bloccelerate, CoinFund, Coinbase, Dragonfly Capital, Factor, Lattice Capital, Scalar Capital, Superscrypt, Theta"
Bungee,CrossChain Aggregator,⭐️⭐️⭐️⭐️,https://twitter.com/bungeeexchange?s=21   https://discord.com/invite/zfKJR8yWaH   https://www.bungee.exchange/,,,
Superbridge,CrossChain Aggregator,⭐️⭐️⭐️,https://twitter.com/superbridgeapp   https://superbridge.app/,,,
BoringDAO,CrossChain Aggregator,⭐️⭐️⭐️,https://twitter.com/TheBoringDAO   https://discord.com/invite/uNvD4e3HnM   https://www.boringdao.com/,,,
Hashflow,CrossChain DEX,⭐️⭐️⭐️⭐️,https://twitter.com/hashflow   https://discord.com/invite/hashflow   https://www.hashflow.com/,HFT,,
Magpie,CrossChain DEX,⭐️⭐️⭐️⭐️,https://twitter.com/magpieprotocol   https://discord.com/invite/CwJuFeHp6f   https://www.magpiefi.xyz/,,$ 3M,"Apollo Crypto, Big Brain Holdings, D1 Ventures, GSR, Jump Crypto, ParaFi Capital, Republic Capital"
Rubic,CrossChain DEX,⭐️⭐️⭐️⭐️,https://twitter.com/CryptoRubic   https://discord.gg/hayrHU2Tvh   https://rubic.exchange/,RBC,,
Pontoon,CrossChain DEX,⭐️⭐️⭐️,https://twitter.com/PontoonFi   https://pontoon.fi/   https://pontoon.fi/,,,
DEX Screener,DEX Pairs Charts,⭐️⭐️⭐️⭐️⭐️,https://twitter.com/dexscreener   https://discord.com/invite/ARbh55A472   https://dexscreener.com/,,,
DexGuru,DEX Pairs Charts,⭐️⭐️⭐️⭐️,https://twitter.com/dexguru   https://discord.com/invite/dPW8fzwzz9   https://dex.guru/,,$ 6M,"Bitscale Capital, D1 Ventures, Huobi, Kyber, Lemniscap, Mirana Ventures, ParaFi Capital, Shima Capital, The LAO, Wintermute"
Ave.ai,DEX Pairs Charts,⭐️⭐️⭐️⭐️,https://twitter.com/aveaiofficial   https://t.me/aveai_english   https://ave.ai/home,,,
GeckoTerminal,DEX Pairs Charts,⭐️⭐️⭐️⭐️,https://twitter.com/GeckoTerminal   https://www.geckoterminal.com/zh,,,
WOOFi,AMM DEX,⭐️⭐️⭐️⭐️⭐️,https://twitter.com/_WOOFi   https://discord.com/invite/woonetwork   https://fi.woo.org/,WOO,$ 42M,"3Commas, AscendEX, Binance Labs, Crypto.com, Dragonfly Capital, Fenbushi Capital, Gate Labs, IOSG Ventures, M-Ventures, QCP Capital, RedlineDAO, SevenX Ventures"
Balancer,"AMM DEX, Yield",⭐️⭐️⭐️⭐️⭐️,https://twitter.com/Balancer   https://discord.com/invite/ARJWaeF   https://arbitrum.balancer.fi/,BAL,$ 32.25M," LongHash Ventures, Alameda Research, Blockchain Capital, CoinFund, DeFiance Capital, Fenbushi Capital"
Uniswap,AMM DEX,⭐️⭐️⭐️⭐️⭐️,https://twitter.com/Uniswap   https://discord.com/invite/FCfyBSbCU5   https://uniswap.org/,UNI,$ 177M,"Coinbase, Paradigm"
Curve,"AMM DEX, Liquidity Manager",⭐️⭐️⭐️⭐️⭐️,https://twitter.com/CurveFinance   https://discord.com/invite/9uEHakc   https://arbitrum.curve.fi/,CRV,,
Clipper,AMM DEX,⭐️⭐️⭐️⭐️,https://twitter.com/Clipper_DEX   https://discord.com/invite/clipperDEX   https://clipper.exchange/,SAIL,$ 4M,"Alliance DAO, LD Capital, Polychain, Robot Ventures"
Velodrome,AMM DEX,⭐️⭐️⭐️⭐️,https://twitter.com/VelodromeFi   https://discord.com/invite/velodrome   https://app.velodrome.finance/,VELO,,
Roobee,"AMM DEX, CrossChain Bridge, Yield",⭐️⭐️⭐️⭐️,https://twitter.com/Roobee_invest   https://t.me/roobee_invest   https://app.roobee.finance/,,,
Slingshot,"AMM DEX, CrossChain Bridge",⭐️⭐️⭐️⭐️,https://twitter.com/SlingshotCrypto   https://discord.gg/MpDxFBKRxB   https://app.slingshot.finance/,,$ 18M," Ribbit Capital, Electric Capital, Framework, K5 Global, Shrug Capital"
Kado,"AMM DEX, Payment",⭐️⭐️⭐️,https://twitter.com/kado_money   https://t.me/joinchat/DBTEybbbFugwZjgx   https://www.kado.money/,,,
OpenXSwap,"AMM DEX, Yield",⭐️⭐️⭐️,https://twitter.com/OpenXSwaphttps://twitter.com/OpenXSwap  https://discord.com/invite/openxswap   https://openxswap.exchange/,,,
dForce,"AMM DEX, Lending",⭐️⭐️⭐️,https://twitter.com/dForcenet   https://discord.com/invite/c2PC8SM   https://dforce.network/,DF,$ 1.5M,Multicoin
DODO,PMM DEX,⭐️⭐️⭐️⭐️,https://twitter.com/BreederDodo   https://discord.com/invite/tyKReUK   https://dodoex.io/,DODO,,
PancakeSwap,"CLMM DEX, IDO Launchpad, Yield",⭐️⭐️⭐️⭐️⭐️,https://twitter.com/PancakeSwap   https://discord.com/invite/pancakeswap   https://pancakeswap.finance/,CAKE,,
Sushi,CLMM DEX,⭐️⭐️⭐️⭐️⭐️,https://twitter.com/sushiswap   https://discord.gg/CD2YdZzb7Z   https://sushi.com/,SUSHI,,
Zyberswap,CLMM DEX,⭐️⭐️⭐️⭐️,https://twitter.com/zyberswap   https://discord.com/invite/zyberswap   https://app.zyberswap.io/exchange/besttrade,ZYBER,,
iZiSwap,"DLAMM DEX, Yield Optimizer",⭐️⭐️⭐️⭐️,https://twitter.com/izumi_Finance   https://discord.com/invite/vUFpSwxTzz   https://izumi.finance/home,IZI,$ 22M,"Bella Protocol, Incuba Alpha, NextGen Digital, Unicode Digital"
1inch,DEX Aggregator,⭐️⭐️⭐️⭐️⭐️,https://twitter.com/1inch   https://discord.com/invite/1inch   https://app.1inch.io/,1INCH,,
Beethoven X,"DEX Aggregator, Liquidity Manager",⭐️⭐️⭐️⭐️,https://twitter.com/beethoven_x   https://discord.com/invite/kbPnYJjvwZ   https://op.beets.fi/,BEETS,,
Cashmere,DEX Aggregator,⭐️⭐️⭐️⭐️,https://twitter.com/CashmereLabs   https://t.me/cashmerelabs   https://cashmere.exchange/,,$ 5M,"Coinbase, CreditEase, FBG Capital, GFC, Serum, Soma Capital, Volt Capital, Y Combinator"
OpenOcean,DEX Aggregator,⭐️⭐️⭐️⭐️,https://twitter.com/OpenOceanGlobal   https://discord.gg/cxK6CCYcGp   https://openocean.finance/,OOE,,
XY Finance,"CrossChain Bridge, DEX Aggregator",⭐️⭐️⭐️⭐️,https://twitter.com/xyfinance   https://discord.gg/xyfinance   https://xy.finance/,XY,$ 12M,"Animoca Brands, Circle Ventures, Infinity Ventures, Lemniscap, Mechanism Capital"
ParaSwap,DEX Aggregator,⭐️⭐️⭐️⭐️,https://twitter.com/paraswap   https://discord.com/invite/wYePFfR   https://twitter.com/paraswap,PSP,,
ODOS,DEX Aggregator,⭐️⭐️⭐️⭐️,https://twitter.com/odosprotocol   https://www.odos.xyz/   https://www.odos.xyz/,,,
KyberSwap,"DEX Aggregator, Yield",⭐️⭐️⭐️⭐️,https://twitter.com/KyberNetwork   https://discord.com/invite/NB3vc8J9uv   https://kyberswap.com/#/,KNC,,"DHVC, FBG Capital, Fenbushi Capital, GenBlock Capital, Hashed, HyperChain Capital, IOSG Ventures, Pantera Capital, ParaFi Capital, Signum Capital"
WardenSwap,DEX Aggregator,⭐️⭐️⭐️,https://twitter.com/WardenSwap   https://discord.com/invite/NdBymRxmxa   https://www.wardenswap.com/,WAD,,
ZeroSwap,DEX Aggregator,⭐️⭐️⭐️,https://twitter.com/ZeroSwapLabs   https://discord.com/invite/7mKWgHVhTT   https://app.zeroswap.io/swap,ZEE,,
zkLink/ZKEX,Orderbook DEX,⭐️⭐️⭐️⭐️⭐️,https://twitter.com/ZKEX_Official   https://discord.com/invite/ctDAYrrNTH   https://zkex.com/,,$ 18.5M,"Ascensive Assets, Big Brain Holdings, Coinbase, Efficient Frontier, SIG DTI"
Oku Trade,Orderbook DEX,⭐️⭐️⭐️⭐️,https://twitter.com/okutrade   https://discord.com/invite/wak5gvc8dc   https://oku.trade/,,,Uniswap
Dexilla,Orderbook DEX,⭐️⭐️⭐️,https://twitter.com/DexillaDAO   https://discord.com/invite/qgErgSduAx   http://dexilla.com/,,,
Rubicon,Orderbook DEX,⭐️⭐️⭐️,https://twitter.com/rubicondefi   https://discord.com/invite/E7pS24J   https://app.rubicon.finance/trade,,,
Symphony,Orderbook DEX,⭐️⭐️⭐️,https://twitter.com/SymphonyFinance   https://discord.com/invite/HsVP3KP3VD?utm_source=website   https://www.symphony.finance/,,,
MES Protocol,Orderbook DEX,⭐️⭐️⭐️,https://twitter.com/mesprotocol   https://discord.com/invite/8sD6KHHPa5   https://www.mesprotocol.com/,,,
SynFutures,Perpetual Market,⭐️⭐️⭐️⭐️⭐️,https://twitter.com/SynFuturesDefi   SynFutures%20422539785aa344fe917d82875fc5d015.md   https://www.synfutures.com/,,$ 15.4M,"Bybit, CMS Holdings, Dragonfly Capital, Framework, HashKey Capital, IOSG Ventures, Kronos Asset, Mirana Ventures, Pantera Capital, Polychain, Standard Crypto, Wintermute"
Perpetual Protocol,Perpetual Market,⭐️⭐️⭐️⭐️,https://twitter.com/perpprotocol   https://discord.com/invite/Dq9mTmCaBb   https://perp.com/,PERP,$ 1.8M,"Binance Labs, CMS Holdings, Hack VC, Multicoin, Zee Prime Capital"
MUX Protocol,Perpetual Market,⭐️⭐️⭐️⭐️,https://twitter.com/muxprotocol   https://discord.com/invite/bd88NrzN3N   https://mux.network/,MCB,$ 7M,"Alameda Research, Alliance DAO, Bixin Ventures, D1 Ventures, DeFiance Capital, Delphi Digital, Fenbushi Capital, IOSG Ventures, Mask Network, Multicoin, NGC Ventures, OKX Ventures"
OPX,"Perpetual Market, Synthetic Assets",⭐️⭐️⭐️,https://twitter.com/opxfinance   https://discord.com/invite/mNdHE52zZp   https://www.opx.finance/,OPX,,
Mummy,Perpetual Market,⭐️⭐️⭐️,https://twitter.com/mummyftm   https://discord.com/invite/xqSJaw8sUB   https://www.mummy.finance/#/,MMY,,
Pika Protocol,Perpetual Market,⭐️⭐️⭐️,https://twitter.com/PikaProtocol   https://discord.com/invite/ueEe398UWt   https://www.pikaprotocol.com/,PIKA,,
DePerp,Perpetual Market,⭐️⭐️⭐️,https://twitter.com/deperpcom   https://discord.com/invite/vP96kf9kYn   https://www.deperp.com/,,,
Rubydex,Perpetual Market,⭐️⭐️⭐️,https://twitter.com/Ruby_Dex   https://discord.com/invite/eB5YWFtvFs   https://rubydex.com/en,,,
Pegasus,Perpetual Market,⭐️⭐️⭐️,https://twitter.com/0xPegasusFi   https://discord.com/invite/q93c74jkJXhttps://discord.com/invite/q93c74jkJX  https://www.pegasusfinance.xyz/home,,,
Kromatika,"Orderbook DEX, Perpetual Market",⭐️⭐️⭐️,https://twitter.com/KromatikaFi   https://discord.com/invite/5Yd7PrRx9y   https://kromatika.finance/,KROM,,
Aevo,"Options Market, Perpetual Market",⭐️⭐️⭐️⭐️⭐️,https://twitter.com/aevoxyz   https://discord.com/invite/ribbon-finance   https://www.aevo.xyz/,,,Ribbon Finance
Premia,Options Market,⭐️⭐️⭐️⭐️,https://twitter.com/premiafinance/   https://discord.com/invite/premia   https://app.premia.finance/,PREMIA,,
Lyra,Options Market,⭐️⭐️⭐️⭐️,https://twitter.com/lyrafinance   https://discord.com/invite/P49mj6UbmC   https://www.lyra.finance/,LYRA,$ 6.3M,"Alliance DAO, Framework, GSR, ParaFi Capital, Robot Ventures"
MetalSwap,Options Market,⭐️⭐️⭐️,https://twitter.com/MetalSwapNet   https://discord.com/invite/eYay7NV6vF   https://app.metalswap.finance/,XMT,,
Polynomial,Options Market,⭐️⭐️⭐️,https://twitter.com/PolynomialFi   https://discord.com/invite/8WYEPDqyCR   https://www.polynomial.fi/,,$ 1.1M,"Acrylic, Caballeros, GenBlock Capital"
PoolTogether,Bond Market,⭐️⭐️⭐️⭐️,https://twitter.com/PoolTogether_   https://pooltogether.com/discord   https://pooltogether.com/,POOL,$ 7M,"ConsenSys Mesh, Dragonfly Capital, Galaxy Digital, IDEO CoLab, Lattice Capital, Maven 11, Nascent, ParaFi Capital, Robot Ventures, UDHC"
Jarvis,"Bond Market, CDP-Stablecoin",⭐️⭐️⭐️,https://twitter.com/Jarvis_Network   https://discord.com/invite/jarvisnetwork   https://jarvis.network/,JRT,,
Thales,Prediction Market,⭐️⭐️⭐️⭐️,https://twitter.com/thalesmarket   https://discord.com/invite/thales   https://thalesmarket.io/,THALES,$ 2.5M,"Apollo Crypto, Framework, IOSG Ventures, LD Capital, The LAO, Zee Prime Capital"
Sided Finance,Prediction Market,⭐️⭐️,https://twitter.com/SidedFinance   https://discord.com/invite/FnPNTgAjnF   https://sided.fi/,,,
Overtime,Prediction Market,⭐️⭐️,https://twitter.com/OvertimeMarkets   http://discord.gg/thales   https://overtimemarkets.xyz/,,,
Tangible,RWA Market,⭐️⭐️⭐️⭐️,https://twitter.com/tangibleDAO   https://discord.com/invite/tMQ9WjVBuS   https://www.tangible.store/realusd,,,
Aktionariat,RWA Market,⭐️⭐️⭐️,https://twitter.com/aktionariat   https://t.me/Aktionariat   https://www.aktionariat.com/,,,
Aave,Lending,⭐️⭐️⭐️⭐️⭐️,https://twitter.com/aave   https://discord.com/invite/aave   https://app.aave.com/,AAVE,$ 48.7M," Ribbit Capital, Blockchain Capital, Blockchain.com, DTC Capital, DeFiance Capital, Framework, ParaFi Capital, Standard Crypto"
Extra Finance,"Lending, Leveraged Yield",⭐️⭐️⭐️⭐️,https://twitter.com/extrafi_io   https://discord.com/invite/extra-finance   https://app.extrafi.io/farm,EXTRA,,
Clearpool,Lending,⭐️⭐️⭐️⭐️,https://twitter.com/ClearpoolFin   https://discord.com/invite/YYzxscA4nu   https://app.clearpool.finance/,CPOOL,$ 3M,"Arrington Capital, FBG Capital, GBV Capital, HashKey Capital, Wintermute"
Prime,Lending,⭐️⭐️⭐️⭐️,https://twitter.com/prime_protocol   https://tr.ee/zWAFzgwy-Q   https://www.primeprotocol.xyz/,,$ 2.75M,"Framework, Jump Crypto"
TrueFi,Lending,⭐️⭐️⭐️⭐️,https://twitter.com/TrueFiDAO   https://discord.com/invite/Yx7J4jZ   https://truefi.io/,TRU,,
Sonne Finance,"AMM DEX, Lending",⭐️⭐️⭐️⭐️,https://twitter.com/SonneFinance   https://discord.com/invite/sonnefinance   https://sonne.finance/,SONNE,,
Iron Bank,Lending,⭐️⭐️⭐️,https://twitter.com/ibdotxyz   https://discord.com/invite/4HwFTcjY78   https://app.ib.xyz/lending,IB,,
Exactly,Lending,⭐️⭐️⭐️,https://twitter.com/ExactlyProtocol   https://discord.com/invite/eNTyPvgA4P   https://exact.ly/,EXA,$ 5M,"Daedalus, Kaszek"
Granary,Lending,⭐️⭐️⭐️,https://twitter.com/GranaryFinance   https://discord.com/invite/granary   https://granary.finance/markets,,,
Rari Capital,"Lending, Yield",⭐️⭐️⭐️,https://twitter.com/RariCapital   https://discord.com/invite/HzUMPuT   https://app.rari.capital/,,,
Wepiggy,Lending,⭐️⭐️⭐️,https://twitter.com/wepiggydotcom   https://discord.com/invite/pew9k58   https://www.wepiggy.com/,WPC,,
Union,Lending,⭐️⭐️⭐️,https://twitter.com/unionprotocol   https://discord.com/invite/DWF29rjRJH   https://union.finance/,,,
OmniBTC,"CrossChain Bridge, Omnichain Lending",⭐️⭐️⭐️,https://twitter.com/OmniBTC   https://discord.com/invite/Z2EzZcJ72x   https://www.omnibtc.finance/,,,
Fuji DAO,Lending Optimizer,⭐️⭐️⭐️⭐️,https://twitter.com/FujiFinance   https://discord.com/invite/dnvJeEMeDJ   https://www.fujidao.org/#/,,,
Furucombo,"Asset Management, Yield",⭐️⭐️⭐️,https://twitter.com/furucombo   https://discord.com/invite/JuamDaq   https://furucombo.app/,,,
Avault,Omnichain Yield,⭐️⭐️⭐️⭐️,https://twitter.com/Avaultomni   https://discord.com/invite/WcARFMy2t8   https://www.avault.network/,,,
Tarot,"Lending, Leveraged Yield",⭐️⭐️⭐️⭐️,https://twitter.com/TarotFinance   https://discord.com/invite/6ByFHBjqE8   https://www.tarot.to/,TAROT,,
Yearn finance,Yield Aggregator,⭐️⭐️⭐️⭐️⭐️,https://twitter.com/yearnfi   https://discord.com/invite/6PNv2nF   https://yearn.finance/#/home,YFI,,
Vesper Finance,Yield Aggregator,⭐️⭐️⭐️⭐️,https://twitter.com/VesperFi   https://discord.com/invite/vesperfinance   https://vesper.finance/,VSP,$ 2.5M,"CMT Digital, Kenetic Capital"
Zunami,Yield Aggregator,⭐️⭐️⭐️⭐️,https://twitter.com/ZunamiProtocol   https://discord.com/invite/BnC6kTWkUe   https://www.zunami.io/,,,Binance Incubation
Reaper Farm,Yield Aggregator,⭐️⭐️⭐️,https://twitter.com/Reaper_Farm   https://discord.com/invite/oathdefi   https://www.reaper.farm/,OATH,,
Aura,Yield Optimizer,⭐️⭐️⭐️⭐️,https://twitter.com/AuraFinance   https://discord.com/invite/aurafinance   https://aura.finance/,AURA,,
Beefy,Yield Optimizer,⭐️⭐️⭐️⭐️,https://twitter.com/beefyfinance   https://discord.com/invite/yq8wfHd   https://app.beefy.finance/,BIFI,,
Idle DAO,Yield Optimizer,⭐️⭐️⭐️,https://twitter.com/idlefinance   https://discord.com/invite/mpySAJp   https://idle.finance/,IDLE,$ 1.2M," LongHash Ventures, Greenfield, The LAO"
ACryptoS,Yield Optimizer,⭐️⭐️⭐️,https://twitter.com/acryptosdao   https://t.me/acryptos   https://www.acryptos.com/,ACS,,
Toros,Yield Optimizer,⭐️⭐️⭐️,https://twitter.com/torosfinance   https://discord.com/invite/Jc2skHehBQ   https://toros.finance/,,,
Pickle Finance,Yield Optimizer,⭐️⭐️⭐️,https://twitter.com/picklefinance   https://discord.com/invite/uG6WhYkM8n   https://www.pickle.finance/zh-CN,PICKLE,,
Revert,LP APR  Analytics,⭐️⭐️⭐️,https://twitter.com/revertfinance   https://discord.com/invite/8qBmuud   https://revert.finance/,,,FinTech Collective
Gamma,Liquidity Manager,⭐️⭐️⭐️⭐️,https://twitter.com/GammaStrategies   https://discord.com/invite/gammastrategies   https://app.gamma.xyz/,GAMMA,$ 3.5M,"1confirmation, 1kx, Alliance DAO, Blockchain Capital, DCG, Electric Capital, GSR, Maven 11, Spartan Group, Tribe Capital"
DefiEdge,Liquidity Manager,⭐️⭐️⭐️,https://twitter.com/DefiEdge   https://discord.gg/VjVtptAW   https://app.defiedge.io/,,,
Frax Finance,"Fractional Stablecoin, Liquid Staking Token",⭐️⭐️⭐️⭐️⭐️,https://x.com/fraxfinance   https://discord.com/invite/fraxfinance   https://www.frax.com/,FXS/sfrxETH,,"Crypto.com, Dragonfly Capital, Electric Capital, Galaxy Digital, Mechanism Capital, Multicoin, ParaFi Capital, Robot Ventures, Tribe Capital"
Pendle,Liquid Staking Token,⭐️⭐️⭐️⭐️⭐️,https://twitter.com/pendle_fi/   https://discord.com/invite/9x9VUngNZD   https://www.pendle.finance/,PENDLE,$ 3.7M,"Alliance DAO, Bitscale Capital, Bixin Ventures, CMS Holdings, Crypto.com, D1 Ventures, GBV Capital, HashKey Capital, Ledger Prime, Lemniscap, Mechanism Capital, Signum Capital, Sora Ventures, Spartan Group, Youbi Capital, imToken"
CIAN,Liquid Staking Token,⭐️⭐️⭐️⭐️,https://twitter.com/CIAN_protocol   https://discord.com/invite/cian   https://cian.app/,,,
Arrakis,Liquidity Aggregator,⭐️⭐️⭐️⭐️,https://twitter.com/ArrakisFinance   https://discord.gg/arrakisfinance   https://arrakis.finance/,,$ 4M,"Polygon Ventures, Robot Ventures, Uniswap"
xToken,Liquidity Aggregator,⭐️⭐️⭐️,https://twitter.com/xtokenterminal   https://discord.com/invite/pDEynWm   https://xtokenterminal.io/,,,
Fjord Foundry,LBP Platform,⭐️⭐️⭐️⭐️,https://twitter.com/FjordFoundry   https://discord.com/invite/ajBwTZ3ugk   https://fjordfoundry.com/,,,
Lemma,"AMM DEX, CDP-Stablecoin",⭐️⭐️⭐️⭐️,https://twitter.com/Lemma_Labs   https://discord.com/invite/AvCEkVbtQt   https://www.lemma.finance/,,,"Coinbase, Dragonfly Capital, Folius Ventures, GSR, Robot Ventures, Wintermute"
Qi Dao,CDP-Stablecoin,⭐️⭐️⭐️⭐️,https://twitter.com/QiDaoProtocol   https://discord.com/invite/mQq55j65xJ   https://www.mai.finance/,QI,,
Gyroscope,CDP-Stablecoin,⭐️⭐️⭐️⭐️,https://twitter.com/gyrostable/   https://discord.com/invite/2vnqnS7wE6   https://gyro.finance/,,$ 4.5M,"Galaxy Digital, Maven 11, Placeholder, Robot Ventures"
Overnight(USD+),CDP-Stablecoin,⭐️⭐️⭐️,https://twitter.com/overnight_fi   https://discord.com/invite/overnight-fi   https://overnight.fi/,OVN,,
Angle,EUR CDP-Stablecoin,⭐️⭐️⭐️⭐️,https://twitter.com/AngleProtocol   https://discord.com/invite/4FtNgnpPgE   https://www.angle.money/#/,ANGLE,,
OlympusDAO,Reserve Currency,⭐️⭐️⭐️⭐️⭐️,https://twitter.com/OlympusDAO   https://discord.com/invite/olympusdao   https://pro.olympusdao.finance/#/bond,OHM,,
Ethos Reserve,"CDP-Stablecoin, Reserve Currency",⭐️⭐️⭐️⭐️,https://twitter.com/EthosReserve   https://discord.com/invite/oathdefi   https://www.ethos.finance/,OATH,,
Synthetix,Synthetic Assets,⭐️⭐️⭐️⭐️⭐️,https://twitter.com/synthetix_io   https://discord.com/invite/Synthetix   https://staking.synthetix.eth.limo/,,,
Alchemix,Synthetic Assets,⭐️⭐️⭐️⭐️,https://twitter.com/AlchemixFi   http://discord.com/invite/alchemix   http://alchemix.fi,ALCX,$ 8M,"CMS Holdings, Delphi Digital, GBV Capital, Ledger Prime, Maven 11, Nascent, Spartan Group"
Metronome,Synthetic Assets,⭐️⭐️⭐️,https://twitter.com/MetronomeDAO   https://discord.com/invite/metronome   https://metronome.io/,MET,,
dHEDGE,Asset Management,⭐️⭐️⭐️⭐️,https://twitter.com/dHedgeOrg   https://discord.com/invite/BAWTbRA   https://dhedge.org/,DHT,$ 2M,"Framework, IOSG Ventures, Lemniscap, Mask Network, Synthetix"
Set,Asset Management,⭐️⭐️⭐️⭐️,https://twitter.com/SetProtocol   https://discord.com/invite/x3PGVfP   https://www.tokensets.com/,,,
Nested,Asset Management,⭐️⭐️⭐️⭐️,https://twitter.com/NestedFi   https://discord.com/invite/VW8ZZsACzd   Nested%207b871c72b8ae45f8a4126edd443ef32b.md,,$ 7.5M,"CMT Digital, Kenetic Capital, Maven Capital, Republic Capital"
Teahouse,Option Vaults,⭐️⭐️⭐️,https://twitter.com/TeahouseFinance   https://discord.com/invite/teahouse-hightable   https://vault.teahouse.finance/,,,
InsureDAO,Insurance,⭐️⭐️⭐️⭐️⭐️,https://twitter.com/insuredao   https://discord.com/invite/dZ8G7KzW4w   https://www.insuredao.fi/,INSURE,,
Cozy,Insurance,⭐️⭐️⭐️,https://twitter.com/cozyfinance   https://discord.com/invite/3HWthTMHDd   https://www.cozy.finance/,,$ 2M,"Coinbase, Dragonfly Capital, Electric Capital, Robot Ventures"
OKX Web3,"DEX Aggregator, NFT Marketplace",⭐️⭐️⭐️⭐️⭐️,https://twitter.com/okxweb3   https://discord.com/invite/pXmtxwSkNB   https://www.okx.com/cn/web3,,,OKX Ventures
Element,NFT Marketplace,⭐️⭐️⭐️⭐️⭐️,https://twitter.com/Element_Market   https://discord.com/invite/elementmarket   https://element.market/zksync,,$ 11.5M,"Dragonfly Capital, SIG DTI, Sequoia Capital"
OpenSea,NFT Marketplace,⭐️⭐️⭐️⭐️⭐️,https://twitter.com/opensea   https://discord.com/invite/opensea   https://opensea.io/,,,
Altura,"NFT Generator, NFT Marketplace",⭐️⭐️⭐️⭐️,https://twitter.com/AlturaNFT   https://discord.com/invite/cHW6SDMsEZ   https://www.alturanft.com/,ALU,,
tofuNFT,NFT Marketplace,⭐️⭐️⭐️⭐️,https://twitter.com/tofuNFT   https://discord.com/invite/3wFUTZmTm7   https://tofunft.com/optimism,,,
Zonic,NFT Marketplace,⭐️⭐️⭐️⭐️,https://twitter.com/zonicapp   https://discord.com/invite/zonic   https://zonic.app/,,,
Quix,NFT Marketplace,⭐️⭐️⭐️⭐️,https://twitter.com/qx_app   https://discord.com/invite/EXksHxP4Re   https://qx.app/,,,
NFTΞarth,NFT Marketplace,⭐️⭐️⭐️,https://twitter.com/NFTEarth_L2   https://discord.com/invite/nftearth   https://nftearth.exchange/,,,
Wen Moon Market,NFT Marketplace,⭐️⭐️,https://twitter.com/WenMoonMarket   https://discord.com/invite/53qAnt5zxJ   https://wenmoon.market/,,,
sound.xyz,Music NFT Platform,⭐️⭐️⭐️⭐️⭐️,https://twitter.com/soundxyz_   https://discord.com/invite/soundxyz   https://market.sound.xyz/,,$ 25M,"Archetype, Coinbase, Collab+Currency, FlamingoDAO, Scalar Capital, The LAO, Variant Fund, a16z"
bluesweep.xyz,NFT Aggregator,⭐️⭐️,https://twitter.com/bluesweep_xyz   https://www.bluesweep.xyz/,,,
ZORA,NFT  Launchpad,⭐️⭐️⭐️⭐️⭐️,https://twitter.com/ourZORA   https://zora.co/,,$ 52M,"Coinbase, Haun Ventures, Kindred Ventures, Paradigm, Variant Fund"
Omnisea,NFT  Launchpad,⭐️⭐️⭐️⭐️,https://twitter.com/omnisea   https://discord.com/invite/omnisea   https://omnisea.org/,,,
Ganland.eth,NFT  Launchpad,⭐️⭐️⭐️,https://twitter.com/ganlandnft   https://ganland.io/,,,
Circular Art,NFT Gallery,⭐️⭐️,https://twitter.com/Circular_Art   https://discord.com/invite/x9WDWApECc   https://www.circularart.xyz/,,,
NFTScan,NFT Analytics Tool,⭐️⭐️⭐️⭐️,https://twitter.com/nftscan_com   https://discord.com/invite/8c87fS2HHF   https://arbitrum.nftscan.com/,,$ 1.5M,"Antalpha, Cipholio Ventures, Mask Network, SNZ Holding"
Homage,NFT Drop Calendar,⭐️⭐️,https://twitter.com/homage_xyz   https://www.homage.xyz/,,,
Taker Protocol,NFT Stake Lending,⭐️⭐️,https://twitter.com/TakerProtocol   https://discord.com/invite/taker   https://taker.xyz/,,,
Backed,NFT Stake Lending,⭐️⭐️,https://twitter.com/backed_xyz   https://discord.com/invite/ZCxGuE6Ytk   https://www.withbacked.xyz/network/optimism,,,
OmniBase,NFT Bridge,⭐️⭐️⭐️⭐️,https://twitter.com/OmniBase_xyz   https://discord.com/invite/omnibase   https://omnibase.xyz/,,,
Holograph,NFT Bridge,⭐️⭐️⭐️⭐️,https://twitter.com/holographxyz   https://discord.com/invite/holograph   https://app.holograph.xyz/,,$ 6.5M,"Arca, Avalaunch, Infinity Ventures, Kenetic Capital, Mirana Ventures, Soma Capital"
l2telegraph,NFT Bridge,⭐️⭐️⭐️,https://twitter.com/l2telegraph   https://l2telegraph.xyz/,,,
Mintplex,NFT Generator,⭐️⭐️⭐️,https://twitter.com/mintplexnft   https://mintfoundry.xyz/,,,
NFTs2Me,NFT Generator,⭐️⭐️⭐️,https://twitter.com/nfts2me   https://discord.com/invite/KrJAaNUwDD   https://nfts2me.com/,,,
DiamondHH,NFT Generator,⭐️⭐️,https://twitter.com/diamondhh   https://discord.com/invite/S4W2y3nJqM   https://nft-inator.com/,,,
Zero Code,NFT Generator,⭐️⭐️,https://twitter.com/Zero_Code_NFT   https://discord.com/invite/BFbQMv7AQV   https://www.zerocodenft.com/,,,
Geo Web,Virtual Land,⭐️⭐️,https://twitter.com/thegeoweb   https://discord.com/invite/reXgPru7ck   https://geoweb.land/,,,
DeGame,Gaming Station,⭐️⭐️⭐️⭐️,https://twitter.com/Degame_l2y   https://discord.com/invite/degame   https://degame.com/,,$ 10.2M,"A&T Capital, Avalanche, Bixin Ventures, FBG Capital, Fenbushi Capital, Folius Ventures, Foresight Ventures, Hack VC, HashKey Capital, Kenetic Capital, NGC Ventures, Protocol Labs, Sfermion"
Gladiaxy,Card Game,⭐️⭐️,https://twitter.com/Gladiaxy_meta   https://discord.com/invite/W8rN8Dqpue   https://www.gladiaxy.com/,,,
Dragonia,Card Game,⭐️⭐️,https://twitter.com/dragoniagg   https://discord.com/invite/X4ZuY4RKNP   https://www.dragonia.gg/,,,
Punk Domains,Domain Service,⭐️⭐️⭐️,https://twitter.com/PunkDomains   https://discord.com/invite/8dSrwrAQeu   https://punk.domains/#/,,,
CyberConnect,Digital ID,⭐️⭐️⭐️⭐️⭐️,https://twitter.com/CyberConnectHQ   https://t.me/CyberConnectOfficial   https://link3.to/cyberconnect,,$ 30M,"Animoca Brands, C² Ventures, Delphi Digital, Gate Labs, Hashed, IOSG Ventures, Lattice Capital, Mask Network, Multicoin, Polygon Labs, Protocol Labs, SevenX Ventures, Spartan Group"
zkPass,Digital ID,⭐️⭐️⭐️⭐️,https://twitter.com/zkPass   https://discord.com/invite/zkpass   https://zkpass.org/home,,$ 2.5M,"Binance Labs, Cypher Capital, OKX Ventures"
Clique,Digital ID,⭐️⭐️⭐️⭐️,https://twitter.com/Clique2046   https://discord.com/invite/nADagttQBq   https://clique.social/,,$ 3M,"Alliance DAO, DWeb3 Capital, GGV Capital, Mask Network, Mirana Ventures, Qiming Venture, SevenX Ventures, Sky9 Capital"
Ceres,"Digital ID, Oracle",⭐️⭐️⭐️,https://twitter.com/CeresCredit   https://ceres.credit/,,,
RSS3,dRSS,⭐️⭐️⭐️⭐️,https://twitter.com/rss3_   https://discord.com/invite/aGuwzF2hW4   https://rss3.io/,RSS,,
L2BEAT,OnChain Activity Analysis,⭐️⭐️⭐️⭐️⭐️,https://twitter.com/l2beat   https://discord.com/invite/eaVKXPmtWk   https://l2beat.com/scaling/tvl,,,
Nansen,OnChain Activity Analysis,⭐️⭐️⭐️⭐️⭐️,https://twitter.com/nansen_ai   https://discord.com/invite/X5u3a7Wef6   https://www.nansen.ai/,,$ 88.2M,"Coinbase, Fabric Ventures, Folius Ventures, GIC, Mechanism Capital, QCP Capital, Robot Ventures, Tiger Global, Volt Capital, a16z, imToken"
Forta,OnChain Activity Analysis,⭐️⭐️⭐️⭐️⭐️,https://twitter.com/FortaNetwork   https://discord.com/invite/fortanetwork   https://forta.org/,FORT,,
DefiLlama,OnChain Activity Analysis,⭐️⭐️⭐️⭐️⭐️,https://twitter.com/DefiLlama   https://discord.com/invite/buPFYXzDDd   https://defillama.com/,,,Gitcoin Beta Round
Dune,OnChain Activity Analysis,⭐️⭐️⭐️⭐️⭐️,https://twitter.com/DuneAnalytics   https://discord.com/invite/ErrzwBz   https://dune.com/browse/dashboards,,,
Arkham,OnChain Activity Analysis,⭐️⭐️⭐️⭐️,https://twitter.com/arkhamintel   https://discord.com/invite/arkham   https://arkhamintelligence.com/,,,D1 Ventures
OKLink,OnChain Activity Analysis,⭐️⭐️⭐️⭐️,https://twitter.com/OKLink   https://discord.com/invite/QcywHPgk4S   https://www.oklink.com/zh-cn,,,OKX Ventures
Blockscout,Blockchain Explorer,⭐️⭐️⭐️,https://twitter.com/blockscoutcom   https://discord.com/invite/blockscout   https://www.blockscout.com/,,,Gitcoin Beta Round
Modular Cloud,"Blockchain Explorer, Rollup Stack",⭐️⭐️⭐️,https://twitter.com/modularcloud1   https://explorer.modular.cloud/,,,
DuckyScan,Blockchain Explorer,⭐️⭐️,https://twitter.com/duckyscanblock?s=21&t=I9qmikhHdkWuvK819w-0Gw   https://discord.com/invite/Kk5VFwgqYs   https://www.duckyscan.com/,,,
Blockdaemon,"MPC Wallet, RPC Operator",⭐️⭐️⭐️⭐️⭐️,https://twitter.com/BlockdaemonHQ   https://www.blockdaemon.com/,,$ 395.5M,"BlockFi, Blockchain.com, Borderless Capital, CoinFund, Fenbushi Capital, Galaxy Digital, Goldman Sachs, HashKey Capital, J.P. Morgan, Kenetic Capital, Kraken Ventures, Republic Capital, SoftBank, Tiger Global"
QuickNode,RPC Operator,⭐️⭐️⭐️⭐️⭐️,https://twitter.com/quicknode   https://discord.com/invite/DkdgEqE   https://www.quicknode.com/chains/optimism,,$ 100M,"10T Holdings, Alexis Ohanian, Arrington Capital, Crossbeam, Protocol Labs, SoftBank, Soma Capital, Tiger Global"
Infura,RPC Operator,⭐️⭐️⭐️⭐️⭐️,https://twitter.com/infura_io   https://discord.com/invite/consensys   https://www.infura.io/networks/ethereum/optimism,,,ConsenSys Mesh
Alchemy,RPC Operator,⭐️⭐️⭐️⭐️⭐️,https://twitter.com/AlchemyPlatform   https://www.alchemy.com/alchemy.com/discord   https://www.alchemy.com/,,,
Pocket,RPC Operator,⭐️⭐️⭐️⭐️,https://twitter.com/POKTnetwork   https://discord.com/invite/uYs6Esum3r   https://www.pokt.network/,POKT,$ 10M,"Big Brain Holdings, Collab+Currency, C² Ventures, FBG Capital, Gate Labs, Maven 11, Mechanism Capital, OKX Ventures, Republic Capital, Tribe Capital, Zee Prime Capital"
NodeReal,RPC Operator,⭐️⭐️⭐️⭐️,https://twitter.com/Nodereal_io   https://discord.com/invite/nodereal   https://nodereal.io/,,$ 16M,Sky9 Capital
BlockPI,RPC Operator,⭐️⭐️⭐️⭐️,https://twitter.com/RealBlockPI   https://discord.com/invite/xTvGVrGVZv   https://blockpi.io/,,$ 3M,"HashKey Capital, Shima Capital"
DRPC,RPC Operator,⭐️⭐️⭐️,https://twitter.com/drpcorg   https://discord.com/invite/Kyu3zt42bJ   https://drpc.org/,,,
NOWNodes,RPC Operator,⭐️⭐️⭐️,https://twitter.com/NowNodes   https://discord.com/invite/As3cBdtEy8   https://nownodes.io/,,,
Blast API,RPC Operator,⭐️⭐️⭐️,https://twitter.com/BlastAPI   https://discord.com/invite/VPkWESgtvV   https://blastapi.io/,,,
GetBlock,RPC Operator,⭐️⭐️,https://twitter.com/getblockio   https://discord.com/invite/T2hbgqfEnv   https://getblock.io/nodes/op/,,,
Ankr,"Liquid Staking Token, Nodes Operator, RPC Operator",⭐️⭐️⭐️⭐️⭐️,https://twitter.com/ankr   https://discord.gg/ankr   https://www.ankr.com/,ANKR/ankrETH,$ 15M,"ArkStream Capital, Binance Labs, DHVC, LD Capital, Lancer Capital, LinkVC, NGC Ventures, Pantera Capital"
Bware Labs,"Nodes Operator, OnChain Data Indexing, RPC Operator",⭐️⭐️⭐️⭐️,https://twitter.com/BwareLabs   https://discord.com/invite/bwarelabs   https://bwarelabs.com/,INFRA,$ 7.2M,Alchemy
CoinTool,Tool Collection,⭐️⭐️⭐️⭐️,https://twitter.com/cointool   https://t.me/cointool   https://cointool.app/dashboard,,,
Fire,Wallet Sign Checker,⭐️⭐️⭐️⭐️,https://twitter.com/_joinfire   https://discord.com/invite/2ev3XajzFx   https://www.joinfire.xyz/,,$ 3M,Atomic
Snapshot,DAO Tool,⭐️⭐️⭐️⭐️⭐️,https://twitter.com/SnapshotLabs   https://discord.com/invite/MKDaqUBgjF   https://snapshot.org/#/,,,
Tally,DAO Tool,⭐️⭐️⭐️⭐️,https://twitter.com/tallyxyz   https://discord.com/invite/3wgMrqaCCk   https://www.tally.xyz/,,$ 7.5M,"1kx, Alliance DAO, Blockchain Capital, Lemniscap, Robot Ventures, The LAO"
Guild,DAO Tool,⭐️⭐️⭐️⭐️,https://twitter.com/guildxyz   https://discord.com/invite/guildxyz   https://guild.xyz/,,,
UnlockProtocol,DAO Tool,⭐️⭐️⭐️⭐️,https://twitter.com/UnlockProtocol   https://discord.com/invite/kQv8HZXRCp   https://unlock-protocol.com/,UDT,$ 5.7M,"Coinbase, ConsenSys Mesh"
Collab.Land,DAO Tool,⭐️⭐️⭐️⭐️,https://twitter.com/Collab_Land_   https://discord.com/invite/collabland   https://www.collab.land/,COLLAB,,
Coordinape,DAO Tool,⭐️⭐️⭐️,https://twitter.com/coordinape   http://discord.coordinape.com   https://coordinape.com/,,,
XDAO,DAO Tool,⭐️⭐️⭐️,https://twitter.com/xdaoapp   https://discord.com/invite/axx6uCAb4Y   https://www.xdao.app/,XDAO,$ 2.3M,DWF Labs
jokedao,DAO Tool,⭐️⭐️⭐️,https://twitter.com/jokedao_   https://t.co/CymeNDo6Qm   https://www.jokedao.io/,JOKE,,
DAOhaus,DAO Tool,⭐️⭐️⭐️,https://twitter.com/nowdaoit   https://discord.com/invite/daohaus   https://daohaus.club/,,,
Boardroom,DAO Tool,⭐️⭐️⭐️,https://twitter.com/boardroom_info   https://discord.com/invite/CEZ8WfuK8s   https://boardroom.io/optimism/proposals,,,
Coinvise,DAO Tool,⭐️⭐️⭐️,https://twitter.com/CoinviseCo   https://discord.com/invite/w9YFJU8SGz   https://www.coinvise.co/,,,
Hedgey,DAO Tool,⭐️⭐️,https://twitter.com/hedgeyfinance   https://discord.com/invite/mNb9KsuXCB   https://hedgey.finance/,,,
Ethereans Labs,DAO Tool,⭐️⭐️,https://twitter.com/ethereanslabs   https://discord.com/invite/Eqf5xWBJsN   https://ethos.eth.limo/#/,,,
Gelato,No Code Deployment,⭐️⭐️⭐️⭐️⭐️,https://twitter.com/gelatonetwork   https://discord.com/invite/ApbA39BKyJ   https://www.gelato.network/,GEL,$ 17.2M,"D1 Ventures, Dragonfly Capital, Galaxy Digital, IDEO CoLab, IOSG Ventures, ParaFi Capital"
Rádius,Shared Sequencer,⭐️⭐️⭐️⭐️,https://twitter.com/radius_xyz   https://discord.com/invite/wdS6k4wz9H   https://www.theradius.xyz/,,$ 1.7M,"Crypto.com, Hashed, LambdaClass, Superscrypt"
Automata,"MEV Protection, TEE AVS",⭐️⭐️⭐️⭐️⭐️,https://x.com/AutomataNetwork   https://discord.com/invite/automata   https://www.ata.network/,ATA,$ 6.4M," LongHash Ventures, ArkStream Capital, Binance Labs, GBV Capital, HTX Ventures, IOSG Ventures, Jump Crypto, KR1, Placeholder, Signum Capital"
wagmi,TypeScript Tool,⭐️⭐️⭐️⭐️,https://twitter.com/wagmi_sh   https://wagmi.sh/zh-CN,,,Paradigm
Chainlink,Oracle,⭐️⭐️⭐️⭐️⭐️,https://twitter.com/chainlink   https://discord.com/invite/aSK4zew   https://chain.link/,LINK,,
SupraOracles,Oracle,⭐️⭐️⭐️⭐️,https://twitter.com/SupraOracles   https://discord.com/invite/npkMbYswRe   https://supraoracles.com/,,,"Animoca Brands, Coinbase, HashKey Capital, Hashed, Huobi, Republic Capital, Shima Capital"
SEDA,Oracle,⭐️⭐️⭐️⭐️,https://twitter.com/sedaprotocol   https://discord.com/invite/Ae4V6y6qrW   https://www.seda.xyz/,,$ 10.3M," Figment Capital, CoinFund, Coinbase, Distributed Global, Flow Ventures, Greenfield, Hack VC, IOSG Ventures, Maven 11, Tenzor Capital, Zee Prime Capital"
UMA,Oracle,⭐️⭐️⭐️⭐️,https://twitter.com/UMAprotocol   https://discord.com/invite/39GFUAk5bA/   https://uma.xyz/,UMA,$ 6.6M,"Amber Group, Bain Capital, BitDAO, Blockchain Capital, Coinbase, Dragonfly Capital, Hack VC, IOSG Ventures, Mirana Ventures, Wintermute"
RedStone,Oracle,⭐️⭐️⭐️⭐️,https://twitter.com/redstone_defi   https://discord.com/invite/PVxBZKFr46   https://redstone.finance/,,$ 7M,"Arweave, Blockchain Capital, Coinbase, KR1, Lemniscap, Maven 11, The Graph"
Pyth Network,Oracle,⭐️⭐️⭐️⭐️,https://twitter.com/PythNetwork   https://discord.com/invite/PythNetwork   https://pyth.network/,,,"Alliance DAO, Delphi Digital, GBV Capital, Huobi, Kucoin, Republic Capital, Sino Global"
Witnet,Oracle,⭐️⭐️⭐️,https://twitter.com/witnet_io   https://discord.com/invite/X4uurfP   https://witnet.io/,WIT,,
DIA,Oracle,⭐️⭐️⭐️,https://twitter.com/DIAdata_org   https://discord.com/invite/zFmXtPFgQj   https://www.diadata.org/,DIA,,
The Graph,OnChain Data Indexing,⭐️⭐️⭐️⭐️⭐️,https://twitter.com/graphprotocol   https://discord.com/invite/vtvv7FP   https://thegraph.com/blog/graph-optimistic-ethereum/,GRT,$ 67M,"Big Brain Holdings, CoinFund, Coinbase, D1 Ventures, DCG, Fabric Ventures, Fenbushi Capital, Framework, GSR, GenBlock Capital, Hack VC, Lemniscap, Multicoin, ParaFi Capital, Spartan Group, Tiger Global"
Mnemonic,OnChain Data Indexing,⭐️⭐️⭐️⭐️,https://twitter.com/mnemonichq   https://discord.com/invite/5AhUKjXnUm   https://www.mnemonichq.com/,,$ 10M,"Coinbase, Kenetic Capital, OrangeDAO, Polygon Ventures, Tribe Capital"
Coherent,OnChain Data Indexing,⭐️⭐️⭐️,https://twitter.com/Coherentxyz   https://coherent.xyz/,,,
Transpose,OnChain Data Indexing,⭐️⭐️⭐️,https://twitter.com/transposedata   https://discord.com/invite/transpose   https://www.transpose.io/,,,
ZettaBlock,OnChain Data Indexing,⭐️⭐️,https://twitter.com/ZettaBlockHQ   https://www.notion.so/249a126b01be4e43adea5281c262248f?pvs=21   https://www.zettablock.com/,,,
Chainbase,OnChain Data Indexing,⭐️⭐️,https://twitter.com/ChainbaseHQ   https://discord.com/invite/DUWMmtprz4   https://chainbase.com/,,,
BlockVision,OnChain Data Indexing,⭐️⭐️,https://twitter.com/blockvisionhq   https://discord.com/invite/Re6prK86Tr   https://blockvision.org/,,,
Apibara,OnChain Data Indexing,⭐️⭐️,https://twitter.com/apibara_web3   https://discord.com/invite/m7B92CNFNt   https://www.apibara.com/,,,
Flair,OnChain Data Indexing,⭐️⭐️,https://twitter.com/FlairSDK   https://discord.com/invite/flair   https://flair.dev/,,,
Blockpour,OnChain Data Indexing,⭐️⭐️,https://twitter.com/Blockpour   https://app.blockpour.com/?utm_source=Twitter&utm_medium=Social&utm_campaign=Optimism_Tweet,,,
thirdweb,Web3 Hosting Service,⭐️⭐️⭐️⭐️⭐️,https://twitter.com/thirdweb   https://discord.com/invite/thirdweb   https://thirdweb.com/,,$ 29M,"Coinbase, Haun Ventures, Polygon Labs, Protocol Labs, Shopify, Shrug Capital"
Truffle,Web3 Hosting Service,⭐️⭐️⭐️⭐️,https://twitter.com/trufflesuite   https://trufflesuite.com/,,,ConsenSys Mesh
Tenderly,Web3 Hosting Service,⭐️⭐️⭐️,https://twitter.com/TenderlyApp   https://discord.com/invite/fBvDJYR   https://tenderly.co/,,,
Sourcify,Web3 Hosting Service,⭐️⭐️⭐️,https://twitter.com/SourcifyEth   https://sourcify.dev/,,,
Ante,Web3 Hosting Service,⭐️⭐️⭐️,https://twitter.com/AnteFinance   https://discord.com/invite/yaJthzNdNG   https://www.ante.finance/,,,
Chainstack,Web3 Hosting Service,⭐️⭐️⭐️,https://twitter.com/chainstackhq   https://discord.com/invite/Cymtg2f7pX   https://chainstack.com/,,,
4EVERLAND,Web3 Hosting Service,⭐️⭐️⭐️,https://twitter.com/4everland_org   https://discord.com/invite/4everland   https://www.4everland.org/,,,
Topia,dStorage,⭐️⭐️⭐️,https://twitter.com/TopiaLayer2   https://discord.com/invite/TopiaL2   https://topia.network/,,,
Lighthouse,dStorage,⭐️⭐️,https://twitter.com/LighthouseWeb3   https://discord.com/invite/c4a4CGCdJG   https://www.lighthouse.storage/,,,
Tableland,Web3 Relational Database,⭐️⭐️⭐️⭐️,https://twitter.com/tableland__   https://discord.com/invite/dc8EBEhGbg   https://tableland.xyz/,,$ 9.5M,"A.Capital, BlueYard, CoinFund, Coinbase, Collaborative, Multicoin, Protocol Labs"
Particle,"Social Recovery Wallet, Web3 SDK Platform",⭐️⭐️⭐️⭐️,https://twitter.com/ParticleNtwrk   https://discord.com/invite/2y44qr6CR2   https://particle.network/,,$ 8.5M," LongHash Ventures, ABCDE Capital, Animoca Brands, Cobo Ventures, CyberConnect, GSR, HashKey Capital"
Celestia,Data Availability Layer,⭐️⭐️⭐️⭐️⭐️,https://twitter.com/CelestiaOrg   https://discord.com/invite/YsnTPcSfWQ   https://celestia.org/,TIA,$ 56M,"A&T Capital, Binance Labs, Blockchain Capital, Delphi Digital, Galaxy Digital, IOSG Ventures, Jump Crypto, Maven 11, OKX Ventures, Protocol Labs, Spartan Group"
0x,Exchange  API,⭐️⭐️⭐️⭐️⭐️,https://twitter.com/0xproject   https://discord.com/invite/official0x   https://0x.org/,,$ 85M,"Alliance DAO, Blockchain Capital, Blockchain.com, Coinbase, Fabric Ventures, GenBlock Capital, IOSG Ventures, Jump Crypto, OpenSea, Pantera Capital, Polychain"
LayerZero,CrossChain SDK,⭐️⭐️⭐️⭐️⭐️,https://twitter.com/LayerZero_Labs   https://discord-layerzero.netlify.app/discord   https://layerzero.network/,,$ 261M,"Animoca Brands, Avalanche, Binance Labs, Bixin Ventures, Circle Ventures, CoinFund, Coinbase, Dapper Labs, DeFiance Capital, Delphi Digital, FTX, Fantom, GenBlock Capital, Hypersphere, IOBC Capital, Lightspeed Venture, Matrixport, Multicoin, NGC Ventures, OKX Ventures, OpenSea, PayPal, Polygon Ventures, Robot Ventures, Samsung, Sequoia Capital, Sino Global, Spartan Group, Tiger Global, Uniswap, a16z, imToken"
Socket,CrossChain SDK,⭐️⭐️⭐️⭐️⭐️,https://twitter.com/socketdottech   https://discord.com/invite/zfKJR8yWaH   https://www.socket.tech/,,$ 12M," LongHash Ventures, Archetype, CoinFund, Coinbase, Framework, Lightspeed Venture, Maven 11, OpenSea"
Router Protocol,CrossChain SDK,⭐️⭐️⭐️⭐️,https://twitter.com/routerprotocol   https://discord.com/invite/yjM2fUUHvN   https://app.routerprotocol.com/swap,ROUTE,$ 4.5M,"Alameda Research, Coinbase, Polygon Ventures, QCP Capital, Shima Capital, Wintermute"
Dynamic,Web3 Messaging SDK,⭐️⭐️⭐️⭐️,https://twitter.com/dynamic_xyz   https://www.dynamic.xyz/,,$ 7.5M,"Breyer Capital, Chapter One, Circle Ventures, Hypersphere, Solana Ventures"
ECHO,Web3 Social SDK,⭐️⭐️⭐️⭐️,https://twitter.com/0x_echo   https://discord.com/invite/b6WF9njPze   https://0xecho.com/,,,Gitcoin Beta Round
Etherspot,"Account Abstraction SDK, Portfolio Dashboard",⭐️⭐️⭐️⭐️,https://twitter.com/etherspot   https://discord.com/invite/GAkYj6m5Uh   https://etherspot.io/,,,
manifold.xyz,NFT Mint/Creator SDK,⭐️⭐️⭐️⭐️,https://twitter.com/manifoldxyz   https://discord.com/invite/kNBfGzs3bB   https://manifold.xyz/home/,,,"Initialized Capital, a16z"
NiftyKit,NFT Mint/Creator SDK,⭐️⭐️⭐️,https://twitter.com/NiftyKitApp   https://discord.com/invite/xgjUQJhBFv   https://niftykit.com/,,,
Speedboat,NFT Mint/Creator SDK,⭐️⭐️,https://twitter.com/Speedboat_STDO   https://discord.com/invite/y7TQbtEWSV   https://speedboat.studio/,,,
Brave,Web3 Browser,⭐️⭐️⭐️⭐️⭐️,https://twitter.com/brave   https://brave.com/zh/wallet/,,,
Gauntlet," Security/Audits",⭐️⭐️⭐️⭐️⭐️,https://twitter.com/gauntletnetwork   https://gauntlet.network/,,$ 40M," Ribbit Capital, Coinbase, Dragonfly Capital, IA Ventures, Paradigm, Polychain, Robot Ventures, Standard Crypto"
Revoke.cash," Security/Audits",⭐️⭐️⭐️⭐️,https://twitter.com/RevokeCash   https://discord.com/invite/revoke-cash   https://revoke.cash/,,,
Cookbook,Solidity Libraries,⭐️⭐️⭐️⭐️⭐️,https://x.com/cookbook_dev   https://discord.com/invite/cookbookdev   https://www.cookbook.dev/,,,
Nouns.Space,CC0 NFT,⭐️⭐️,https://twitter.com/NounsSpace   https://nouns.space/index.html,,,
OAYC,NFT,⭐️⭐️⭐️,https://twitter.com/OptiApeYC   https://discord.com/invite/2Xm2R5r9ms   https://oayc.io/,,,
Optimistic Bunnies,NFT,⭐️⭐️,https://twitter.com/OPBunnies   https://discord.com/invite/TdGetFFBvw   https://www.optiland.xyz/,,,
OptiChads,NFT,⭐️⭐️,https://twitter.com/optichads   https://discord.com/invite/optichads   https://www.optichads.art/,,,
CyberNerds,"CC0 NFT, NFT",⭐️⭐️,https://twitter.com/CyberNerdsOP   https://discord.com/invite/q4SzuCpRJN   https://www.cybernerds.xyz/,,,
BoredTown,NFT,⭐️⭐️,https://twitter.com/boredtownnft   https://discord.com/invite/boredtown   https://linktr.ee/boredtown,,,
Apetimism,NFT,⭐️⭐️,https://twitter.com/apetimism   https://discord.com/invite/apetimism   https://apetimism.com/,,,
Aethernity,NFT,⭐️⭐️,https://twitter.com/travenesia   https://optimistic.aethernity.xyz/,,,
bakerydao.eth,DAO,⭐️⭐️,https://twitter.com/thebakerydao   https://discord.com/invite/XCZtPayTYA   https://pastry.xyz/,,,
ZippyInu,Meme Coin,⭐️⭐️,https://twitter.com/ZippyInu   https://discord.com/invite/ERNqqUdn9a   https://www.zippyinu.com/,,,
Dope Wars,Building Block Game,⭐️⭐️⭐️,https://twitter.com/theDopeWars   https://discord.com/invite/dopewars   https://dopewars.gg,PAPER,,
GiveStation,Grant Platform,⭐️⭐️,https://twitter.com/GiveStation   https://discord.com/invite/givestation   https://app.givestation.org/,,,
Aelin,Crowdfunding Platform,⭐️⭐️⭐️,https://twitter.com/aelinprotocol   http://discord.gg/YHffnV9sUM   https://aelin.xyz/,,,