﻿Name,Category,Rating Index,Link | Click the Link Text,Token," Raised",Investor
OKX Wallet,"Extension Wallet, Mobile Wallet",⭐️⭐️⭐️⭐️⭐️,https://twitter.com/okxweb3   https://discord.com/invite/pXmtxwSkNB   https://www.okx.com/web3,OKX,,OKX Ventures
Coinbase Wallet,"Extension Wallet, Mobile Wallet",⭐️⭐️⭐️⭐️⭐️,https://twitter.com/CoinbaseWallet   http://coinbase.com/wallet,,,Coinbase
MetaMask,"Extension Wallet, Mobile Wallet",⭐️⭐️⭐️⭐️⭐️,https://twitter.com/MetaMask   https://metamask.io/,,$ 725M,ConsenSys Mesh
Trust,"Extension Wallet, Mobile Wallet",⭐️⭐️⭐️⭐️,https://twitter.com/trustwallet   https://t.me/trust_announcements   https://trustwallet.com/,TWT,,
XDEFI Wallet,Extension Wallet,⭐️⭐️⭐️⭐️,https://twitter.com/xdefi_wallet   https://discord.com/invite/xdefiwallet   https://www.xdefi.io/,XDEFI,,
BitKeep Wallet,"Extension Wallet, Mobile Wallet",⭐️⭐️⭐️⭐️,https://twitter.com/BitKeepOS   https://discord.com/invite/gUQB7gUarR   https://bitkeep.com/,BKB,$ 45M,"A&T Capital, Bitget, Bixin Ventures, DHVC, Dragonfly Capital, Foresight Ventures, Kucoin, Matrix Partners, Matrixport, SevenX Ventures"
Rainbow,Mobile Wallet,⭐️⭐️⭐️⭐️,https://twitter.com/rainbowdotme   https://rainbow.me/,,$ 19.5M,"6th Man Ventures, Collab+Currency, FinTech Collective, Seven Seven Six, Y Combinator"
MathWallet,"Extension Wallet, Mobile Wallet",⭐️⭐️⭐️⭐️,https://twitter.com/Mathwallet   https://discord.gg/gXSfnk5eP5   https://mathwallet.org/,MATH,$ 21M,"Alameda Research, Amber Group, Binance Incubation, Multicoin"
Biconomy,AA Wallet,⭐️⭐️⭐️⭐️,https://twitter.com/biconomy   https://discord.com/invite/biconomy   https://www.biconomy.io/,BICO,$ 10.5M,"Binance Labs, CoinFund, Coinbase, DACM, Fenbushi Capital, GenBlock Capital, Huobi, Ledger Prime"
Fluvi Wallet,AA Wallet,⭐️⭐️⭐️,https://twitter.com/fluviweb3   https://fluviwallet.xyz/,,,
OneKey,Hardware Wallet,⭐️⭐️⭐️⭐️⭐️,https://twitter.com/OneKeyHQ   https://discord.com/invite/nwUJaTzjzv   https://onekey.so/,,$ 20M," Ribbit Capital, Coinbase, Dragonfly Capital, Ethereal Ventures, Folius Ventures, Framework, IOSG Ventures, Sky9 Capital"
Ledger,Hardware Wallet,⭐️⭐️⭐️⭐️⭐️,https://twitter.com/Ledger   https://www.ledger.com/,,,
Keystone,Hardware Wallet,⭐️⭐️⭐️,https://twitter.com/KeystoneWallet   https://discord.com/invite/6vEfPEJKJD   https://keyst.one/,,,
IDriss,Social Payment,⭐️⭐️⭐️⭐️,https://twitter.com/IDriss_xyz   https://discord.com/invite/RJhJKamjw5   https://www.idriss.xyz/,,,Gitcoin Beta Round
WalletConnect,Wallet-to-dApp,⭐️⭐️⭐️⭐️⭐️,https://twitter.com/walletconnect   https://discord.gg/kdTQHQ6AFQ   https://walletconnect.com/,,$ 23.5M,"1kx, Circle Ventures, Coinbase, ConsenSys Mesh, Shopify"
Web3Auth,Wallet-to-dApp,⭐️⭐️⭐️⭐️⭐️,https://twitter.com/web3auth   https://discord.com/invite/web3auth   http://web3auth.io,,$ 15M,"Binance Labs, Coinbase, Hashed, Kyros Ventures, LD Capital, Multicoin"
bridge.linea,Native Bridge,⭐️⭐️⭐️⭐️⭐️,https://twitter.com/LineaBuild   https://discord.com/invite/linea   https://linea.build/,,,
Satellite,CrossChain Bridge,⭐️⭐️⭐️⭐️⭐️,https://twitter.com/Axl_Satellite   https://discord.com/invite/aRZ3Ra6f7D   https://satellite.money/,,,Axelar
Omni Network,CrossChain Bridge,⭐️⭐️⭐️⭐️⭐️,https://twitter.com/OmniFDN   https://discord.com/invite/bKNXmaX9VD   https://omni.network/,OMNI,$ 18M,"Coinbase, DeFiance Capital, Hashed, Jump Crypto, Pantera Capital, Spartan Group"
zkBridge,CrossChain Bridge,⭐️⭐️⭐️⭐️⭐️,https://twitter.com/PolyhedraZK   https://discord.com/invite/WkjUe5tfZP   https://zkbridge.com/,,$ 25M,"ABCDE Capital, Animoca Brands, Arcane, Binance Labs, Foresight Ventures, HashKey Capital, Kucoin, NGC Ventures, Polychain, Sparkle"
Orbiter,"Cross-L1 Rollup, CrossChain Bridge",⭐️⭐️⭐️⭐️⭐️,https://twitter.com/Orbiter_Finance   http://discord.gg/hJJvXP7C73   https://www.orbiter.finance/,,,"Amber Group, GGV Capital, Lemniscap, Mask Network, Matrixport, Redpoint Ventures, StarkWare, imToken"
Hop Protocol,CrossChain Bridge,⭐️⭐️⭐️⭐️⭐️,https://twitter.com/HopProtocol   https://discord.com/invite/PwCF88emV4   https://app.hop.exchange/,HOP,,"1confirmation, Coinbase"
Stargate,CrossChain Bridge,⭐️⭐️⭐️⭐️⭐️,https://twitter.com/StargateFinance   https://stargate.finance/discord   https://stargate.finance/,STG,,
cBridge,CrossChain Bridge,⭐️⭐️⭐️⭐️,https://twitter.com/CelerNetwork   https://discord.com/invite/Trhab5w   https://cbridge.celer.network/,CELR,,"Binance Labs, Huobi, IOSG Ventures, LD Capital, LinkVC, Pantera Capital, RedlineDAO, Signum Capital, Spark Digital"
Squid,CrossChain Bridge,⭐️⭐️⭐️⭐️,https://twitter.com/squidrouter   http://discord.squidrouter.com/   https://www.squidrouter.com/,,$ 3.5M,"Axelar, Chapter One, Distributed Global, Fabric Ventures, Galileo, Noble, North Island"
Symbiosis,"CrossChain Bridge, CrossChain ZAP",⭐️⭐️⭐️⭐️,https://twitter.com/symbiosis_fi   https://discord.gg/YHgDSJ42eG   https://symbiosis.finance/,SIS,$ 2M,"Amber Group, Binance Incubation, Binance Labs, Blockchain Capital, DAOMaker, DWF Labs, Delta Blockchain, Dragonfly Capital, Gate Labs, Injective, Kenetic Capital, Kucoin, Republic Capital, Shima Capital"
Owlto Finance,CrossChain Bridge,⭐️⭐️⭐️,https://twitter.com/Owlto_Finance   https://discord.com/invite/dyArfVwdxm   https://owlto.finance/bridge,,,
Pheasant,CrossChain Bridge,⭐️⭐️⭐️,https://twitter.com/PheasantNetwork   https://discord.com/invite/pRYSEUVERT   https://pheasant.network/,,,
Interport,CrossChain Bridge,⭐️⭐️⭐️,https://twitter.com/InterportFi   https://discord.com/invite/interport   https://app.interport.fi/,ITP,,
deBridge,CrossChain Bridge,⭐️⭐️⭐️,https://twitter.com/deBridgeFinance   https://discord.gg/debridge   https://debridge.finance/,,,
LI.FI,CrossChain Aggregator,⭐️⭐️⭐️⭐️⭐️,https://twitter.com/lifiprotocol   https://discord.com/invite/lifi   https://jumper.exchange/,,$ 23M,"1kx, Bloccelerate, CoinFund, Coinbase, Dragonfly Capital, Factor, Lattice Capital, Scalar Capital, Superscrypt, Theta"
DEX Screener,DEX Pairs Charts,⭐️⭐️⭐️⭐️⭐️,https://twitter.com/dexscreener   https://discord.com/invite/ARbh55A472   https://dexscreener.com/,,,
WOOFi,AMM DEX,⭐️⭐️⭐️⭐️⭐️,https://twitter.com/_WOOFi   https://discord.com/invite/woonetwork   https://fi.woo.org/,WOO,$ 42M,"3Commas, AscendEX, Binance Labs, Crypto.com, Dragonfly Capital, Fenbushi Capital, Gate Labs, IOSG Ventures, M-Ventures, QCP Capital, RedlineDAO, SevenX Ventures"
Uniswap,AMM DEX,⭐️⭐️⭐️⭐️⭐️,https://twitter.com/Uniswap   https://discord.com/invite/FCfyBSbCU5   https://uniswap.org/,UNI,$ 177M,"Coinbase, Paradigm"
LeetSwap,AMM DEX,⭐️⭐️⭐️⭐️,https://twitter.com/LeetSwap   https://discord.com/invite/me5UbZNxPB   https://base.leetswap.finance/#/swap,LEET,,
AirSwap,AMM DEX,⭐️⭐️⭐️⭐️,https://twitter.com/airswap   https://discord.com/invite/ecQbV7H   https://www.airswap.io/#/,AST,,ConsenSys Mesh
SyncSwap,AMM DEX,⭐️⭐️⭐️⭐️,https://twitter.com/syncswap   https://discord.com/invite/syncswap   https://syncswap.xyz/,,,
zkSwap,AMM DEX,⭐️⭐️⭐️,https://twitter.com/zkSwap_finance   https://discord.com/invite/4eHMumaJDA   https://zkswap.finance/,ZF,,
PixelSwap,AMM DEX,⭐️⭐️⭐️,https://twitter.com/PixelSwapFi   https://discord.com/invite/kQ5NSZMW58   https://pixelswap.xyz/,PIXEL,,
Linea Swap,AMM DEX,⭐️⭐️⭐️,https://twitter.com/Linea_swap   https://discord.com/invite/gFDkyjDwH4   https://lineaswap.build/,LIN,,
NooBys,AMM DEX,⭐️⭐️⭐️,https://twitter.com/NooBysSwap   https://discord.com/invite/mDEFx6YUtS   https://noobysswap.io/#/swap,,,
ZKLineaSwap,AMM DEX,⭐️⭐️⭐️,https://twitter.com/ZKLINEASWAP   https://discord.com/invite/dQCFdbgQk,,,
EchoDEX,"AMM DEX, Yield",⭐️⭐️⭐️,https://twitter.com/Echo_DEX   https://discord.com/invite/Rpkaw84Xpw   https://www.echodex.io/#/swap,,,
dForce,"AMM DEX, Lending",⭐️⭐️⭐️,https://twitter.com/dForcenet   https://discord.com/invite/c2PC8SM   https://dforce.network/,DF,$ 1.5M,Multicoin
PancakeSwap,"CLMM DEX, IDO Launchpad, Yield",⭐️⭐️⭐️⭐️⭐️,https://twitter.com/PancakeSwap   https://discord.com/invite/pancakeswap   https://pancakeswap.finance/,CAKE,,
Sushi,CLMM DEX,⭐️⭐️⭐️⭐️⭐️,https://twitter.com/sushiswap   https://discord.gg/CD2YdZzb7Z   https://sushi.com/,SUSHI,,
HorizonDEX,CLMM DEX,⭐️⭐️⭐️,https://twitter.com/horizondex_io   https://discord.com/invite/horizondex   https://horizondex.io/,,,
iZiSwap,"DLAMM DEX, Yield Optimizer",⭐️⭐️⭐️⭐️,https://twitter.com/izumi_Finance   https://discord.com/invite/vUFpSwxTzz   https://izumi.finance/home,IZI,$ 22M,"Bella Protocol, Incuba Alpha, NextGen Digital, Unicode Digital"
FWDX,P2P DEX,⭐️⭐️,https://twitter.com/FWDX_Official   https://discord.com/invite/aKA2PXJD33   https://testnet.fwdx.xyz/,,,
Velocore,ve(3 3) DEX,⭐️⭐️⭐️⭐️,https://twitter.com/velocorexyz   https://discord.com/invite/velocorexyz   https://velocore.xyz/,VC,,
Cashmere,DEX Aggregator,⭐️⭐️⭐️⭐️,https://twitter.com/CashmereLabs   https://t.me/cashmerelabs   https://cashmere.exchange/,,$ 5M,"Coinbase, CreditEase, FBG Capital, GFC, Serum, Soma Capital, Volt Capital, Y Combinator"
OpenOcean,DEX Aggregator,⭐️⭐️⭐️⭐️,https://twitter.com/OpenOceanGlobal   https://discord.gg/cxK6CCYcGp   https://openocean.finance/,OOE,,
XY Finance,"CrossChain Bridge, DEX Aggregator",⭐️⭐️⭐️⭐️,https://twitter.com/xyfinance   https://discord.gg/xyfinance   https://xy.finance/,XY,$ 12M,"Animoca Brands, Circle Ventures, Infinity Ventures, Lemniscap, Mechanism Capital"
KyberSwap,"DEX Aggregator, Yield",⭐️⭐️⭐️⭐️,https://twitter.com/KyberNetwork   https://discord.com/invite/NB3vc8J9uv   https://kyberswap.com/#/,KNC,,"DHVC, FBG Capital, Fenbushi Capital, GenBlock Capital, Hashed, HyperChain Capital, IOSG Ventures, Pantera Capital, ParaFi Capital, Signum Capital"
zkLink/ZKEX,Orderbook DEX,⭐️⭐️⭐️⭐️⭐️,https://twitter.com/ZKEX_Official   https://discord.com/invite/ctDAYrrNTH   https://zkex.com/,,$ 18.5M,"Ascensive Assets, Big Brain Holdings, Coinbase, Efficient Frontier, SIG DTI"
Gridex,Orderbook DEX,⭐️⭐️⭐️,https://twitter.com/gridexprotocol   https://discord.com/invite/gridex   https://www.gdx.org/,,,
MES Protocol,Orderbook DEX,⭐️⭐️⭐️,https://twitter.com/mesprotocol   https://discord.com/invite/8sD6KHHPa5   https://www.mesprotocol.com/,,,
Satori,Perpetual Market,⭐️⭐️⭐️⭐️,https://twitter.com/SatoriFinance   https://discord.com/invite/satorifinance   https://satori.finance/,,$ 10M,"Blockchain Capital, Coinbase, Jump Crypto, Polychain"
MetalSwap,Options Market,⭐️⭐️⭐️,https://twitter.com/MetalSwapNet   https://discord.com/invite/eYay7NV6vF   https://app.metalswap.finance/,XMT,,
Deri Protocol,Options Market,⭐️⭐️⭐️,https://twitter.com/DeriProtocol   https://discord.com/invite/FEM9GMehHQ   https://deri.io/#/index,DERI,,"BNB Chain Fund, Bixin Ventures, FBG Capital, Kryptos, LD Capital"
LayerBank,Lending,⭐️⭐️⭐️,https://twitter.com/LayerBankFi   https://discord.com/invite/layerbank   https://layerbank.finance/,LAB,,
LineaBank,Lending,⭐️⭐️⭐️,https://twitter.com/LineaBank   https://discord.com/invite/lineabank   https://lineabank.finance/,,,
Peko,Lending,⭐️⭐️⭐️,https://twitter.com/pekoprotocol   https://discord.com/invite/NWkNFJhvDb   https://www.pekoprotocol.xyz/,,,
Mendi,Lending,⭐️⭐️⭐️,https://twitter.com/MendiFinance   https://discord.com/invite/G3vWy8cbnK   https://staging.mendi.finance/,,,
OmniBTC,"CrossChain Bridge, Omnichain Lending",⭐️⭐️⭐️,https://twitter.com/OmniBTC   https://discord.com/invite/Z2EzZcJ72x   https://www.omnibtc.finance/,,,
zkUSD,Stablecoin,⭐️⭐️⭐️,https://twitter.com/zkUSD_Official   https://t.me/zkUSDOfficial   https://zkusd.money/,,,
Overnight(USD+),CDP-Stablecoin,⭐️⭐️⭐️,https://twitter.com/overnight_fi   https://discord.com/invite/overnight-fi   https://overnight.fi/,OVN,,
OKX Web3,"DEX Aggregator, NFT Marketplace",⭐️⭐️⭐️⭐️⭐️,https://twitter.com/okxweb3   https://discord.com/invite/pXmtxwSkNB   https://www.okx.com/cn/web3,,,OKX Ventures
Element,NFT Marketplace,⭐️⭐️⭐️⭐️⭐️,https://twitter.com/Element_Market   https://discord.com/invite/elementmarket   https://element.market/zksync,,$ 11.5M,"Dragonfly Capital, SIG DTI, Sequoia Capital"
Zonic,NFT Marketplace,⭐️⭐️⭐️⭐️,https://twitter.com/zonicapp   https://discord.com/invite/zonic   https://zonic.app/,,,
Bilinear,NFT Marketplace,⭐️⭐️⭐️,https://twitter.com/bilinear_io   https://discord.com/invite/GhzGUgDpcs   https://www.bilinear.io/,,,
Tevaera,NFT Marketplace,⭐️⭐️⭐️,https://twitter.com/tevaera   https://t.me/TevaeraNews   https://tevaera.com/,,,
Omnisea,NFT  Launchpad,⭐️⭐️⭐️⭐️,https://twitter.com/omnisea   https://discord.com/invite/omnisea   https://omnisea.org/,,,
NFTScan,NFT Analytics Tool,⭐️⭐️⭐️⭐️,https://twitter.com/nftscan_com   https://discord.com/invite/8c87fS2HHF   https://arbitrum.nftscan.com/,,$ 1.5M,"Antalpha, Cipholio Ventures, Mask Network, SNZ Holding"
OmniBase,NFT Bridge,⭐️⭐️⭐️⭐️,https://twitter.com/OmniBase_xyz   https://discord.com/invite/omnibase   https://omnibase.xyz/,,,
l2telegraph,NFT Bridge,⭐️⭐️⭐️,https://twitter.com/l2telegraph   https://l2telegraph.xyz/,,,
NFTs2Me,NFT Generator,⭐️⭐️⭐️,https://twitter.com/nfts2me   https://discord.com/invite/KrJAaNUwDD   https://nfts2me.com/,,,
Ultiverse,Game Studio,⭐️⭐️⭐️⭐️,https://twitter.com/UltiverseDAO   https://discord.com/invite/ultiverse   https://www.ultiverse.io/,,$ 9.5M,"Binance Labs, DeFiance Capital, GeekCartel, LIF, Maven Capital, Mint Ventures, SkyVision Capital"
zkHoldem,Fully Onchain Game,⭐️⭐️⭐️⭐️,https://twitter.com/zkHoldem   https://discord.com/invite/jjbSHQVnwg   https://zkholdem.xyz/,,,
DegenReborn,Fully Onchain Game,⭐️⭐️⭐️⭐️,https://twitter.com/DegenReborn   https://t.me/DegenRebornCommunity   https://degenreborn.xyz/,,,"CyberConnect, Era7, Galxe"
420 Empire,SIM  Game,⭐️⭐️⭐️,https://twitter.com/420empire1   https://discord.com/invite/Ejpdpy8Y   https://linktr.ee/420empire,,,
BATTLEMON,GameFi,⭐️⭐️⭐️,https://twitter.com/BATTLEM0N   https://discord.com/invite/RRA8fsakgj   https://battlemon.com/,,,
Lens Protocol,Social Protocol,⭐️⭐️⭐️⭐️⭐️,https://twitter.com/LensProtocol   https://discord.com/invite/lensprotocol   https://www.lens.xyz/,,,
LineaNS,Domain Service,⭐️⭐️⭐️⭐️,https://twitter.com/star_protocol   https://discord.com/invite/dKx5P4F4   https://app.lineans.domains/,,,
zkMe,Digital ID,⭐️⭐️⭐️⭐️,https://twitter.com/zkme_   https://discord.io/zkme   https://zk.me/,,$ 2M,"ArkStream Capital, CMS Holdings, Circle Ventures, Fenbushi Capital, NGC Ventures, Spartan Group"
ReadON,Creators Platform,⭐️⭐️⭐️⭐️,https://twitter.com/ReadOnMe3   https://discord.com/invite/readon   https://readon.me/,,$ 2M,"CyberConnect, Foresight Ventures, HashKey Capital, SevenX Ventures, Sky9 Capital"
L2BEAT,OnChain Activity Analysis,⭐️⭐️⭐️⭐️⭐️,https://twitter.com/l2beat   https://discord.com/invite/eaVKXPmtWk   https://l2beat.com/scaling/tvl,,,
OKLink,OnChain Activity Analysis,⭐️⭐️⭐️⭐️,https://twitter.com/OKLink   https://discord.com/invite/QcywHPgk4S   https://www.oklink.com/zh-cn,,,OKX Ventures
Infura,RPC Operator,⭐️⭐️⭐️⭐️⭐️,https://twitter.com/infura_io   https://discord.com/invite/consensys   https://www.infura.io/networks/ethereum/optimism,,,ConsenSys Mesh
QuestN,OAT/POAP Platform,⭐️⭐️⭐️⭐️,https://twitter.com/QuestN_com   https://discord.com/invite/questn   https://questn.com/,,$ 8M,"Alliance DAO, DHVC, Hash Global, Matrix Partners, NGC Ventures, SevenX Ventures, Sky9 Capital, XIN Family"
TaskOn,OAT/POAP Platform,⭐️⭐️⭐️⭐️,https://twitter.com/taskonxyz   https://discord.com/invite/eaWzVFm9vZ   https://taskon.xyz/,,,
Gelato,No Code Deployment,⭐️⭐️⭐️⭐️⭐️,https://twitter.com/gelatonetwork   https://discord.com/invite/ApbA39BKyJ   https://www.gelato.network/,GEL,$ 17.2M,"D1 Ventures, Dragonfly Capital, Galaxy Digital, IDEO CoLab, IOSG Ventures, ParaFi Capital"
wagmi,TypeScript Tool,⭐️⭐️⭐️⭐️,https://twitter.com/wagmi_sh   https://wagmi.sh/zh-CN,,,Paradigm
Chainlink,Oracle,⭐️⭐️⭐️⭐️⭐️,https://twitter.com/chainlink   https://discord.com/invite/aSK4zew   https://chain.link/,LINK,,
Covalent,OnChain Data Indexing,⭐️⭐️⭐️⭐️⭐️,https://twitter.com/covalent_hq   https://discord.com/invite/VHgmzB9973   https://www.covalenthq.com/,CQT,$ 15.1M,"1kx, AU21 Capital, Alameda Research, Avalanche, Binance Labs, CoinGecko, Coinbase, Delphi Digital, Hashed, Hypersphere, Mechanism Capital, Moonbeam, NEAR"
Geno.id,OnChain Data Indexing,⭐️⭐️⭐️,https://twitter.com/Geno_id   https://geno.id/,,$ 2M,"Kyber, LinkVC, Waterdrip Capital"
thirdweb,Web3 Hosting Service,⭐️⭐️⭐️⭐️⭐️,https://twitter.com/thirdweb   https://discord.com/invite/thirdweb   https://thirdweb.com/,,$ 29M,"Coinbase, Haun Ventures, Polygon Labs, Protocol Labs, Shopify, Shrug Capital"
Particle,"Social Recovery Wallet, Web3 SDK Platform",⭐️⭐️⭐️⭐️,https://twitter.com/ParticleNtwrk   https://discord.com/invite/2y44qr6CR2   https://particle.network/,,$ 8.5M," LongHash Ventures, ABCDE Capital, Animoca Brands, Cobo Ventures, CyberConnect, GSR, HashKey Capital"
LayerZero,CrossChain SDK,⭐️⭐️⭐️⭐️⭐️,https://twitter.com/LayerZero_Labs   https://discord-layerzero.netlify.app/discord   https://layerzero.network/,,$ 261M,"Animoca Brands, Avalanche, Binance Labs, Bixin Ventures, Circle Ventures, CoinFund, Coinbase, Dapper Labs, DeFiance Capital, Delphi Digital, FTX, Fantom, GenBlock Capital, Hypersphere, IOBC Capital, Lightspeed Venture, Matrixport, Multicoin, NGC Ventures, OKX Ventures, OpenSea, PayPal, Polygon Ventures, Robot Ventures, Samsung, Sequoia Capital, Sino Global, Spartan Group, Tiger Global, Uniswap, a16z, imToken"
pimlico,Account Abstraction SDK,⭐️⭐️⭐️⭐️,https://twitter.com/pimlicoHQ   https://www.pimlico.io/,,,
Gauntlet," Security/Audits",⭐️⭐️⭐️⭐️⭐️,https://twitter.com/gauntletnetwork   https://gauntlet.network/,,$ 40M," Ribbit Capital, Coinbase, Dragonfly Capital, IA Ventures, Paradigm, Polychain, Robot Ventures, Standard Crypto"
Revoke.cash," Security/Audits",⭐️⭐️⭐️⭐️,https://twitter.com/RevokeCash   https://discord.com/invite/revoke-cash   https://revoke.cash/,,,
Cookbook,Solidity Libraries,⭐️⭐️⭐️⭐️⭐️,https://x.com/cookbook_dev   https://discord.com/invite/cookbookdev   https://www.cookbook.dev/,,,