﻿Name,Category,Rating Index,Link | Click the Link Text,Token," Raised",Investor
Omni Network,CrossChain Bridge,⭐️⭐️⭐️⭐️⭐️,https://twitter.com/OmniFDN   https://discord.com/invite/bKNXmaX9VD   https://omni.network/,OMNI,$ 18M,"Coinbase, DeFiance Capital, Hashed, Jump Crypto, Pantera Capital, Spartan Group"
zkBridge,CrossChain Bridge,⭐️⭐️⭐️⭐️⭐️,https://twitter.com/PolyhedraZK   https://discord.com/invite/WkjUe5tfZP   https://zkbridge.com/,,$ 25M,"ABCDE Capital, Animoca Brands, Arcane, Binance Labs, Foresight Ventures, HashKey Capital, Kucoin, NGC Ventures, Polychain, Sparkle"
FluxLayer,CrossChain Bridge,⭐️⭐️⭐️⭐️,https://x.com/fluxlayer_io   https://discord.com/invite/NB7JJ4X2x8   https://fluxlayer.io/,,,Binance Labs MVB
Ponder.One,CrossChain Bridge,⭐️⭐️⭐️,https://x.com/Ponder_One   https://t.me/+PykQQR9t7eUxMGFk   https://ponder.one/,,,"Basics Capital, MH Ventures, ZBS capital"
zeroDAO,CrossChain Bridge,⭐️⭐️,https://twitter.com/zerodaohq   https://discord.com/invite/TNNSxFXcgU   https://zerodao.com/,,,
Gasp,"CrossChain DEX, MEV Protection",⭐️⭐️⭐️⭐️,https://x.com/Gasp_xyz   https://discord.com/invite/gasp-xyz   https://www.gasp.xyz/,,$ 10M," Figment Capital, CMS Holdings, IOSG Ventures, Infinity Ventures, LVT Capital, Master Ventures, Polychain, Signum Capital, ZMT Capital"
Pichi Finance,Points Market,⭐️⭐️⭐️,https://x.com/PichiFinance   https://discord.com/invite/pichifinance   https://pichi.finance/,,,
Vela Exchange,"Perpetual Market, RWA Market",⭐️⭐️⭐️⭐️,https://twitter.com/vela_exchange   https://discord.com/invite/velaexchange   https://www.vela.exchange/,VELA,,
Kartel,Perpetual Market,⭐️⭐️⭐️,https://x.com/Kartel_network   https://discord.com/invite/eRYgsJM293   https://www.kartel.network/,,,
Ion Protocol,Lending,⭐️⭐️⭐️⭐️,https://x.com/ionprotocol   https://discord.com/invite/wPRjEwa4xw   https://ionprotocol.io/,,$ 6.8M,"Alameda Research, Bankless, Foresight Ventures, NGC Ventures, Portal Ventures, Robot Ventures, SevenX Ventures"
Liquid Collective,Liquid Staking Token,⭐️⭐️⭐️⭐️⭐️,https://x.com/liquid_col   https://liquidcollective.io/,lsETH,,
Frax Finance,"Fractional Stablecoin, Liquid Staking Token",⭐️⭐️⭐️⭐️⭐️,https://x.com/fraxfinance   https://discord.com/invite/fraxfinance   https://www.frax.com/,FXS/sfrxETH,,"Crypto.com, Dragonfly Capital, Electric Capital, Galaxy Digital, Mechanism Capital, Multicoin, ParaFi Capital, Robot Ventures, Tribe Capital"
Kelp DAO,Liquid Staking Token,⭐️⭐️⭐️⭐️⭐️,https://x.com/KelpDAO   https://discord.com/invite/wfDdcmbMjN   https://kelpdao.xyz/,,$ 9M," LongHash Ventures, Bankless, Cypher Capital, DWF Labs, GSR, HTX Ventures, Hypersphere, Laser Digital, SCB Digital"
ARPA,"BLS Network, Liquid Staking Token",⭐️⭐️⭐️⭐️⭐️,https://x.com/arpaofficial   https://discord.com/invite/swahGvv5XK   https://www.arpanetwork.io/,ARPA,$ 6M,"Animoca Brands, Arrington Capital, Binance Labs, DWF Labs, DeFiance Capital, Lancer Capital, Laser Digital, Ledger Capital"
StakeWise,Liquid Staking Token,⭐️⭐️⭐️⭐️⭐️,https://twitter.com/stakewise_io   https://discord.com/invite/8Zf7tKyXeZ   https://stakewise.io/,SWISE/osETH,$ 2M,"Blockdaemon, Collider, Greenfield"
Stader Labs,Liquid Staking Token,⭐️⭐️⭐️⭐️⭐️,https://twitter.com/OriginProtocol   https://discord.com/invite/xJURAhSmav   https://www.staderlabs.com/,SD/ETHx,$ 16.5M," Figment Capital, Amber Group, Blockchain Capital, Coinbase, Hypersphere, Pantera Capital, Solana Ventures"
Origin Protocol,Liquid Staking Token,⭐️⭐️⭐️⭐️⭐️,https://twitter.com/OriginProtocol   https://discord.com/invite/ogn   https://www.originprotocol.com/,OGN/oETH,$ 31.5M,"1kx, Bitscale Capital, BlockTower, Continue Capital, DHVC, FBG Capital, Kenetic Capital, Pantera Capital, Spartan Group"
Swell,Liquid Staking Token,⭐️⭐️⭐️⭐️⭐️,https://twitter.com/swellnetworkio   https://discord.com/invite/swellnetworkdao   https://www.swellnetwork.io/,swETH,$ 3.75M,"AC Capital, Apollo Crypto, Bixin Ventures, Framework, IOSG Ventures, Maven 11"
Lido,Liquid Staking Token,⭐️⭐️⭐️⭐️⭐️,https://twitter.com/lidofinance   https://discord.com/invite/lido   https://lido.fi/,LDO/stETH,$ 170M,"Alameda Research, Coinbase, DCG, DeFiance Capital, Delphi Digital, Dragonfly Capital, Jump Crypto, KR1, Multicoin, ParaFi Capital, Paradigm, Robot Ventures, Semantic Ventures, The LAO, a16z"
Threshold,Liquid Staking Token,⭐️⭐️⭐️⭐️,https://x.com/TheTNetwork   https://discord.com/invite/threshold   https://threshold.network/,T/tBTC,,
Rocket Pool,Liquid Staking Token,⭐️⭐️⭐️⭐️,https://twitter.com/Rocket_Pool   https://discord.com/invite/rocketpool   https://rocketpool.net/,RPL/rETH,,"1kx, Coinbase, KR1, LK Venture"
Renzo,Restaking,⭐️⭐️⭐️⭐️⭐️,https://x.com/RenzoProtocol   https://discord.com/invite/renzoprotocol   https://www.renzoprotocol.com/,REZ/ezETH,$ 13M," Figment Capital, Bankless, Binance Labs, Bitscale Capital, Brevan Howard Digital, ConsenSys Mesh, Galaxy Digital, IOSG Ventures, Mantle, Maven 11, OKX Ventures, Robot Ventures, SevenX Ventures"
Puffer Finance,"Nodes Operator, Restaking",⭐️⭐️⭐️⭐️⭐️,https://x.com/puffer_finance   https://discord.com/invite/pufferfi   https://www.puffer.fi/,,$ 24M," LongHash Ventures, Animoca Brands, Bankless, Binance Labs, Brevan Howard Digital, Coinbase, ConsenSys Mesh, Electric Capital, Faction, GSR, Inception Capital, IoTeX, Jump Crypto, Kraken Ventures, Lemniscap, Mask Network, Mechanism Capital, SNZ Holding"
PrimeStaked,Restaking,⭐️⭐️⭐️⭐️,https://x.com/PrimeStaked   https://www.primestaked.com/,,,
Eigenpie,Restaking,⭐️⭐️⭐️⭐️,https://x.com/Eigenpiexyz_io   https://discord.com/invite/pVNt553HQs   https://www.eigenlayer.magpiexyz.io/restake,EGP,,"Arbitrum, PancakeSwap, Relayer Capital, Robot Ventures"
Rest Finance,Restaking,⭐️⭐️⭐️,https://x.com/rest_finance   https://www.restfinance.xyz/,,,
LYS Protocol,Restaking,⭐️⭐️⭐️,https://x.com/lysprotocol   https://discord.com/invite/mTwA5HZrTn   https://www.lys.xyz/,,,
Restake Finance,"Liquidity Aggregator, Restaking",⭐️⭐️⭐️,https://twitter.com/restakefi   https://discord.com/invite/pnaHTW7cZv   https://www.restakefinance.com/,RSTK,$ 0.5M,Alfa DAO
Bedrock,"Liquid Staking Token, Restaking Aggregator",⭐️⭐️⭐️⭐️⭐️,https://x.com/Bedrock_DeFi   https://discord.com/invite/ctXrm6wfeg   https://www.bedrock.technology/,uniBTC,,"3Commas, OKX Ventures"
Ether.Fi,Restaking Aggregator,⭐️⭐️⭐️⭐️⭐️,https://twitter.com/ether_fi   https://discord.com/invite/xfFtMA35rm   http://ether.fi/,ETHFI,$ 32.3M,"Amber Group, Arrington Capital, Bankless, Bullish, Chapter One, CoinFund, Foresight Ventures, Hyperithm, North Island, OKX Ventures"
VenusLoop,Restaking Aggregator,⭐️⭐️⭐️,https://x.com/venus_loop   https://discord.com/invite/ETGg4ywmyG   https://venusloop.com/,,,
Inception,Restaking Aggregator,⭐️⭐️⭐️,https://x.com/InceptionLRT   https://discord.com/invite/WuMSynCbxn   https://www.inceptionlrt.com/,,,Dewhales Capital
Ethena Labs,"CDP-Stablecoin, Restaking",⭐️⭐️⭐️⭐️⭐️,https://x.com/ethena_labs   https://discord.com/invite/ethena   https://ethena.fi/,ENA/USDe,$ 20.5M,"Amber Group, Binance Labs, Brevan Howard Digital, CMT Digital, Delphi Digital, Dragonfly Capital, GSR, Galaxy Digital, HTX Ventures, Hashed, Maelstrom Capital, Mirana Ventures, OKX Ventures, Wintermute"
YieldNest,"CDP-Stablecoin, Restaking Aggregator",⭐️⭐️⭐️⭐️,https://x.com/YieldNestFi   https://discord.com/invite/ayAZuQgFaE   https://www.yieldnest.finance/,,$ 5.2M,"Faculty Group, Kahuna Ventures, LVT Capital, Mozaik Capital, Race Capital, Rana Capital"
EpsiLoan,CDP-Stablecoin,⭐️⭐️⭐️,https://x.com/epsiloan_xyz   https://x.com/epsiloan_xyz   https://epsiloan.xyz/,,,
Agilely,CDP-Stablecoin,⭐️⭐️⭐️,https://x.com/agilely_io   https://discord.com/invite/FDejXMnc3H   https://agilely.io/,,,
Solera Finance,CDP-Stablecoin,⭐️⭐️⭐️,https://x.com/SoleraFinance   https://discord.com/invite/jtvHASqAB4   https://solera.finance/,,,
Amplified,Asset Management,⭐️⭐️⭐️,https://x.com/Amplifiedfi   https://discord.com/invite/sbtJqAdnA9   https://amplified.fi/,,,
3Jane,Option Vaults,⭐️⭐️⭐️⭐️,https://x.com/3janexyz   https://discord.com/invite/xzfNggwBjH   https://www.3jane.xyz/,,,
Treasure,"Game Layer2, Gaming Station",⭐️⭐️⭐️⭐️⭐️,https://twitter.com/treasure_dao   https://discord.com/invite/treasuredao   https://treasure.lol/,MAGIC,$ 6.5M,"1kx, Alchemy Ventures, Arbitrum, IOSG Ventures, Merit Circle"
Game7,Game Station,⭐️⭐️⭐️⭐️⭐️,https://x.com/G7_DAO   https://discord.com/invite/joing7   https://game7.io/,,,BitDAO
Xterio,Game Station,⭐️⭐️⭐️⭐️⭐️,https://x.com/XterioGames   https://discord.com/invite/xterio   https://xter.io/,,$ 55M,"Animoca Brands, Binance Labs, Foresight Ventures, FunPlus, HashKey Capital, Infinity Ventures, Makers Fund"
Kiln,Nodes Operator,⭐️⭐️⭐️⭐️⭐️,https://x.com/Kiln_finance   https://www.kiln.fi/,,$ 39M,"1kx, Blockdaemon, ConsenSys Mesh, Crypto.com, GSR, IOSG Ventures, Illuminate Financial, Kraken Ventures, LBank Labs, SV Angel, Wintermute, a16z"
Blockdaemon,Nodes Operator,⭐️⭐️⭐️⭐️⭐️,https://x.com/BlockdaemonHQ   https://www.blockdaemon.com/,,$ 340M,"Blockchain.com, Borderless Capital, CoinFund, CoinShares, Fenbushi Capital, Galaxy Digital, Goldman Sachs, HashKey Capital, J.P. Morgan, Kenetic Capital, Kraken Ventures, Morgan Creek Digital, Republic Capital, Tiger Global"
Figment,Nodes Operator,⭐️⭐️⭐️⭐️⭐️,https://x.com/Figment_io   https://t.me/figmentnetworks   https://figment.io/,,$ 163M,"Binance Labs, Bonfire Ventures, CMS Holdings, GSR, Galaxy Digital, Lemniscap, Liberty City Ventures, ParaFi Capital, StarkWare, Thoma Bravo"
Everstake,Nodes Operator,⭐️⭐️⭐️⭐️⭐️,https://x.com/everstake_pool   https://discord.com/invite/3GYvqvZ3rR   https://everstake.one/,,,
P2P.org,Nodes Operator,⭐️⭐️⭐️⭐️⭐️,https://x.com/P2Pvalidator   https://t.me/P2Pstaking   https://p2p.org/,,$ 23M,"Bybit, Jump Crypto, Sygnum"
EigenYields,Nodes Operator,⭐️⭐️⭐️⭐️⭐️,https://x.com/EigenYields   https://discord.com/invite/eigenyields   https://eigenyields.xyz/,,,
InfStones,Nodes Operator,⭐️⭐️⭐️⭐️⭐️,https://twitter.com/InfStones   https://discord.com/invite/5Sgu93crrA   https://infstones.com/,,$ 109M,"A&T Capital, DHVC, Dragonfly Capital, GGV Capital, HashKey Capital, SIG, SNZ Holding, SoftBank"
Chorus One,Nodes Operator,⭐️⭐️⭐️⭐️⭐️,https://twitter.com/ChorusOne   https://discord.com/invite/bQ6JWVa   https://chorus.one/,,,
Ankr,"Liquid Staking Token, Nodes Operator, RPC Operator",⭐️⭐️⭐️⭐️⭐️,https://twitter.com/ankr   https://discord.gg/ankr   https://www.ankr.com/,ANKR/ankrETH,$ 15M,"ArkStream Capital, Binance Labs, DHVC, LD Capital, Lancer Capital, LinkVC, NGC Ventures, Pantera Capital"
RockX,Nodes Operator,⭐️⭐️⭐️⭐️,https://x.com/rockx_official   https://discord.com/invite/YJzs4UwsTp   https://www.rockx.com/,,$ 6M,"Amber Group, Draper Dragon, FBG Capital, IMO Ventures, Matrixport, Primitive Ventures"
DSRV,Nodes Operator,⭐️⭐️⭐️⭐️,https://x.com/dsrvlabs   https://www.dsrvlabs.com/,,,Hashed
Edge & Node,Nodes Operator,⭐️⭐️⭐️⭐️,https://x.com/edgeandnode   https://edgeandnode.com/,,,The Graph
Allnodes,Nodes Operator,⭐️⭐️⭐️⭐️,https://x.com/allnodes   https://discord.com/invite/allnodes   https://www.allnodes.com/,,,
GraphOps,Nodes Operator,⭐️⭐️⭐️⭐️,https://x.com/graphopsxyz   https://discord.com/invite/graphprotocol   https://graphops.xyz/,,,The Graph
01Node,Nodes Operator,⭐️⭐️⭐️⭐️,https://x.com/01node   https://t.me/node01   https://01node.com/,,,
Atlas,Nodes Operator,⭐️⭐️⭐️⭐️,https://x.com/BuildOnAtlas   https://discord.com/invite/HftrtmSsyW   https://nodeops.xyz/,,,
Nethermind,"Account Abstraction SDK, Blockchain Explorer, MEV Protection, Nodes Operator",⭐️⭐️⭐️⭐️,https://twitter.com/nethermindeth   https://discord.com/invite/PaCMRFdvWT   https://nethermind.io/,,,
Cosmostation,"Extension Wallet, Mobile Wallet, Nodes Operator",⭐️⭐️⭐️⭐️,https://twitter.com/CosmostationVD   https://t.me/cosmostation   https://www.cosmostation.io/,,,
Luganodes,Nodes Operator,⭐️⭐️⭐️⭐️,https://twitter.com/luganodes   https://t.me/luganodes   https://www.luganodes.com/,,,
Stakefish,Nodes Operator,⭐️⭐️⭐️⭐️,https://twitter.com/stakefish   https://t.me/stakefish   https://stake.fish/,,,
Bware Labs,"Nodes Operator, OnChain Data Indexing, RPC Operator",⭐️⭐️⭐️⭐️,https://twitter.com/BwareLabs   https://discord.com/invite/bwarelabs   https://bwarelabs.com/,INFRA,$ 7.2M,Alchemy
Validation Cloud,Nodes Operator,⭐️⭐️⭐️,https://x.com/ValidationCloud   https://www.validationcloud.io/,,$ 5.8M,"Bloccelerate, Cadenza Ventures, Founders Fund"
Stakin,Nodes Operator,⭐️⭐️⭐️,https://x.com/StakinOfficial   https://discord.stakin.com/   https://stakin.com/,,,
Staketab,Nodes Operator,⭐️⭐️⭐️,https://x.com/staketab   https://discord.com/invite/UBQ85uSyAU   https://staketab.com/,,,
Stakely,Nodes Operator,⭐️⭐️⭐️,https://x.com/Stakely_io   https://stakely.io/   https://stakely.io/,,,
Simply Staking,Nodes Operator,⭐️⭐️⭐️,https://x.com/simplystaking   https://discord.com/invite/Kpzc58Gu9a   https://simplystaking.com/,,,
Nodes.Guru,Nodes Operator,⭐️⭐️⭐️,https://x.com/nodesguru   https://t.me/NodesGuruStake   https://nodes.guru/,,,
Node Guardians,"Nodes Operator, RPC Operator",⭐️⭐️⭐️,https://x.com/nodeguardians   https://discord.com/invite/5MNvaMjeHW   https://nodeguardians.io/,,,
Liquify,"Nodes Operator, RPC Operator",⭐️⭐️⭐️,https://x.com/Liquify_ltd   https://www.liquify.io/,,,
ChainUp,Nodes Operator,⭐️⭐️⭐️,https://x.com/chainupcloud   https://discord.com/invite/3FN9zbgBJQ   https://cloud.chainup.com/,,,
DTEAM,Nodes Operator,⭐️⭐️⭐️,https://x.com/dteamtech   https://discord.com/invite/aFfJH3zW4M   https://dteam.tech/,,,
Attestant,Nodes Operator,⭐️⭐️⭐️,https://x.com/attestantio   https://discord.com/invite/egRsdKp   https://www.attestant.io/,,,
A41,Nodes Operator,⭐️⭐️⭐️,https://x.com/a41_allforone/   https://t.me/A41_KO   https://www.a41.io/,,,
Edgevana,Nodes Operator,⭐️⭐️⭐️,https://x.com/edgevana   https://discord.com/invite/edgevana   https://www.edgevana.com/,,,
0Y,Nodes Operator,⭐️⭐️⭐️,https://0y.io/,,,
Coinage x DAIC,Nodes Operator,⭐️⭐️⭐️,https://x.com/coinage_x_daic   https://t.me/daic_capital   https://daic.capital/#validators,,,
Primev,MEV Protection,⭐️⭐️⭐️⭐️,https://x.com/primev_xyz   https://primev.xyz/,,,a16z
Duality Labs,MEV Protection,⭐️⭐️⭐️,https://twitter.com/dualityxyz   https://duality.xyz/,,,
Hyperspace,AI/AIGC/ZKML,⭐️⭐️⭐️,https://x.com/HyperspaceAI   https://hyper.space/,,,
QuillAI Network,AI/AIGC/ZKML,⭐️⭐️⭐️,https://x.com/QuillAI_Network   https://t.me/quillai_network   https://quillai.network/,,,
GM Network,AIoT Rollup,⭐️⭐️⭐️⭐️,https://x.com/GMNetwork_AI   https://discord.com/invite/m4VF9WqzK8   https://gmnetwork.ai/,,,EVG
Polygon CDK,Rollup Stack,⭐️⭐️⭐️⭐️⭐️,https://x.com/0xPolygon   https://discord.com/invite/0xPolygonCommunity   https://polygon.technology/polygon-cdk#,,,Polygon Labs
OP Stack,Rollup Stack,⭐️⭐️⭐️⭐️⭐️,https://x.com/Optimism   https://discord.com/invite/optimism   https://optimism.io/,,,OP Labs
Arbitrum Orbit,Rollup Stack,⭐️⭐️⭐️⭐️⭐️,https://x.com/arbitrum   https://discord.com/invite/arbitrum   https://arbitrum.foundation/orbit,,,Arbitrum
Mind Network,FHE Layer,⭐️⭐️⭐️⭐️⭐️,https://x.com/mindnetwork_xyz   https://discord.com/invite/UYj94MJdGJ   https://www.mindnetwork.xyz/,,$ 2.5M,"3Commas, Big Brain Holdings, Binance Labs, HashKey Capital, Mandala Capital, Moonhill Capital, SevenX Ventures"
Versatus,DeCloud Platform,⭐️⭐️⭐️⭐️,https://x.com/VersatusLabs   https://discord.com/invite/versatus   https://versatus.io/,,$ 1.4M,"Big Brain Holdings, Hyperithm, Jump Crypto, LBank Labs, MH Ventures, NGC Ventures, Republic Capital"
AltLayer,No Code Deployment,⭐️⭐️⭐️⭐️⭐️,https://twitter.com/alt_layer   https://discord.com/invite/altlayer   https://www.altlayer.io/,ALT/reALT,$ 7.2M,"Breyer Capital, Jump Crypto, Polychain"
Gelato,No Code Deployment,⭐️⭐️⭐️⭐️⭐️,https://twitter.com/gelatonetwork   https://discord.com/invite/ApbA39BKyJ   https://www.gelato.network/,GEL,$ 17.2M,"D1 Ventures, Dragonfly Capital, Galaxy Digital, IDEO CoLab, IOSG Ventures, ParaFi Capital"
Conduit,No Code Deployment,⭐️⭐️⭐️⭐️⭐️,https://twitter.com/conduitxyz   https://discord.com/invite/X5Yn3NzVRh   https://conduit.xyz/,,$ 44M,"Bankless, Coinbase, Haun Ventures, Paradigm, Robot Ventures"
Caldera,No Code Deployment,⭐️⭐️⭐️⭐️⭐️,https://twitter.com/calderaxyz   https://discord.com/invite/9KDXrWE48t   https://www.caldera.xyz/,,$ 24M,"1kx, Alliance DAO, Dragonfly Capital, Ethereal Ventures, Lattice Capital, Sequoia Capital, SevenX Ventures"
Zeeve,No Code Deployment,⭐️⭐️⭐️,https://x.com/0xZeeve   https://discord.com/invite/6GjqQ78bBz   https://www.zeeve.io/,,$ 1M,Expert Dojo
Airchains,No Code Deployment,⭐️⭐️⭐️,https://x.com/airchains_io   https://discord.com/invite/airchains   https://www.airchains.io/,,,Cogitent Ventures
Nodekit,Shared Sequencer,⭐️⭐️⭐️⭐️⭐️,https://x.com/nodekitorg   https://discord.com/invite/dWCsehBSCu   https://www.nodekit.xyz/,,$ 1.2M,"Borderless Capital, P2 Ventures, a16z"
Espresso,Shared Sequencer,⭐️⭐️⭐️⭐️⭐️,https://twitter.com/EspressoSys   https://discord.com/invite/DRfcHRnnBz   https://www.espressosys.com/,,$ 32M,"Alameda Research, Blockchain Capital, Coinbase, Electric Capital, Greylock, Polychain, Robot Ventures, Sequoia Capital"
Zellular,Shared Sequencer,⭐️⭐️⭐️,https://x.com/zellular_xyz   https://discord.com/invite/zellular   https://zellular.xyz/,,,
EigenDA,AVS,⭐️⭐️⭐️⭐️⭐️,https://x.com/eigen_da   https://discord.com/invite/eigenlayer   https://www.eigenda.xyz/,,,EigenLayer
Ava Protocol,AVS,⭐️⭐️⭐️⭐️,https://x.com/ava_protocol   https://discord.com/invite/7W9UDvsbwh   https://avaprotocol.org/,,$ 10M,"Bing Ventures, Bloccelerate, Blockwall, Electric Capital, Foundation Capital, GSR, Greylock, Hypersphere, Shima Capital, Taisu Ventures, Wagmi Ventures"
Ditto Network,AVS,⭐️⭐️⭐️,https://x.com/Ditto_Network   https://discord.com/invite/BTaZrZ9w5q   https://dittonetwork.io/,,,
Mishti Network,AVS,⭐️⭐️⭐️,https://x.com/mishtinetwork   https://t.co/zLPrM4lFxy,,,
DeFcor Finance,AVS,⭐️⭐️⭐️,https://x.com/DeFcorFinance   https://discord.com/invite/9gyZV7zzUU   https://www.defcor.finance/,,,
Euclid Finance,AVS,⭐️⭐️⭐️,https://x.com/Euclidfi   https://t.me/EuclidFinance   https://euclidfinance.io/,,,
Automata,"MEV Protection, TEE AVS",⭐️⭐️⭐️⭐️⭐️,https://x.com/AutomataNetwork   https://discord.com/invite/automata   https://www.ata.network/,ATA,$ 6.4M," LongHash Ventures, ArkStream Capital, Binance Labs, GBV Capital, HTX Ventures, IOSG Ventures, Jump Crypto, KR1, Placeholder, Signum Capital"
EigenExplorer,Liquid AVS Token,⭐️⭐️⭐️⭐️,https://x.com/EigenExplorer   https://discord.com/invite/3aTdnXgGNg   https://www.eigenexplorer.com/,,,Binance Labs MVB
RiskLayer,Risk Oracle AVS,⭐️⭐️⭐️⭐️,https://x.com/risk_layer   https://www.risklayer.xyz/,,,"Antler, Momentum 6, Wagmi Ventures"
Aligned,Verification Layer,⭐️⭐️⭐️⭐️⭐️,https://x.com/alignedlayer   https://discord.com/invite/alignedlayer   https://alignedlayer.com/,,$ 23M,"Bankless, C² Ventures, EVG, Hack VC, LambdaClass, Lemniscap, Nomad Capital, StarkWare, Symbolic, dao5"
Anzen Protocol,Optimizing Operator,⭐️⭐️⭐️,https://x.com/AnzenProtocol   https://discord.com/invite/54bKCbAA5E   https://anzenprotocol.xyz/,,,
Blockless,Wasm  SDK,⭐️⭐️⭐️⭐️,https://twitter.com/theblockless   https://discord.com/invite/9eeRHxSCTZ   https://blockless.network/,,,"Bing Ventures, Cogitent Ventures"
Movement,Move VM,⭐️⭐️⭐️⭐️⭐️,https://x.com/movementlabsxyz   https://discord.com/invite/movementlabsxyz   https://movementlabs.xyz/,,$ 41M,"Aptos Labs, Bankless, Binance Labs, Blizzard Fund, Borderless Capital, Foresight Ventures, Hack VC, Maven 11, Nomad Capital, OKX Ventures, Polychain, Robot Ventures, Varys Capital, dao5"
Rooch Network,Move VM,⭐️⭐️⭐️⭐️,https://twitter.com/RoochNetwork   https://discord.com/invite/rooch   https://rooch.network/,,,
Fluent,Modular Execution,⭐️⭐️⭐️,https://x.com/fluentxyz   https://discord.com/invite/fluentlabs   https://fluent.xyz/,,,
Polymer Labs,ZK-IBC SDK,⭐️⭐️⭐️⭐️⭐️,https://twitter.com/polymerdao   https://discord.gg/hvMQp4qcM6   https://www.polymerlabs.org/,,$ 26.6M," Figment Capital,  LongHash Ventures, Blockchain Capital, Coinbase, D1 Ventures, DCG, DFG, Distributed Global, Maven 11, North Island, Placeholder, Signum Capital, The LAO, Wintermute"
Brevis,ZK Prover,⭐️⭐️⭐️⭐️,https://x.com/brevis_zk   https://t.me/brevisnetwork   https://brevis.network/,,,Celer Network
Opacity Network,ZK Prover,⭐️⭐️⭐️⭐️,https://x.com/OpacityNetwork   https://t.me/+Xgj5vWoYTM84ZmQ5   https://www.opacity.network/,,,a16z
MegaETH,Layer2 Rollup,⭐️⭐️⭐️⭐️⭐️,https://x.com/megaeth_labs   https://discord.com/invite/megaeth   https://megaeth.systems/,,$ 20M," Figment Capital, ABCDE Capital, Big Brain Holdings, Dragonfly Capital, Folius Ventures, Inception Capital, OKX Ventures, Robot Ventures"
Layer N,Layer2 Rollup,⭐️⭐️⭐️⭐️,https://x.com/LayerN_Official   https://discord.com/invite/layern   https://www.layern.com/,,$ 8M,"Amber Group, Dewhales Capital, Founders Fund, Kraken Ventures, Mirana Ventures, Solana Ventures, dao5"
Mantle,OP Rollup,⭐️⭐️⭐️⭐️⭐️,https://twitter.com/0xMantle   https://discord.com/invite/0xMantle   https://www.mantle.xyz/,MNT/mETH,$ 230M,"BitDAO, Bybit, Dragonfly Capital, Founders Fund, Jump Crypto, Pantera Capital, Spartan Group"
Celo,OP Rollup,⭐️⭐️⭐️⭐️⭐️,https://twitter.com/CeloOrg   https://discord.com/invite/celo   https://celo.org/,CELO,$ 66.5M,"Coinbase, Dragonfly Capital, Electric Capital, Greenfield, Hack VC, Lakestar, Polychain, SV Angel, a16z"
Edgeless,OP Rollup,⭐️⭐️⭐️,https://x.com/edgelessnetwork   https://discord.com/invite/edgeless   https://www.edgeless.network/,,,
Mode Network,OP Rollup,⭐️⭐️⭐️,https://twitter.com/modenetwork   https://discord.com/invite/ModeNetwork   https://www.mode.network/,MODE,,
X Layer,ZK Rollup,⭐️⭐️⭐️⭐️⭐️,https://x.com/okx   https://discord.com/invite/hkCGKbbbqf   https://www.okx.com/,,,OKX Ventures
Abstract,ZK Rollup,⭐️⭐️⭐️⭐️,https://x.com/AbstractChain  https://discord.com/invite/abstractchain   https://abs.xyz/,,$ 11M,"1kx, EVG, Fenbushi Capital, Founders Fund, Selini Capital"
XAI,Layer3 Rollup,⭐️⭐️⭐️⭐️⭐️,https://twitter.com/XAI_GAMES   https://discord.com/invite/xaigames   https://xai.games/,XAI,,
Novastro Chain,Layer3 Rollup,⭐️⭐️⭐️,https://x.com/Novastro_xyz   https://discord.com/invite/AaPvm8ZvuG   https://www.novastro.xyz/,,,
Helix Labs,OmniVM,⭐️⭐️⭐️⭐️,https://x.com/zkhelixlabs   https://discord.com/invite/MKPfssK985   https://www.helixlabs.org/,,$ 2M,"LD Capital, Taisu Ventures, Tribe Capital"
eOracle,Oracle,⭐️⭐️⭐️,https://x.com/eoracle_network   https://eoracle.io/,,,
Spice AI,OnChain Data Indexing,⭐️⭐️⭐️⭐️,https://twitter.com/spice_ai   https://discord.com/invite/kZnTfneP5u   https://spice.xyz/,,$ 14.5M,"Basis Set, Madrona, Picus Capital, TA Ventures"
OpenLayer,Data Sharing Market,⭐️⭐️⭐️⭐️,https://x.com/OpenLayerHQ   https://discord.com/invite/9EXnvqNUZs   https://openlayer.tech/,,,a16z
Celestia,Data Availability Layer,⭐️⭐️⭐️⭐️⭐️,https://twitter.com/CelestiaOrg   https://discord.com/invite/YsnTPcSfWQ   https://celestia.org/,TIA,$ 56M,"A&T Capital, Binance Labs, Blockchain Capital, Delphi Digital, Galaxy Digital, IOSG Ventures, Jump Crypto, Maven 11, OKX Ventures, Protocol Labs, Spartan Group"
Lagrange,"CrossChain SDK, ZK Prover",⭐️⭐️⭐️⭐️⭐️,https://twitter.com/lagrangedev   https://discord.com/invite/lagrange   https://www.lagrange.dev/,,$ 17M,"1kx, Archetype, CMT Digital, Daedalus, Fenbushi Capital, Founders Fund, Lattice Capital, Mantle, Maven 11, Volt Capital"
Hyperlane,CrossChain SDK,⭐️⭐️⭐️⭐️⭐️,https://twitter.com/hyperlane_xyz   https://discord.gg/VK9ZUy3aTV   https://www.hyperlane.xyz/,,$ 18.5M," Figment Capital, Blockdaemon, Circle Ventures, CoinFund, Crypto Investor, Galaxy Digital, Kraken Ventures"
Drosera," Security/Audits",⭐️⭐️⭐️⭐️,https://twitter.com/DroseraNetwork,,,
Cyber,Social Layer2,⭐️⭐️⭐️⭐️⭐️,https://x.com/BuildOnCyber   https://discord.com/invite/buildoncyber   https://cyber.co/,CYBER,$ 30M,"Amber Group, Animoca Brands, Binance Labs, Delphi Digital, Gate Labs, Hashed, IOSG Ventures, Mask Network, Multicoin, Protocol Labs, SevenX Ventures, Sky9 Capital, Spartan Group"
DODOchain,BTC Layer3,⭐️⭐️⭐️⭐️,https://x.com/DODO_Chain   https://discord.com/invite/tyKReUK   https://www.dodochain.com/,,,DODO
Witness Chain,DePIN Layer2,⭐️⭐️⭐️⭐️,https://twitter.com/witnesschain   https://discord.com/invite/QQufDpvghq   https://witnesschain.com/,,,"Ethereal Ventures, Frontiers Capital, Polychain, Robot Ventures, dao5"