﻿Name,Category,Rating Index,Link | Click the Link Text,Token," Raised",Investor
EigenLayer,"RaaS SDK, Restaking",⭐️⭐️⭐️⭐️⭐️,https://twitter.com/eigenlayer   https://discord.com/invite/eigenlayer   https://www.eigenlayer.xyz/,,$ 64.5M," Figment Capital, Bixin Ventures, Blockchain Capital, Coinbase, Electric Capital, Ethereal Ventures, Finality Capital, Hack VC, Hash3, IOSG Ventures, P2P Validator, Polychain, Polygon Ventures, Robot Ventures, dao5"
BladeDAO,PVP Game,⭐️⭐️⭐️,https://twitter.com/Blade_DAO   https://discord.com/invite/BladeDAO   https://www.bladedao.games/,BLADE,,
Polychain Monsters,Layer3 Rollup,⭐️⭐️⭐️⭐️,https://twitter.com/polychainmon   https://discord.com/invite/polychainmonsters   https://polychainmonsters.com/,PMON,,
Muster Network,Layer3 Rollup,⭐️⭐️⭐️,https://twitter.com/Cometh   https://discord.com/invite/cometh   https://www.cometh.io/,,,Cometh
Celestia,Data Availability Layer,⭐️⭐️⭐️⭐️⭐️,https://twitter.com/CelestiaOrg   https://discord.com/invite/YsnTPcSfWQ   https://celestia.org/,TIA,$ 56M,"A&T Capital, Binance Labs, Blockchain Capital, Delphi Digital, Galaxy Digital, IOSG Ventures, Jump Crypto, Maven 11, OKX Ventures, Protocol Labs, Spartan Group"
Hyperlane,CrossChain SDK,⭐️⭐️⭐️⭐️⭐️,https://twitter.com/hyperlane_xyz   https://discord.gg/VK9ZUy3aTV   https://www.hyperlane.xyz/,,$ 18.5M," Figment Capital, Blockdaemon, Circle Ventures, CoinFund, Crypto Investor, Galaxy Digital, Kraken Ventures"