﻿Name,Category,Rating Index,Link | Click the Link Text,Token," Raised",Investor
Pin Save,Photo Sharing Platform,⭐️⭐️⭐️,https://twitter.com/PinSav3   https://evm.pinsave.app/,,,
Modular Cloud,"Blockchain Explorer, Rollup Stack",⭐️⭐️⭐️,https://twitter.com/modularcloud1   https://explorer.modular.cloud/,,,
Chorus One,Nodes Operator,⭐️⭐️⭐️⭐️⭐️,https://twitter.com/ChorusOne   https://discord.com/invite/bQ6JWVa   https://chorus.one/,,,
Rádius,Shared Sequencer,⭐️⭐️⭐️⭐️,https://twitter.com/radius_xyz   https://discord.com/invite/wdS6k4wz9H   https://www.theradius.xyz/,,$ 1.7M,"Crypto.com, Hashed, LambdaClass, Superscrypt"
Celestia,Data Availability Layer,⭐️⭐️⭐️⭐️⭐️,https://twitter.com/CelestiaOrg   https://discord.com/invite/YsnTPcSfWQ   https://celestia.org/,TIA,$ 56M,"A&T Capital, Binance Labs, Blockchain Capital, Delphi Digital, Galaxy Digital, IOSG Ventures, Jump Crypto, Maven 11, OKX Ventures, Protocol Labs, Spartan Group"