﻿Name,Category,Rating Index,Link | Click the Link Text,Token," Raised",Investor
zkHoldem,Fully Onchain Game,⭐️⭐️⭐️⭐️,https://twitter.com/zkHoldem   https://discord.com/invite/jjbSHQVnwg   https://zkholdem.xyz/,,,
Manta Pacific,OP Rollup,⭐️⭐️⭐️⭐️⭐️,https://twitter.com/MantaNetwork   https://discord.com/invite/mantanetwork   https://manta.network/,,$ 31.6M," LongHash Ventures, Alliance DAO, CMS Holdings, CoinFund, GenBlock Capital, Global Coin Research, Hypersphere, Multicoin, ParaFi Capital, Polychain, Qiming Venture, SNZ Holding, SevenX Ventures, Spartan Group, Zee Prime Capital"
Cronos Chain,OP Rollup,⭐️⭐️⭐️⭐️⭐️,https://twitter.com/cronos_chain   https://discord.com/invite/pahqHz26q4   https://cronos.org/,CRO,,
Loot Chain,OP Rollup,⭐️⭐️⭐️⭐️,https://twitter.com/GoldAdventure   https://discord.com/invite/phSq2EuusS   https://adventuregold.org/,,,Adventure Gold
Taro,OP Rollup,⭐️⭐️⭐️,https://twitter.com/Calderaxyz   https://tarotestnet.com/,,,Caldera
Meliora L3,Layer3 Rollup,⭐️⭐️⭐️,https://twitter.com/meliorafnd   https://meliorachain.io/,,,Volatilis
Syndr,Layer3 Rollup,⭐️⭐️⭐️,https://twitter.com/SyndrHQ   https://t.me/syndr_official   https://www.syndr.com/,,$ 0.5M,"CoinDCX Ventures, Outlier Ventures"
SupraOracles,Oracle,⭐️⭐️⭐️⭐️,https://twitter.com/SupraOracles   https://discord.com/invite/npkMbYswRe   https://supraoracles.com/,,,"Animoca Brands, Coinbase, HashKey Capital, Hashed, Huobi, Republic Capital, Shima Capital"
thirdweb,Web3 Hosting Service,⭐️⭐️⭐️⭐️⭐️,https://twitter.com/thirdweb   https://discord.com/invite/thirdweb   https://thirdweb.com/,,$ 29M,"Coinbase, Haun Ventures, Polygon Labs, Protocol Labs, Shopify, Shrug Capital"
Celestia,Data Availability Layer,⭐️⭐️⭐️⭐️⭐️,https://twitter.com/CelestiaOrg   https://discord.com/invite/YsnTPcSfWQ   https://celestia.org/,TIA,$ 56M,"A&T Capital, Binance Labs, Blockchain Capital, Delphi Digital, Galaxy Digital, IOSG Ventures, Jump Crypto, Maven 11, OKX Ventures, Protocol Labs, Spartan Group"
Hyperlane,CrossChain SDK,⭐️⭐️⭐️⭐️⭐️,https://twitter.com/hyperlane_xyz   https://discord.gg/VK9ZUy3aTV   https://www.hyperlane.xyz/,,$ 18.5M," Figment Capital, Blockdaemon, Circle Ventures, CoinFund, Crypto Investor, Galaxy Digital, Kraken Ventures"