﻿Name,Category,Rating Index,Link | Click the Link Text,Token," Raised",Investor
Catalyst,"CrossChain DEX, CrossChain ZAP",⭐️⭐️⭐️⭐️,https://twitter.com/CatalystAMM   https://t.me/CatalystChat   https://catalyst.exchange/,,$ 4.2M,"Alchemy Ventures, Circle Ventures, Foresight Ventures, HashKey Capital, Maven 11, Robot Ventures, Spartan Group, Superscrypt"
Plural Energy,RWA Market,⭐️⭐️⭐️,https://twitter.com/PluralEnergy   https://www.pluralenergy.co/,,,
EigenLayer,"RaaS SDK, Restaking",⭐️⭐️⭐️⭐️⭐️,https://twitter.com/eigenlayer   https://discord.com/invite/eigenlayer   https://www.eigenlayer.xyz/,,$ 64.5M," Figment Capital, Bixin Ventures, Blockchain Capital, Coinbase, Electric Capital, Ethereal Ventures, Finality Capital, Hack VC, Hash3, IOSG Ventures, P2P Validator, Polychain, Polygon Ventures, Robot Ventures, dao5"
Yama Finance,CDP-Stablecoin,⭐️⭐️⭐️,https://twitter.com/YamaFinance   https://discord.com/invite/YamaFinance   https://yama.finance/,,,
Bullieverse,Gaming Station,⭐️⭐️⭐️⭐️,https://twitter.com/bullieverse/   https://discord.com/invite/bullieverse   https://bullieverse.com/home,BULL,$ 4M,"Gate Labs, GenBlock Capital, Good Games Guild, GravityX Capital, LD Capital, OKX Ventures, Shima Capital"
Conduit,No Code Deployment,⭐️⭐️⭐️⭐️⭐️,https://twitter.com/conduitxyz   https://discord.com/invite/X5Yn3NzVRh   https://conduit.xyz/,,$ 44M,"Bankless, Coinbase, Haun Ventures, Paradigm, Robot Ventures"
Nautilus Chain,Solana VM SDK,⭐️⭐️⭐️⭐️,https://twitter.com/nautilus_chain   https://t.me/nautchain   https://nautchain.xyz/,,,
Cascade,Solana VM SDK,⭐️⭐️⭐️⭐️,https://twitter.com/Injective_   https://discord.com/invite/injective   https://injective.com/,,$ 52.6M,"Bitlink, BlockTower, Brevan Howard Digital, CMS Holdings, Hashed, Jump Crypto, Pantera Capital, QCP Capital"
Polymer Labs,ZK-IBC SDK,⭐️⭐️⭐️⭐️⭐️,https://twitter.com/polymerdao   https://discord.gg/hvMQp4qcM6   https://www.polymerlabs.org/,,$ 26.6M," Figment Capital,  LongHash Ventures, Blockchain Capital, Coinbase, D1 Ventures, DCG, DFG, Distributed Global, Maven 11, North Island, Placeholder, Signum Capital, The LAO, Wintermute"
Cascade,SVM Sidechain,⭐️⭐️⭐️,https://twitter.com/Injective_   https://discord.com/invite/injective   https://docs.cascadehq.xyz/cascade-docs/cascade-developer-documentation,,,
Wynd,Data Sharing Market,⭐️⭐️⭐️,https://twitter.com/WyndNetwork   https://wynd.network/,,$ 1M,"Big Brain Holdings, Eclipse, Satori"
Celestia,Data Availability Layer,⭐️⭐️⭐️⭐️⭐️,https://twitter.com/CelestiaOrg   https://discord.com/invite/YsnTPcSfWQ   https://celestia.org/,TIA,$ 56M,"A&T Capital, Binance Labs, Blockchain Capital, Delphi Digital, Galaxy Digital, IOSG Ventures, Jump Crypto, Maven 11, OKX Ventures, Protocol Labs, Spartan Group"
Hyperlane,CrossChain SDK,⭐️⭐️⭐️⭐️⭐️,https://twitter.com/hyperlane_xyz   https://discord.gg/VK9ZUy3aTV   https://www.hyperlane.xyz/,,$ 18.5M," Figment Capital, Blockdaemon, Circle Ventures, CoinFund, Crypto Investor, Galaxy Digital, Kraken Ventures"