﻿Name,Category,Rating Index,Link | Click the Link Text,Token," Raised",Investor
OKX Wallet,"Extension Wallet, Mobile Wallet",⭐️⭐️⭐️⭐️⭐️,https://twitter.com/okxweb3   https://discord.com/invite/pXmtxwSkNB   https://www.okx.com/web3,OKX,,OKX Ventures
Coinbase Wallet,"Extension Wallet, Mobile Wallet",⭐️⭐️⭐️⭐️⭐️,https://twitter.com/CoinbaseWallet   http://coinbase.com/wallet,,,Coinbase
MetaMask,"Extension Wallet, Mobile Wallet",⭐️⭐️⭐️⭐️⭐️,https://twitter.com/MetaMask   https://metamask.io/,,$ 725M,ConsenSys Mesh
Trust,"Extension Wallet, Mobile Wallet",⭐️⭐️⭐️⭐️,https://twitter.com/trustwallet   https://t.me/trust_announcements   https://trustwallet.com/,TWT,,
XDEFI Wallet,Extension Wallet,⭐️⭐️⭐️⭐️,https://twitter.com/xdefi_wallet   https://discord.com/invite/xdefiwallet   https://www.xdefi.io/,XDEFI,,
BitKeep Wallet,"Extension Wallet, Mobile Wallet",⭐️⭐️⭐️⭐️,https://twitter.com/BitKeepOS   https://discord.com/invite/gUQB7gUarR   https://bitkeep.com/,BKB,$ 45M,"A&T Capital, Bitget, Bixin Ventures, DHVC, Dragonfly Capital, Foresight Ventures, Kucoin, Matrix Partners, Matrixport, SevenX Ventures"
Exodus,"Extension Wallet, Mobile Wallet",⭐️⭐️⭐️,https://twitter.com/exodus_io   https://discord.com/invite/exodus   https://www.exodus.com/,,,
Rabby Wallet,Extension Wallet,⭐️⭐️⭐️,https://twitter.com/Rabby_io   https://discord.com/invite/seFBCWmUre   https://rabby.io/,,,
Kresus,"Mobile Wallet, Social Recovery Wallet",⭐️⭐️⭐️⭐️,https://twitter.com/Kresusofficial   https://discord.com/invite/m9nhCjc3fq   https://www.kresus.com/,,$ 26M,"Bpifrance, Craft Ventures, Franklin Templeton, Liberty City Ventures, Winklevoss Capital"
Rainbow,Mobile Wallet,⭐️⭐️⭐️⭐️,https://twitter.com/rainbowdotme   https://rainbow.me/,,$ 19.5M,"6th Man Ventures, Collab+Currency, FinTech Collective, Seven Seven Six, Y Combinator"
MathWallet,"Extension Wallet, Mobile Wallet",⭐️⭐️⭐️⭐️,https://twitter.com/Mathwallet   https://discord.gg/gXSfnk5eP5   https://mathwallet.org/,MATH,$ 21M,"Alameda Research, Amber Group, Binance Incubation, Multicoin"
Coin98,"Extension Wallet, Mobile Wallet",⭐️⭐️⭐️⭐️,https://twitter.com/coin98_wallet   https://discord.com/invite/ytkeARXYu9   http://coin98.com,C98,,
FoxWallet,Mobile Wallet,⭐️⭐️⭐️,https://twitter.com/FoxWallet   http://discord.gg/DeT46k7538   http://foxwallet.com,,,
NOW Wallet,Mobile Wallet,⭐️⭐️,https://twitter.com/NOW_Wallet   https://t.me/changeNOW_chat   https://walletnow.app/,,,
Sequence,"Game SDK, Social Recovery Wallet",⭐️⭐️⭐️⭐️⭐️,https://twitter.com/0xsequence   https://discord.com/invite/sequence   https://sequence.xyz/,,$ 53M,"BITKRAFT, Brevan Howard Digital, CMT Digital, Initialized Capital, Morgan Creek Digital, Polygon Labs, Sky9 Capital, Take-Two, Ubisoft"
Biconomy,AA Wallet,⭐️⭐️⭐️⭐️,https://twitter.com/biconomy   https://discord.com/invite/biconomy   https://www.biconomy.io/,BICO,$ 10.5M,"Binance Labs, CoinFund, Coinbase, DACM, Fenbushi Capital, GenBlock Capital, Huobi, Ledger Prime"
OneKey,Hardware Wallet,⭐️⭐️⭐️⭐️⭐️,https://twitter.com/OneKeyHQ   https://discord.com/invite/nwUJaTzjzv   https://onekey.so/,,$ 20M," Ribbit Capital, Coinbase, Dragonfly Capital, Ethereal Ventures, Folius Ventures, Framework, IOSG Ventures, Sky9 Capital"
Ledger,Hardware Wallet,⭐️⭐️⭐️⭐️⭐️,https://twitter.com/Ledger   https://www.ledger.com/,,,
Keystone,Hardware Wallet,⭐️⭐️⭐️,https://twitter.com/KeystoneWallet   https://discord.com/invite/6vEfPEJKJD   https://keyst.one/,,,
Ramp,Payment,⭐️⭐️⭐️⭐️,https://twitter.com/RampNetwork   https://ramp.network/about/,,,
Horus Protocol,Payment,⭐️⭐️⭐️,https://twitter.com/HorusCash   https://discord.com/invite/BGnNSHdCMr   https://horus.cash/,,,
Spiral Finance,Privacy Payment,⭐️⭐️,https://twitter.com/SpiralFi   https://discord.com/invite/BamSrNsPW4   https://www.spiralfi.io/,,,
WalletConnect,Wallet-to-dApp,⭐️⭐️⭐️⭐️⭐️,https://twitter.com/walletconnect   https://discord.gg/kdTQHQ6AFQ   https://walletconnect.com/,,$ 23.5M,"1kx, Circle Ventures, Coinbase, ConsenSys Mesh, Shopify"
wallet.polygon,Native Bridge,⭐️⭐️⭐️⭐️⭐️,https://twitter.com/0xPolygonDeFi   https://discord.com/invite/0xPolygon   https://wallet.polygon.technology/zkEVM/bridge,,,
Omni Network,CrossChain Bridge,⭐️⭐️⭐️⭐️⭐️,https://twitter.com/OmniFDN   https://discord.com/invite/bKNXmaX9VD   https://omni.network/,OMNI,$ 18M,"Coinbase, DeFiance Capital, Hashed, Jump Crypto, Pantera Capital, Spartan Group"
Orbiter,"Cross-L1 Rollup, CrossChain Bridge",⭐️⭐️⭐️⭐️⭐️,https://twitter.com/Orbiter_Finance   http://discord.gg/hJJvXP7C73   https://www.orbiter.finance/,,,"Amber Group, GGV Capital, Lemniscap, Mask Network, Matrixport, Redpoint Ventures, StarkWare, imToken"
Stargate,CrossChain Bridge,⭐️⭐️⭐️⭐️⭐️,https://twitter.com/StargateFinance   https://stargate.finance/discord   https://stargate.finance/,STG,,
cBridge,CrossChain Bridge,⭐️⭐️⭐️⭐️,https://twitter.com/CelerNetwork   https://discord.com/invite/Trhab5w   https://cbridge.celer.network/,CELR,,"Binance Labs, Huobi, IOSG Ventures, LD Capital, LinkVC, Pantera Capital, RedlineDAO, Signum Capital, Spark Digital"
Symbiosis,"CrossChain Bridge, CrossChain ZAP",⭐️⭐️⭐️⭐️,https://twitter.com/symbiosis_fi   https://discord.gg/YHgDSJ42eG   https://symbiosis.finance/,SIS,$ 2M,"Amber Group, Binance Incubation, Binance Labs, Blockchain Capital, DAOMaker, DWF Labs, Delta Blockchain, Dragonfly Capital, Gate Labs, Injective, Kenetic Capital, Kucoin, Republic Capital, Shima Capital"
Layerswap,CrossChain Bridge,⭐️⭐️⭐️⭐️,https://twitter.com/layerswap   https://discord.com/invite/KhwYN35sHy   https://www.layerswap.io/,,,
Meson,CrossChain Bridge,⭐️⭐️⭐️⭐️,https://twitter.com/mesonfi   https://discord.gg/meson   https://meson.fi/,,$ 12M,"Delta Blockchain, Electric Capital, UDHC"
rhino.fi,"AMM DEX, CrossChain Bridge, Liquidity Manager, Orderbook DEX",⭐️⭐️⭐️⭐️,https://twitter.com/rhinofi   https://discord.gg/FHcvMKnN   https://app.rhino.fi/bridge,DVF,$ 5.5M," LongHash Ventures, Blockchain Capital, D1 Ventures, DeFiance Capital, Delphi Digital, Fenbushi Capital, GenBlock Capital, Lightspeed Venture, ParaFi Capital, Spartan Group"
Glitter,CrossChain Bridge,⭐️⭐️⭐️,https://twitter.com/GlitterFinance   https://discord.com/invite/uxNjtr6zr8   https://glitterfinance.org/,XGLI,,"Youbi Capital, Zee Prime Capital"
Owlto Finance,CrossChain Bridge,⭐️⭐️⭐️,https://twitter.com/Owlto_Finance   https://discord.com/invite/dyArfVwdxm   https://owlto.finance/bridge,,,
Interport,CrossChain Bridge,⭐️⭐️⭐️,https://twitter.com/InterportFi   https://discord.com/invite/interport   https://app.interport.fi/,ITP,,
Multichain,CrossChain Bridge,⭐️⭐️,https://twitter.com/MultichainOrg   https://t.me/anyswap   https://app.multichain.org/#/router,MULTI,,Binance Incubation
Bungee,CrossChain Aggregator,⭐️⭐️⭐️⭐️,https://twitter.com/bungeeexchange?s=21   https://discord.com/invite/zfKJR8yWaH   https://www.bungee.exchange/,,,
Magpie,CrossChain DEX,⭐️⭐️⭐️⭐️,https://twitter.com/magpieprotocol   https://discord.com/invite/CwJuFeHp6f   https://www.magpiefi.xyz/,,$ 3M,"Apollo Crypto, Big Brain Holdings, D1 Ventures, GSR, Jump Crypto, ParaFi Capital, Republic Capital"
Rubic,CrossChain DEX,⭐️⭐️⭐️⭐️,https://twitter.com/CryptoRubic   https://discord.gg/hayrHU2Tvh   https://rubic.exchange/,RBC,,
DEX Screener,DEX Pairs Charts,⭐️⭐️⭐️⭐️⭐️,https://twitter.com/dexscreener   https://discord.com/invite/ARbh55A472   https://dexscreener.com/,,,
DexGuru,DEX Pairs Charts,⭐️⭐️⭐️⭐️,https://twitter.com/dexguru   https://discord.com/invite/dPW8fzwzz9   https://dex.guru/,,$ 6M,"Bitscale Capital, D1 Ventures, Huobi, Kyber, Lemniscap, Mirana Ventures, ParaFi Capital, Shima Capital, The LAO, Wintermute"
QuickSwap,AMM DEX,⭐️⭐️⭐️⭐️⭐️,https://twitter.com/QuickswapDEX   https://discord.com/invite/dSMd7AFH36   https://quickswap.exchange/,QUICK,,
WOOFi,AMM DEX,⭐️⭐️⭐️⭐️⭐️,https://twitter.com/_WOOFi   https://discord.com/invite/woonetwork   https://fi.woo.org/,WOO,$ 42M,"3Commas, AscendEX, Binance Labs, Crypto.com, Dragonfly Capital, Fenbushi Capital, Gate Labs, IOSG Ventures, M-Ventures, QCP Capital, RedlineDAO, SevenX Ventures"
Balancer,"AMM DEX, Yield",⭐️⭐️⭐️⭐️⭐️,https://twitter.com/Balancer   https://discord.com/invite/ARJWaeF   https://arbitrum.balancer.fi/,BAL,$ 32.25M," LongHash Ventures, Alameda Research, Blockchain Capital, CoinFund, DeFiance Capital, Fenbushi Capital"
Uniswap,AMM DEX,⭐️⭐️⭐️⭐️⭐️,https://twitter.com/Uniswap   https://discord.com/invite/FCfyBSbCU5   https://uniswap.org/,UNI,$ 177M,"Coinbase, Paradigm"
LeetSwap,AMM DEX,⭐️⭐️⭐️⭐️,https://twitter.com/LeetSwap   https://discord.com/invite/me5UbZNxPB   https://base.leetswap.finance/#/swap,LEET,,
Bonsaiswap,AMM DEX,⭐️⭐️⭐️,https://twitter.com/BonsaiswapDEX   https://t.me/+xPbvhWluvwowOWI8   https://bonsaiswap.finance/,,,
FlashLiquidity,AMM DEX,⭐️⭐️⭐️,https://twitter.com/flashliquidity   https://t.me/flashliquidity   https://www.flashliquidity.finance/#/swap,,,
Kokonut,AMM DEX,⭐️⭐️⭐️,https://twitter.com/kokonutswap   https://t.me/KokonutSwap_global   https://kokonutswap.finance/,,,
Mantis Swap,AMM DEX,⭐️⭐️⭐️,https://twitter.com/MantisSwap   https://discord.com/invite/pghwwJXCTN   https://mantissa.finance/,,,
zkEVM Swap,AMM DEX,⭐️⭐️,https://twitter.com/zkEVMswap   https://zkevmswap.com/#/,,,
Planar Finance,AMM DEX,⭐️⭐️,https://twitter.com/PlanarFinance   https://discord.com/invite/7hySzSHQQY   https://planar.finance/,,,
zkDeFi,"AMM DEX, IDO Launchpad, Yield",⭐️⭐️,https://twitter.com/defi_zk   https://t.me/defizk   https://zkdefi.io/,,,
Ascent,AMM DEX,⭐️⭐️,https://twitter.com/AscentExchange   https://discord.com/invite/6VE2PGZFzR   https://ascent.exchange/,,,
PancakeSwap,"CLMM DEX, IDO Launchpad, Yield",⭐️⭐️⭐️⭐️⭐️,https://twitter.com/PancakeSwap   https://discord.com/invite/pancakeswap   https://pancakeswap.finance/,CAKE,,
Sushi,CLMM DEX,⭐️⭐️⭐️⭐️⭐️,https://twitter.com/sushiswap   https://discord.gg/CD2YdZzb7Z   https://sushi.com/,SUSHI,,
DoveSwap,CLMM DEX,⭐️⭐️⭐️,https://twitter.com/DovishFi   https://discord.com/invite/9H5Jn9jwFF   https://swap.dovish.finance/,DOV,,
iZiSwap,"DLAMM DEX, Yield Optimizer",⭐️⭐️⭐️⭐️,https://twitter.com/izumi_Finance   https://discord.com/invite/vUFpSwxTzz   https://izumi.finance/home,IZI,$ 22M,"Bella Protocol, Incuba Alpha, NextGen Digital, Unicode Digital"
FWDX,P2P DEX,⭐️⭐️,https://twitter.com/FWDX_Official   https://discord.com/invite/aKA2PXJD33   https://testnet.fwdx.xyz/,,,
Velocore,ve(3 3) DEX,⭐️⭐️⭐️⭐️,https://twitter.com/velocorexyz   https://discord.com/invite/velocorexyz   https://velocore.xyz/,VC,,
Cashmere,DEX Aggregator,⭐️⭐️⭐️⭐️,https://twitter.com/CashmereLabs   https://t.me/cashmerelabs   https://cashmere.exchange/,,$ 5M,"Coinbase, CreditEase, FBG Capital, GFC, Serum, Soma Capital, Volt Capital, Y Combinator"
OpenOcean,DEX Aggregator,⭐️⭐️⭐️⭐️,https://twitter.com/OpenOceanGlobal   https://discord.gg/cxK6CCYcGp   https://openocean.finance/,OOE,,
XY Finance,"CrossChain Bridge, DEX Aggregator",⭐️⭐️⭐️⭐️,https://twitter.com/xyfinance   https://discord.gg/xyfinance   https://xy.finance/,XY,$ 12M,"Animoca Brands, Circle Ventures, Infinity Ventures, Lemniscap, Mechanism Capital"
zkLink/ZKEX,Orderbook DEX,⭐️⭐️⭐️⭐️⭐️,https://twitter.com/ZKEX_Official   https://discord.com/invite/ctDAYrrNTH   https://zkex.com/,,$ 18.5M,"Ascensive Assets, Big Brain Holdings, Coinbase, Efficient Frontier, SIG DTI"
Clober,Orderbook DEX,⭐️⭐️⭐️,https://twitter.com/CloberDEX   https://discord.com/invite/clober   https://clober.io/,,,
MES Protocol,Orderbook DEX,⭐️⭐️⭐️,https://twitter.com/mesprotocol   https://discord.com/invite/8sD6KHHPa5   https://www.mesprotocol.com/,,,
SynFutures,Perpetual Market,⭐️⭐️⭐️⭐️⭐️,https://twitter.com/SynFuturesDefi   SynFutures%20422539785aa344fe917d82875fc5d015.md   https://www.synfutures.com/,,$ 15.4M,"Bybit, CMS Holdings, Dragonfly Capital, Framework, HashKey Capital, IOSG Ventures, Kronos Asset, Mirana Ventures, Pantera Capital, Polychain, Standard Crypto, Wintermute"
Satori,Perpetual Market,⭐️⭐️⭐️⭐️,https://twitter.com/SatoriFinance   https://discord.com/invite/satorifinance   https://satori.finance/,,$ 10M,"Blockchain Capital, Coinbase, Jump Crypto, Polychain"
Gains Network,"FX Market, Perpetual Market",⭐️⭐️⭐️⭐️,https://twitter.com/GainsNetwork_io   https://discord.com/invite/gains-network   https://gainsnetwork.io/,GNS,,
Dovish.finance,"AMM DEX, Perpetual Market",⭐️⭐️⭐️,https://twitter.com/DovishFi   https://discord.com/invite/Up2SMcfthg   https://shrike.dovish.finance/#/trade,SHK,,
D8X,Perpetual Market,⭐️⭐️⭐️,https://twitter.com/d8x_exchange   https://discord.com/invite/JdJ8EXqCVE   https://d8x.exchange/,,,
D8X,Perpetual Market,⭐️⭐️,https://twitter.com/d8x_exchange   https://discord.com/invite/JdJ8EXqCVE   https://d8x.exchange/,,,
Nexter,Prediction Market,⭐️⭐️⭐️,https://twitter.com/NexterDotFi   https://discord.com/invite/9Vd3FTxKu8   https://app.nexter.fi/,,,
Aave,Lending,⭐️⭐️⭐️⭐️⭐️,https://twitter.com/aave   https://discord.com/invite/aave   https://app.aave.com/,AAVE,$ 48.7M," Ribbit Capital, Blockchain Capital, Blockchain.com, DTC Capital, DeFiance Capital, Framework, ParaFi Capital, Standard Crypto"
Clearpool,Lending,⭐️⭐️⭐️⭐️,https://twitter.com/ClearpoolFin   https://discord.com/invite/YYzxscA4nu   https://app.clearpool.finance/,CPOOL,$ 3M,"Arrington Capital, FBG Capital, GBV Capital, HashKey Capital, Wintermute"
0VIX,Lending,⭐️⭐️⭐️⭐️,https://twitter.com/0vixProtocol   https://discord.com/invite/z3NttNDRv3   https://www.0vix.com/,,,
Tropykus,Lending,⭐️⭐️⭐️,https://twitter.com/tropykus   https://t.me/tropykus   https://tropykus.com/,,,
Mirai,Lending,⭐️⭐️⭐️,https://twitter.com/Mirai_Protocol   https://discord.com/invite/EQjZgVNE3k   https://docs.miraiprotocol.com/,,,
UniLend,Lending,⭐️⭐️⭐️,"https://twitter.com/UniLend_Finance   https://t.me/UniLendFinance   https://unilend.finance/ "," UFT",,
OmniBTC,"CrossChain Bridge, Omnichain Lending",⭐️⭐️⭐️,https://twitter.com/OmniBTC   https://discord.com/invite/Z2EzZcJ72x   https://www.omnibtc.finance/,,,
Kimberlite,Yield,⭐️⭐️⭐️,https://twitter.com/KimberliteLabs   https://discord.com/invite/wsZwhFqhRc   https://kimberlite.rocks/,,,
Primex,Leveraged Yield,⭐️⭐️⭐️,https://twitter.com/primex_official   http://discord.gg/tMAK2mVhwf   https://app.primex.finance/buckets,,,
Antfarm,Yield Optimizer,⭐️⭐️⭐️⭐️,https://twitter.com/antfarmfinance   https://discord.com/invite/6YuMk7zXsV   https://antfarm.finance/,,,
Beefy,Yield Optimizer,⭐️⭐️⭐️⭐️,https://twitter.com/beefyfinance   https://discord.com/invite/yq8wfHd   https://app.beefy.finance/,BIFI,,
Idle DAO,Yield Optimizer,⭐️⭐️⭐️,https://twitter.com/idlefinance   https://discord.com/invite/mpySAJp   https://idle.finance/,IDLE,$ 1.2M," LongHash Ventures, Greenfield, The LAO"
Mellow,Liquidity Manager,⭐️⭐️⭐️⭐️,https://twitter.com/Mellowprotocol   https://discord.com/invite/w6sJDJrV65   https://mellow.finance/,,$ 2.75M,"Arrington Capital, ParaFi Capital, Robot Ventures"
Gamma,Liquidity Manager,⭐️⭐️⭐️⭐️,https://twitter.com/GammaStrategies   https://discord.com/invite/gammastrategies   https://app.gamma.xyz/,GAMMA,$ 3.5M,"1confirmation, 1kx, Alliance DAO, Blockchain Capital, DCG, Electric Capital, GSR, Maven 11, Spartan Group, Tribe Capital"
Unipilot,Liquidity Manager,⭐️⭐️⭐️,https://twitter.com/unipilot_io   https://t.me/unipilot_io   https://app.unipilot.io/add,,,
Ether.Fi,Restaking Aggregator,⭐️⭐️⭐️⭐️⭐️,https://twitter.com/ether_fi   https://discord.com/invite/xfFtMA35rm   http://ether.fi/,ETHFI,$ 32.3M,"Amber Group, Arrington Capital, Bankless, Bullish, Chapter One, CoinFund, Foresight Ventures, Hyperithm, North Island, OKX Ventures"
Polkastarter,IDO Launchpad,⭐️⭐️⭐️⭐️,https://twitter.com/polkastarter   https://discord.com/invite/6WwRrGbWu8   https://polkastarter.com/,,,
Bounce,LBP Platform,⭐️⭐️⭐️⭐️,https://twitter.com/bounce_finance   https://t.me/bounce_finance   https://www.bounce.finance/,AUCTION,,"Blockchain Capital, Coinbase, DHVC, Hashed, Pantera Capital, SNZ Holding"
Gyroscope,CDP-Stablecoin,⭐️⭐️⭐️⭐️,https://twitter.com/gyrostable/   https://discord.com/invite/2vnqnS7wE6   https://gyro.finance/,,$ 4.5M,"Galaxy Digital, Maven 11, Placeholder, Robot Ventures"
OKX Web3,"DEX Aggregator, NFT Marketplace",⭐️⭐️⭐️⭐️⭐️,https://twitter.com/okxweb3   https://discord.com/invite/pXmtxwSkNB   https://www.okx.com/cn/web3,,,OKX Ventures
Element,NFT Marketplace,⭐️⭐️⭐️⭐️⭐️,https://twitter.com/Element_Market   https://discord.com/invite/elementmarket   https://element.market/zksync,,$ 11.5M,"Dragonfly Capital, SIG DTI, Sequoia Capital"
Altura,"NFT Generator, NFT Marketplace",⭐️⭐️⭐️⭐️,https://twitter.com/AlturaNFT   https://discord.com/invite/cHW6SDMsEZ   https://www.alturanft.com/,ALU,,
tofuNFT,NFT Marketplace,⭐️⭐️⭐️⭐️,https://twitter.com/tofuNFT   https://discord.com/invite/3wFUTZmTm7   https://tofunft.com/optimism,,,
Zonic,NFT Marketplace,⭐️⭐️⭐️⭐️,https://twitter.com/zonicapp   https://discord.com/invite/zonic   https://zonic.app/,,,
OnePlanet,NFT Marketplace,⭐️⭐️⭐️,https://twitter.com/OnePlanet_NFT   https://discord.com/invite/FHFwjg4TjP   https://www.oneplanetnft.io/,,,
AstroZero,NFT Marketplace,⭐️⭐️⭐️,https://twitter.com/AstroZeroNFT   https://discadia.com/astrozeronft/   https://astroelon.net/,,,
Dew,NFT Aggregator,⭐️⭐️⭐️,https://twitter.com/Dew_HQ   https://discord.com/invite/dewgg   https://dew.gg/,,,
FAIR,NFT  Launchpad,⭐️⭐️⭐️⭐️,https://twitter.com/fairxyz   https://discord.com/invite/fairxyz   https://fair.xyz/,,,
OmniBase,NFT Bridge,⭐️⭐️⭐️⭐️,https://twitter.com/OmniBase_xyz   https://discord.com/invite/omnibase   https://omnibase.xyz/,,,
l2telegraph,NFT Bridge,⭐️⭐️⭐️,https://twitter.com/l2telegraph   https://l2telegraph.xyz/,,,
Mintplex,NFT Generator,⭐️⭐️⭐️,https://twitter.com/mintplexnft   https://mintfoundry.xyz/,,,
NFTs2Me,NFT Generator,⭐️⭐️⭐️,https://twitter.com/nfts2me   https://discord.com/invite/KrJAaNUwDD   https://nfts2me.com/,,,
DeGame,Gaming Station,⭐️⭐️⭐️⭐️,https://twitter.com/Degame_l2y   https://discord.com/invite/degame   https://degame.com/,,$ 10.2M,"A&T Capital, Avalanche, Bixin Ventures, FBG Capital, Fenbushi Capital, Folius Ventures, Foresight Ventures, Hack VC, HashKey Capital, Kenetic Capital, NGC Ventures, Protocol Labs, Sfermion"
Intella X,"Extension Wallet, Gaming Station, Mobile Wallet",⭐️⭐️⭐️⭐️,https://twitter.com/TeamIntella   https://discord.com/invite/ATbzFeM4C4   https://intellax.io/,,$ 12M,"Animoca Brands, Big Brain Holdings, CRIT Ventures, GCR, Magic Eden, Polygon Labs, WEMIX"
Lens Protocol,Social Protocol,⭐️⭐️⭐️⭐️⭐️,https://twitter.com/LensProtocol   https://discord.com/invite/lensprotocol   https://www.lens.xyz/,,,
Creaton,Creators Platform,⭐️⭐️,https://twitter.com/creaton_io   https://discord.com/invite/krSNH2SghC   https://creaton.io/,,,
L2BEAT,OnChain Activity Analysis,⭐️⭐️⭐️⭐️⭐️,https://twitter.com/l2beat   https://discord.com/invite/eaVKXPmtWk   https://l2beat.com/scaling/tvl,,,
DefiLlama,OnChain Activity Analysis,⭐️⭐️⭐️⭐️⭐️,https://twitter.com/DefiLlama   https://discord.com/invite/buPFYXzDDd   https://defillama.com/,,,Gitcoin Beta Round
OKLink,OnChain Activity Analysis,⭐️⭐️⭐️⭐️,https://twitter.com/OKLink   https://discord.com/invite/QcywHPgk4S   https://www.oklink.com/zh-cn,,,OKX Ventures
ChainDrop,Faucet Platform,⭐️⭐️⭐️,https://x.com/ChainDropFaucet   https://discord.com/invite/wS8wNpqjcM   https://chaindrop.org/?chainid=167007&token=0xeeeeeeeeeeeeeeeeeeeeeeeeeeeeeeeeeeeeeeee,,,
QuickNode,RPC Operator,⭐️⭐️⭐️⭐️⭐️,https://twitter.com/quicknode   https://discord.com/invite/DkdgEqE   https://www.quicknode.com/chains/optimism,,$ 100M,"10T Holdings, Alexis Ohanian, Arrington Capital, Crossbeam, Protocol Labs, SoftBank, Soma Capital, Tiger Global"
Alchemy,RPC Operator,⭐️⭐️⭐️⭐️⭐️,https://twitter.com/AlchemyPlatform   https://www.alchemy.com/alchemy.com/discord   https://www.alchemy.com/,,,
Pocket,RPC Operator,⭐️⭐️⭐️⭐️,https://twitter.com/POKTnetwork   https://discord.com/invite/uYs6Esum3r   https://www.pokt.network/,POKT,$ 10M,"Big Brain Holdings, Collab+Currency, C² Ventures, FBG Capital, Gate Labs, Maven 11, Mechanism Capital, OKX Ventures, Republic Capital, Tribe Capital, Zee Prime Capital"
NodeReal,RPC Operator,⭐️⭐️⭐️⭐️,https://twitter.com/Nodereal_io   https://discord.com/invite/nodereal   https://nodereal.io/,,$ 16M,Sky9 Capital
Ankr,"Liquid Staking Token, Nodes Operator, RPC Operator",⭐️⭐️⭐️⭐️⭐️,https://twitter.com/ankr   https://discord.gg/ankr   https://www.ankr.com/,ANKR/ankrETH,$ 15M,"ArkStream Capital, Binance Labs, DHVC, LD Capital, Lancer Capital, LinkVC, NGC Ventures, Pantera Capital"
Luganodes,Nodes Operator,⭐️⭐️⭐️⭐️,https://twitter.com/luganodes   https://t.me/luganodes   https://www.luganodes.com/,,,
jokedao,DAO Tool,⭐️⭐️⭐️,https://twitter.com/jokedao_   https://t.co/CymeNDo6Qm   https://www.jokedao.io/,JOKE,,
Intmax,RaaS SDK,⭐️⭐️⭐️⭐️⭐️,https://twitter.com/intmaxIO   https://discord.com/invite/N7kYGUPDEE   https://intmax.io/,,$ 5M,"Alchemy Ventures, Antalpha, B Dash, Bitscale Capital, DoraHacks, East Ventures, HashKey Capital, Hyperithm, Mask Network, Scroll"
Gelato,No Code Deployment,⭐️⭐️⭐️⭐️⭐️,https://twitter.com/gelatonetwork   https://discord.com/invite/ApbA39BKyJ   https://www.gelato.network/,GEL,$ 17.2M,"D1 Ventures, Dragonfly Capital, Galaxy Digital, IDEO CoLab, IOSG Ventures, ParaFi Capital"
wagmi,TypeScript Tool,⭐️⭐️⭐️⭐️,https://twitter.com/wagmi_sh   https://wagmi.sh/zh-CN,,,Paradigm
Pyth Network,Oracle,⭐️⭐️⭐️⭐️,https://twitter.com/PythNetwork   https://discord.com/invite/PythNetwork   https://pyth.network/,,,"Alliance DAO, Delphi Digital, GBV Capital, Huobi, Kucoin, Republic Capital, Sino Global"
Witnet,Oracle,⭐️⭐️⭐️,https://twitter.com/witnet_io   https://discord.com/invite/X4uurfP   https://witnet.io/,WIT,,
ZettaBlock,OnChain Data Indexing,⭐️⭐️,https://twitter.com/ZettaBlockHQ   https://www.notion.so/249a126b01be4e43adea5281c262248f?pvs=21   https://www.zettablock.com/,,,
Marlin,Web3 Hosting Service,⭐️⭐️⭐️⭐️,https://twitter.com/MarlinProtocol/   https://discord.com/invite/pdQZyyy   https://www.marlin.org/,POND,$ 3M,"Arrington Capital, Basics Capital, Binance Labs, Bitscale Capital, DWF Labs, Electric Capital, IOSG Ventures, Lancer Capital, NGC Ventures, Spark Digital, Woodstock"
Particle,"Social Recovery Wallet, Web3 SDK Platform",⭐️⭐️⭐️⭐️,https://twitter.com/ParticleNtwrk   https://discord.com/invite/2y44qr6CR2   https://particle.network/,,$ 8.5M," LongHash Ventures, ABCDE Capital, Animoca Brands, Cobo Ventures, CyberConnect, GSR, HashKey Capital"
LayerZero,CrossChain SDK,⭐️⭐️⭐️⭐️⭐️,https://twitter.com/LayerZero_Labs   https://discord-layerzero.netlify.app/discord   https://layerzero.network/,,$ 261M,"Animoca Brands, Avalanche, Binance Labs, Bixin Ventures, Circle Ventures, CoinFund, Coinbase, Dapper Labs, DeFiance Capital, Delphi Digital, FTX, Fantom, GenBlock Capital, Hypersphere, IOBC Capital, Lightspeed Venture, Matrixport, Multicoin, NGC Ventures, OKX Ventures, OpenSea, PayPal, Polygon Ventures, Robot Ventures, Samsung, Sequoia Capital, Sino Global, Spartan Group, Tiger Global, Uniswap, a16z, imToken"
Push Protocol,Web3 Messaging SDK,⭐️⭐️⭐️⭐️,https://twitter.com/pushprotocol   http://discord.gg/pushprotocol   https://push.org/,PUSH,,
ECHO,Web3 Social SDK,⭐️⭐️⭐️⭐️,https://twitter.com/0x_echo   https://discord.com/invite/b6WF9njPze   https://0xecho.com/,,,Gitcoin Beta Round
Gauntlet," Security/Audits",⭐️⭐️⭐️⭐️⭐️,https://twitter.com/gauntletnetwork   https://gauntlet.network/,,$ 40M," Ribbit Capital, Coinbase, Dragonfly Capital, IA Ventures, Paradigm, Polychain, Robot Ventures, Standard Crypto"
Revoke.cash," Security/Audits",⭐️⭐️⭐️⭐️,https://twitter.com/RevokeCash   https://discord.com/invite/revoke-cash   https://revoke.cash/,,,
Cookbook,Solidity Libraries,⭐️⭐️⭐️⭐️⭐️,https://x.com/cookbook_dev   https://discord.com/invite/cookbookdev   https://www.cookbook.dev/,,,
OptiAzukiClub,NFT,⭐️⭐️,https://twitter.com/optiazukiclub   https://discord.gg/QRh44Cy6pP   https://qx.app/collection/optiazukiclub,,,
Abyss World,ARPG Game,⭐️⭐️⭐️⭐️⭐️,https://twitter.com/AbyssWorldHQ   https://discord.com/invite/abyssworldmg   https://www.abyssworld.games/,,,
RocketDash,Racing Game,⭐️⭐️,https://twitter.com/RocketDashGame   https://discord.com/invite/37f9ssXXww   http://rocketdash.game/,,,