﻿Name,Category,Rating Index,Link | Click the Link Text,Token," Raised",Investor
OKX Wallet,"Extension Wallet, Mobile Wallet",⭐️⭐️⭐️⭐️⭐️,https://twitter.com/okxweb3   https://discord.com/invite/pXmtxwSkNB   https://www.okx.com/web3,OKX,,OKX Ventures
Coinbase Wallet,"Extension Wallet, Mobile Wallet",⭐️⭐️⭐️⭐️⭐️,https://twitter.com/CoinbaseWallet   http://coinbase.com/wallet,,,Coinbase
MetaMask,"Extension Wallet, Mobile Wallet",⭐️⭐️⭐️⭐️⭐️,https://twitter.com/MetaMask   https://metamask.io/,,$ 725M,ConsenSys Mesh
Rainbow,Mobile Wallet,⭐️⭐️⭐️⭐️,https://twitter.com/rainbowdotme   https://rainbow.me/,,$ 19.5M,"6th Man Ventures, Collab+Currency, FinTech Collective, Seven Seven Six, Y Combinator"
MathWallet,"Extension Wallet, Mobile Wallet",⭐️⭐️⭐️⭐️,https://twitter.com/Mathwallet   https://discord.gg/gXSfnk5eP5   https://mathwallet.org/,MATH,$ 21M,"Alameda Research, Amber Group, Binance Incubation, Multicoin"
Mass,AA Wallet,⭐️⭐️⭐️⭐️,https://twitter.com/massdotmoney   https://discord.com/invite/MassDotMoney   https://mass.money/,,$ 7.5M,"CMT Digital, Kenetic Capital, Maven Capital, Republic Capital"
Biconomy,AA Wallet,⭐️⭐️⭐️⭐️,https://twitter.com/biconomy   https://discord.com/invite/biconomy   https://www.biconomy.io/,BICO,$ 10.5M,"Binance Labs, CoinFund, Coinbase, DACM, Fenbushi Capital, GenBlock Capital, Huobi, Ledger Prime"
Keystone,Hardware Wallet,⭐️⭐️⭐️,https://twitter.com/KeystoneWallet   https://discord.com/invite/6vEfPEJKJD   https://keyst.one/,,,
Banxa,Payment,⭐️⭐️⭐️⭐️⭐️,https://twitter.com/BanxaOfficial   http://banxa.com,,$ 4.5M,NGC Ventures
Mainnet Bridge,Native Bridge,⭐️⭐️⭐️⭐️⭐️,https://twitter.com/0xMantle   https://discord.com/invite/0xMantle   https://app.mantle.xyz/bridge,,,
Omni Network,CrossChain Bridge,⭐️⭐️⭐️⭐️⭐️,https://twitter.com/OmniFDN   https://discord.com/invite/bKNXmaX9VD   https://omni.network/,OMNI,$ 18M,"Coinbase, DeFiance Capital, Hashed, Jump Crypto, Pantera Capital, Spartan Group"
Symbiosis,"CrossChain Bridge, CrossChain ZAP",⭐️⭐️⭐️⭐️,https://twitter.com/symbiosis_fi   https://discord.gg/YHgDSJ42eG   https://symbiosis.finance/,SIS,$ 2M,"Amber Group, Binance Incubation, Binance Labs, Blockchain Capital, DAOMaker, DWF Labs, Delta Blockchain, Dragonfly Capital, Gate Labs, Injective, Kenetic Capital, Kucoin, Republic Capital, Shima Capital"
Owlto Finance,CrossChain Bridge,⭐️⭐️⭐️,https://twitter.com/Owlto_Finance   https://discord.com/invite/dyArfVwdxm   https://owlto.finance/bridge,,,
DEX Screener,DEX Pairs Charts,⭐️⭐️⭐️⭐️⭐️,https://twitter.com/dexscreener   https://discord.com/invite/ARbh55A472   https://dexscreener.com/,,,
Clipper,AMM DEX,⭐️⭐️⭐️⭐️,https://twitter.com/Clipper_DEX   https://discord.com/invite/clipperDEX   https://clipper.exchange/,SAIL,$ 4M,"Alliance DAO, LD Capital, Polychain, Robot Ventures"
FusionX,AMM DEX,⭐️⭐️⭐️⭐️,https://twitter.com/FusionX_Finance   https://discord.com/invite/fusionxfinance   https://fusionx.finance/,,,
Pulsar Protoco,AMM DEX,⭐️⭐️,https://twitter.com/PulsarSwap   https://discord.com/invite/c7D5Su82f9   https://pulsarswap.com/,,,Gitcoin Beta Round
iZiSwap,"DLAMM DEX, Yield Optimizer",⭐️⭐️⭐️⭐️,https://twitter.com/izumi_Finance   https://discord.com/invite/vUFpSwxTzz   https://izumi.finance/home,IZI,$ 22M,"Bella Protocol, Incuba Alpha, NextGen Digital, Unicode Digital"
XY Finance,"CrossChain Bridge, DEX Aggregator",⭐️⭐️⭐️⭐️,https://twitter.com/xyfinance   https://discord.gg/xyfinance   https://xy.finance/,XY,$ 12M,"Animoca Brands, Circle Ventures, Infinity Ventures, Lemniscap, Mechanism Capital"
zkLink/ZKEX,Orderbook DEX,⭐️⭐️⭐️⭐️⭐️,https://twitter.com/ZKEX_Official   https://discord.com/invite/ctDAYrrNTH   https://zkex.com/,,$ 18.5M,"Ascensive Assets, Big Brain Holdings, Coinbase, Efficient Frontier, SIG DTI"
Pinnako,Perpetual Market,⭐️⭐️⭐️,https://twitter.com/PinnakoDex   https://discord.com/invite/pinnakodex   https://app.pinnako.io/#/,PIKO,,
Deri Protocol,Options Market,⭐️⭐️⭐️,https://twitter.com/DeriProtocol   https://discord.com/invite/FEM9GMehHQ   https://deri.io/#/index,DERI,,"BNB Chain Fund, Bixin Ventures, FBG Capital, Kryptos, LD Capital"
Gamma,Liquidity Manager,⭐️⭐️⭐️⭐️,https://twitter.com/GammaStrategies   https://discord.com/invite/gammastrategies   https://app.gamma.xyz/,GAMMA,$ 3.5M,"1confirmation, 1kx, Alliance DAO, Blockchain Capital, DCG, Electric Capital, GSR, Maven 11, Spartan Group, Tribe Capital"
Entangle,Liquidity Manager,⭐️⭐️⭐️,https://twitter.com/Entanglefi   https://discord.com/invite/entanglefi   https://entangle.fi/,,,Cogitent Ventures
EigenLayer,"RaaS SDK, Restaking",⭐️⭐️⭐️⭐️⭐️,https://twitter.com/eigenlayer   https://discord.com/invite/eigenlayer   https://www.eigenlayer.xyz/,,$ 64.5M," Figment Capital, Bixin Ventures, Blockchain Capital, Coinbase, Electric Capital, Ethereal Ventures, Finality Capital, Hack VC, Hash3, IOSG Ventures, P2P Validator, Polychain, Polygon Ventures, Robot Ventures, dao5"
Reax,Synthetic Assets,⭐️⭐️⭐️,https://twitter.com/reaxfinance   https://discord.com/invite/PbZytGeMhV   https://reax.one/,,,
OKX Web3,"DEX Aggregator, NFT Marketplace",⭐️⭐️⭐️⭐️⭐️,https://twitter.com/okxweb3   https://discord.com/invite/pXmtxwSkNB   https://www.okx.com/cn/web3,,,OKX Ventures
Element,NFT Marketplace,⭐️⭐️⭐️⭐️⭐️,https://twitter.com/Element_Market   https://discord.com/invite/elementmarket   https://element.market/zksync,,$ 11.5M,"Dragonfly Capital, SIG DTI, Sequoia Capital"
Souffl3,NFT Marketplace,⭐️⭐️⭐️⭐️,https://twitter.com/nft_souffl3   https://discord.com/invite/souffl3   https://souffl3.com/,,$ 3M,"Crypto.com, Huobi, Synergis Capital"
FANSI,Music NFT Platform,⭐️⭐️⭐️,https://twitter.com/metaboom_nft   https://discord.com/invite/Kx46xp87BZ   https://metaboom.fansi.me/,,,
a.live,Music NFT Platform,⭐️⭐️,https://twitter.com/alivemusic_eth   https://discord.com/invite/cf3R7Uktqj   https://alive.house/,,,
Verse,Music NFT Platform,⭐️⭐️,https://twitter.com/Verse_audio   https://discord.com/invite/KMuFyb27pZ   https://verse.audio/,,,
StreamNFT,NFT Stake Lending,⭐️⭐️⭐️,https://twitter.com/streamnfthq   https://discord.com/invite/MAzRF4YFjR   https://www.streamnft.tech/,,,
UNITBOX,NFT Stake Lending,⭐️⭐️⭐️,https://twitter.com/Rent2Earn   https://discord.com/invite/TJv89tzsa8   https://marketplace.unitbox.io/,,,
l2telegraph,NFT Bridge,⭐️⭐️⭐️,https://twitter.com/l2telegraph   https://l2telegraph.xyz/,,,
Space Falcon,Game Studio,⭐️⭐️⭐️⭐️,https://twitter.com/SpaceFalconIO   https://discord.com/invite/TwvXFnC3ME   https://spacefalcon.io/,,,
LYNC,Game Studio,⭐️⭐️⭐️,https://twitter.com/Lyncworld   https://discord.com/invite/R8s8NGauRn   https://www.lync.world/,,,
XTRA,Metaverse Engine,⭐️⭐️⭐️,https://twitter.com/0xXtra   https://discord.com/invite/4MguarD8Az   https://www.0xxtra.com/,,,
Good Games Guild,Gaming Guild,⭐️⭐️⭐️⭐️,https://twitter.com/goodgamesguild   https://discord.com/invite/x47U9qkR5K   https://goodgamesguild.com/,,$ 1.7M,"AU21 Capital, Kyros Ventures, LD Capital, Master Ventures, OKX Ventures"
SAKABA,Gaming Guild,⭐️⭐️⭐️,https://twitter.com/SAKABA_xyz   https://discord.com/invite/6cFmEb78k7   https://sakaba.xyz/,,,
XBorg,Gaming Station,⭐️⭐️⭐️⭐️,https://twitter.com/xborg_official   https://discord.com/invite/xborg   https://www.xborg.com/,,,
Bullieverse,Gaming Station,⭐️⭐️⭐️⭐️,https://twitter.com/bullieverse/   https://discord.com/invite/bullieverse   https://bullieverse.com/home,BULL,$ 4M,"Gate Labs, GenBlock Capital, Good Games Guild, GravityX Capital, LD Capital, OKX Ventures, Shima Capital"
FabweltToken,Gaming Station,⭐️⭐️⭐️,https://twitter.com/FabweltToken   https://discord.com/invite/Q3cetjFRTG   https://www.fabwelt.com/,,,
Bloometa,Gaming Station,⭐️⭐️⭐️,https://twitter.com/Bloometa_GameFi   https://discord.com/invite/WQpDwDUh68   https://bloometa.com/,,,
OUTER,Space MMO Game,⭐️⭐️⭐️⭐️,https://twitter.com/OUTER_GAME   https://discord.com/invite/Wz2pKjj6nj   http://outer.gg/,,,
StarShip,Space MMO Game,⭐️⭐️⭐️,https://twitter.com/DeployStarShip   https://discord.com/invite/deploystarship   https://www.deploystarship.com/,STARSHIP,,
ZuraVerse,Space MMO Game,⭐️⭐️⭐️,https://twitter.com/Zuraverse   https://discord.com/invite/UR5AffuWBm   https://zuraverse.xyz/,,,
PSYBER X,FPS Game,⭐️⭐️⭐️,https://twitter.com/PSYBERXGAME   https://discord.com/invite/psyberx   http://psyber-x.com/,,,
Shadow War,FPS Game,⭐️⭐️⭐️,https://twitter.com/shadowwargame   https://discord.com/invite/shadowwar   https://www.shadowwar.com/,,,
Meta Merge,PVP Game,⭐️⭐️⭐️⭐️,https://twitter.com/MetaMerge_xyz   https://discord.com/invite/Ultiverse   https://www.metamerge.xyz/,,,
Lost Donkeys,SIM  Game,⭐️⭐️⭐️,https://twitter.com/TheLostDonkeys   https://discord.com/invite/5UTM4M36NX   https://www.thelostdonkeys.com/,,,
Roboworld,Card Game,⭐️⭐️⭐️⭐️,https://twitter.com/roboworldio   https://discord.com/invite/JmrudcHSPz   https://www.roboworld.io/,,,
Storm Warfare,Card Game,⭐️⭐️⭐️,https://twitter.com/StormWarfare   https://discord.com/invite/stormwarfare   https://stormwarfare.com/,,,
playdex.io,Social Game,⭐️⭐️⭐️,https://twitter.com/playdex   https://discord.com/invite/RDKQm4Jpqg   https://playdex.io/,,,
Pacer,GameFi,⭐️⭐️⭐️,https://twitter.com/pacer_gg   https://discord.com/invite/pacer   https://www.pacer.gg/,,,
Chesslers,GameFi,⭐️⭐️,https://twitter.com/chesslers   https://discord.com/invite/3zrHjhBKwX   https://chesslers.com/,,,
DOTTED,"Mobile Wallet, SocialFi",⭐️⭐️⭐️,https://twitter.com/dttd_nft   https://www.dttd.io/,,$ 2M,Animoca Brands
zkMe,Digital ID,⭐️⭐️⭐️⭐️,https://twitter.com/zkme_   https://discord.io/zkme   https://zk.me/,,$ 2M,"ArkStream Capital, CMS Holdings, Circle Ventures, Fenbushi Capital, NGC Ventures, Spartan Group"
Clique,Digital ID,⭐️⭐️⭐️⭐️,https://twitter.com/Clique2046   https://discord.com/invite/nADagttQBq   https://clique.social/,,$ 3M,"Alliance DAO, DWeb3 Capital, GGV Capital, Mask Network, Mirana Ventures, Qiming Venture, SevenX Ventures, Sky9 Capital"
Script Network,Video Sharing Platform,⭐️⭐️⭐️,https://twitter.com/script_network   https://discord.com/invite/scriptnetwork   https://token.script.tv/,,,
L2BEAT,OnChain Activity Analysis,⭐️⭐️⭐️⭐️⭐️,https://twitter.com/l2beat   https://discord.com/invite/eaVKXPmtWk   https://l2beat.com/scaling/tvl,,,
Atlas,Blockchain Explorer,⭐️⭐️,https://twitter.com/AtlasXY_   https://discord.com/invite/dotearth,,,
Blast API,RPC Operator,⭐️⭐️⭐️,https://twitter.com/BlastAPI   https://discord.com/invite/VPkWESgtvV   https://blastapi.io/,,,
Mercle,DAO Tool,⭐️⭐️⭐️,https://twitter.com/0xmercle   https://discord.com/invite/svVUdDHNZj   https://mercle.xyz/,,,
Hash Case,DAO Tool,⭐️⭐️,https://twitter.com/hash_case   https://discord.com/invite/R4KFeAZu6d   https://www.hashcase.co/,,,
TaskOn,OAT/POAP Platform,⭐️⭐️⭐️⭐️,https://twitter.com/taskonxyz   https://discord.com/invite/eaWzVFm9vZ   https://taskon.xyz/,,,
CryptoDo,No Code Deployment,⭐️⭐️⭐️,https://twitter.com/CryptoDo_app   https://discord.com/invite/rBK2VhRYJS   https://cryptodo.app/,,,
Ingonyama,ZK Prover,⭐️⭐️⭐️,https://twitter.com/Ingo_zk   https://discord.com/invite/qkBVXBpFc4   https://www.ingonyama.com/,,,
SupraOracles,Oracle,⭐️⭐️⭐️⭐️,https://twitter.com/SupraOracles   https://discord.com/invite/npkMbYswRe   https://supraoracles.com/,,,"Animoca Brands, Coinbase, HashKey Capital, Hashed, Huobi, Republic Capital, Shima Capital"
Pyth Network,Oracle,⭐️⭐️⭐️⭐️,https://twitter.com/PythNetwork   https://discord.com/invite/PythNetwork   https://pyth.network/,,,"Alliance DAO, Delphi Digital, GBV Capital, Huobi, Kucoin, Republic Capital, Sino Global"
Covalent,OnChain Data Indexing,⭐️⭐️⭐️⭐️⭐️,https://twitter.com/covalent_hq   https://discord.com/invite/VHgmzB9973   https://www.covalenthq.com/,CQT,$ 15.1M,"1kx, AU21 Capital, Alameda Research, Avalanche, Binance Labs, CoinGecko, Coinbase, Delphi Digital, Hashed, Hypersphere, Mechanism Capital, Moonbeam, NEAR"
1o1.art,dStorage,⭐️⭐️,https://twitter.com/1o1art   https://1o1.art/,,,
Particle,"Social Recovery Wallet, Web3 SDK Platform",⭐️⭐️⭐️⭐️,https://twitter.com/ParticleNtwrk   https://discord.com/invite/2y44qr6CR2   https://particle.network/,,$ 8.5M," LongHash Ventures, ABCDE Capital, Animoca Brands, Cobo Ventures, CyberConnect, GSR, HashKey Capital"
Router Protocol,CrossChain SDK,⭐️⭐️⭐️⭐️,https://twitter.com/routerprotocol   https://discord.com/invite/yjM2fUUHvN   https://app.routerprotocol.com/swap,ROUTE,$ 4.5M,"Alameda Research, Coinbase, Polygon Ventures, QCP Capital, Shima Capital, Wintermute"
Revoke.cash," Security/Audits",⭐️⭐️⭐️⭐️,https://twitter.com/RevokeCash   https://discord.com/invite/revoke-cash   https://revoke.cash/,,,
Cookbook,Solidity Libraries,⭐️⭐️⭐️⭐️⭐️,https://x.com/cookbook_dev   https://discord.com/invite/cookbookdev   https://www.cookbook.dev/,,,
Angelic,MMORPG Game,⭐️⭐️⭐️⭐️,https://twitter.com/angelicthegame   https://t.me/AngelicOfficial   https://www.angelicthegame.com/,,$ 10M,"Animoca Brands, GSR, Gate Labs, Huobi, OKX Ventures, Pantera Capital, Shima Capital, Solana Ventures"
Age of Zalmoxis,MMORPG Game,⭐️⭐️⭐️,https://twitter.com/ageofzalmoxis   https://discord.com/invite/j4Br5886Rx   https://www.ageofzalmoxis.com/,KOSON,,
Fractal RED,MMORPG Game,⭐️⭐️⭐️,https://twitter.com/fractalred   https://discord.com/invite/N6erufjSxt   https://fractalred.io/,,,
OmniKingdoms,MMORPG Game,⭐️⭐️⭐️,https://twitter.com/OmniKingdoms   https://discord.com/invite/NX3qZuAFvG   https://www.omnikingdoms.io/,,,
Apes Planet,Fighting Game,⭐️⭐️⭐️,https://twitter.com/ApesPlanetNFT   https://discord.com/invite/YxFpxfe5xF   https://apesplanet.com/,,,