﻿Name,Category,Rating Index,Link | Click the Link Text,Token," Raised",Investor
OKX Wallet,"Extension Wallet, Mobile Wallet",⭐️⭐️⭐️⭐️⭐️,https://twitter.com/okxweb3   https://discord.com/invite/pXmtxwSkNB   https://www.okx.com/web3,OKX,,OKX Ventures
Coinbase Wallet,"Extension Wallet, Mobile Wallet",⭐️⭐️⭐️⭐️⭐️,https://twitter.com/CoinbaseWallet   http://coinbase.com/wallet,,,Coinbase
MetaMask,"Extension Wallet, Mobile Wallet",⭐️⭐️⭐️⭐️⭐️,https://twitter.com/MetaMask   https://metamask.io/,,$ 725M,ConsenSys Mesh
Sender,"Extension Wallet, Mobile Wallet",⭐️⭐️⭐️⭐️,https://twitter.com/SenderWallet   https://discord.com/invite/9WhejkkbZF   https://sender.org/,,$ 4.5M,"Amber Group, Binance Labs, Crypto.com, D1 Ventures, Jump Crypto, Pantera Capital, SevenX Ventures, Shima Capital, WOO Network"
Trust,"Extension Wallet, Mobile Wallet",⭐️⭐️⭐️⭐️,https://twitter.com/trustwallet   https://t.me/trust_announcements   https://trustwallet.com/,TWT,,
Taho,Extension Wallet,⭐️⭐️⭐️⭐️,https://twitter.com/taho_xyz   https://discord.com/invite/f5G36jeKb2   https://taho.xyz/,,,Gitcoin Beta Round
ONTO Wallet,"Extension Wallet, Mobile Wallet",⭐️⭐️⭐️⭐️,https://twitter.com/ONTOWallet   https://discord.com/invite/4SrrJy2zHe   https://ont.io/,,,IOSG Ventures
Argent,"Extension Wallet, Mobile Wallet",⭐️⭐️⭐️⭐️,https://twitter.com/argentHQ   http://discord.gg/argenthq   https://argent.xyz/,,$ 12M,Paradigm
XDEFI Wallet,Extension Wallet,⭐️⭐️⭐️⭐️,https://twitter.com/xdefi_wallet   https://discord.com/invite/xdefiwallet   https://www.xdefi.io/,XDEFI,,
BitKeep Wallet,"Extension Wallet, Mobile Wallet",⭐️⭐️⭐️⭐️,https://twitter.com/BitKeepOS   https://discord.com/invite/gUQB7gUarR   https://bitkeep.com/,BKB,$ 45M,"A&T Capital, Bitget, Bixin Ventures, DHVC, Dragonfly Capital, Foresight Ventures, Kucoin, Matrix Partners, Matrixport, SevenX Ventures"
Rabby Wallet,Extension Wallet,⭐️⭐️⭐️,https://twitter.com/Rabby_io   https://discord.com/invite/seFBCWmUre   https://rabby.io/,,,
BlockWallet,Extension Wallet,⭐️⭐️⭐️,https://twitter.com/GetBlockWallet   https://discord.com/invite/JNg7FuuGUh?utm_medium=social&utm_source=linktree&utm_campaign=join+discord   http://blockwallet.io,BLANK,$ 1.8M,"GBV Capital, Kyros Ventures, SevenX Ventures, Spark Digital, Woodstock"
Kresus,"Mobile Wallet, Social Recovery Wallet",⭐️⭐️⭐️⭐️,https://twitter.com/Kresusofficial   https://discord.com/invite/m9nhCjc3fq   https://www.kresus.com/,,$ 26M,"Bpifrance, Craft Ventures, Franklin Templeton, Liberty City Ventures, Winklevoss Capital"
TokenPocket,"Hardware Wallet, Mobile Wallet",⭐️⭐️⭐️⭐️,https://twitter.com/TokenPocket_TP   https://discord.com/invite/NKPM8TXFQk   https://www.tokenpocket.pro/,TPT,,
Rainbow,Mobile Wallet,⭐️⭐️⭐️⭐️,https://twitter.com/rainbowdotme   https://rainbow.me/,,$ 19.5M,"6th Man Ventures, Collab+Currency, FinTech Collective, Seven Seven Six, Y Combinator"
MathWallet,"Extension Wallet, Mobile Wallet",⭐️⭐️⭐️⭐️,https://twitter.com/Mathwallet   https://discord.gg/gXSfnk5eP5   https://mathwallet.org/,MATH,$ 21M,"Alameda Research, Amber Group, Binance Incubation, Multicoin"
Coin98,"Extension Wallet, Mobile Wallet",⭐️⭐️⭐️⭐️,https://twitter.com/coin98_wallet   https://discord.com/invite/ytkeARXYu9   http://coin98.com,C98,,
imToken,Mobile Wallet,⭐️⭐️⭐️⭐️,https://twitter.com/imTokenOfficial   http://discord.com/invite/imToken   http://token.im,,,
FoxWallet,Mobile Wallet,⭐️⭐️⭐️,https://twitter.com/FoxWallet   http://discord.gg/DeT46k7538   http://foxwallet.com,,,
HashKey Me,Mobile Wallet,⭐️⭐️,https://twitter.com/hashkey_me   https://discord.gg/E3WfyZ4SAm   https://me.hashkey.com/zh-CN,,,
ECHOOO,Social Recovery Wallet,⭐️⭐️⭐️⭐️,https://twitter.com/echooo_wallet   https://discord.com/invite/UX26GYAJw4   https://www.echooo.xyz/,,$ 15M,"A&T Capital, Skyview Capital"
Raise Finance,Social Recovery Wallet,⭐️⭐️⭐️,https://twitter.com/raise_fi   http://discord.io/Raise-Finance   https://raisefinance.io/,,,
DappOS,AA Wallet,⭐️⭐️⭐️⭐️,https://twitter.com/dappOS_com   https://discord.com/invite/sEtcYb9FgT   https://dappos.com/,,,Binance Incubation
Biconomy,AA Wallet,⭐️⭐️⭐️⭐️,https://twitter.com/biconomy   https://discord.com/invite/biconomy   https://www.biconomy.io/,BICO,$ 10.5M,"Binance Labs, CoinFund, Coinbase, DACM, Fenbushi Capital, GenBlock Capital, Huobi, Ledger Prime"
OneKey,Hardware Wallet,⭐️⭐️⭐️⭐️⭐️,https://twitter.com/OneKeyHQ   https://discord.com/invite/nwUJaTzjzv   https://onekey.so/,,$ 20M," Ribbit Capital, Coinbase, Dragonfly Capital, Ethereal Ventures, Folius Ventures, Framework, IOSG Ventures, Sky9 Capital"
Ledger,Hardware Wallet,⭐️⭐️⭐️⭐️⭐️,https://twitter.com/Ledger   https://www.ledger.com/,,,
D'CENT Wallet,Hardware Wallet,⭐️⭐️⭐️⭐️,https://twitter.com/DCENTwallets   https://dcentwallet.com/,,,
Keystone,Hardware Wallet,⭐️⭐️⭐️,https://twitter.com/KeystoneWallet   https://discord.com/invite/6vEfPEJKJD   https://keyst.one/,,,
Zerion,"Portfolio Dashboard, Smart Contract Wallet, Social Recovery Wallet",⭐️⭐️⭐️⭐️⭐️,https://twitter.com/zerion   https://zerion.io/discord   https://zerion.io/,,$ 12M,"Alchemy, Coinbase, Mosaic, Wintermute"
Debank,Portfolio Dashboard,⭐️⭐️⭐️⭐️⭐️,https://twitter.com/DebankDeFi   https://discord.com/invite/KYuj8DE   http://DeBank.com,,$ 25M,"A&T Capital, Circle Ventures, Crypto.com, Delphi Digital, Dragonfly Capital, Fenbushi Capital, Folius Ventures, Hash Global, HashKey Capital, Ledger Capital, Sequoia Capital, SevenX Ventures, Signum Capital, The LAO, Youbi Capital"
De.Fi," Security/Audits, Portfolio Dashboard",⭐️⭐️⭐️⭐️⭐️,https://twitter.com/dedotfi   https://t.me/DeDotFi   https://de.fi/,,,
Banxa,Payment,⭐️⭐️⭐️⭐️⭐️,https://twitter.com/BanxaOfficial   http://banxa.com,,$ 4.5M,NGC Ventures
Ramp,Payment,⭐️⭐️⭐️⭐️,https://twitter.com/RampNetwork   https://ramp.network/about/,,,
Horus Protocol,Payment,⭐️⭐️⭐️,https://twitter.com/HorusCash   https://discord.com/invite/BGnNSHdCMr   https://horus.cash/,,,
Sprintcheckout,Payment,⭐️⭐️⭐️,https://twitter.com/sprintcheckout   https://www.sprintcheckout.com/,,,
Whisper,Stream Payment,⭐️⭐️⭐️,https://twitter.com/Whisper_Zk   https://discord.com/invite/SkeZtnamET   https://whispertools.io/,WISP,,
Spiral Finance,Privacy Payment,⭐️⭐️,https://twitter.com/SpiralFi   https://discord.com/invite/BamSrNsPW4   https://www.spiralfi.io/,,,
IDriss,Social Payment,⭐️⭐️⭐️⭐️,https://twitter.com/IDriss_xyz   https://discord.com/invite/RJhJKamjw5   https://www.idriss.xyz/,,,Gitcoin Beta Round
Gnosis Safe,"MultiSig Payment, MultiSig Wallet",⭐️⭐️⭐️⭐️⭐️,https://twitter.com/safe   https://discord.com/invite/nrQVY2566v   https://safe.global/,SAFE,$ 100M,"1kx, A&T Capital, Arweave, Bixin Ventures, Blockchain Capital, Blockchain.com, Blockdaemon, Brevan Howard Digital, CMT Digital, Coinbase, ConsenSys Mesh, DCG, Fenbushi Capital, GSR, Global Coin Research, IOSG Ventures, Kraken Ventures, Lightspeed Venture, ParaFi Capital, Polygon Ventures, Republic Capital, The LAO, Tiger Global"
WalletConnect,Wallet-to-dApp,⭐️⭐️⭐️⭐️⭐️,https://twitter.com/walletconnect   https://discord.gg/kdTQHQ6AFQ   https://walletconnect.com/,,$ 23.5M,"1kx, Circle Ventures, Coinbase, ConsenSys Mesh, Shopify"
txSync,Native Bridge,⭐️⭐️⭐️⭐️⭐️,https://twitter.com/txSync_io   https://discord.gg/ZJtFETyFE9   https://portal.txsync.io/bridge/,,,zkSync
Omni Network,CrossChain Bridge,⭐️⭐️⭐️⭐️⭐️,https://twitter.com/OmniFDN   https://discord.com/invite/bKNXmaX9VD   https://omni.network/,OMNI,$ 18M,"Coinbase, DeFiance Capital, Hashed, Jump Crypto, Pantera Capital, Spartan Group"
Orbiter,"Cross-L1 Rollup, CrossChain Bridge",⭐️⭐️⭐️⭐️⭐️,https://twitter.com/Orbiter_Finance   http://discord.gg/hJJvXP7C73   https://www.orbiter.finance/,,,"Amber Group, GGV Capital, Lemniscap, Mask Network, Matrixport, Redpoint Ventures, StarkWare, imToken"
Hop Protocol,CrossChain Bridge,⭐️⭐️⭐️⭐️⭐️,https://twitter.com/HopProtocol   https://discord.com/invite/PwCF88emV4   https://app.hop.exchange/,HOP,,"1confirmation, Coinbase"
Stargate,CrossChain Bridge,⭐️⭐️⭐️⭐️⭐️,https://twitter.com/StargateFinance   https://stargate.finance/discord   https://stargate.finance/,STG,,
cBridge,CrossChain Bridge,⭐️⭐️⭐️⭐️,https://twitter.com/CelerNetwork   https://discord.com/invite/Trhab5w   https://cbridge.celer.network/,CELR,,"Binance Labs, Huobi, IOSG Ventures, LD Capital, LinkVC, Pantera Capital, RedlineDAO, Signum Capital, Spark Digital"
Symbiosis,"CrossChain Bridge, CrossChain ZAP",⭐️⭐️⭐️⭐️,https://twitter.com/symbiosis_fi   https://discord.gg/YHgDSJ42eG   https://symbiosis.finance/,SIS,$ 2M,"Amber Group, Binance Incubation, Binance Labs, Blockchain Capital, DAOMaker, DWF Labs, Delta Blockchain, Dragonfly Capital, Gate Labs, Injective, Kenetic Capital, Kucoin, Republic Capital, Shima Capital"
Layerswap,CrossChain Bridge,⭐️⭐️⭐️⭐️,https://twitter.com/layerswap   https://discord.com/invite/KhwYN35sHy   https://www.layerswap.io/,,,
Meson,CrossChain Bridge,⭐️⭐️⭐️⭐️,https://twitter.com/mesonfi   https://discord.gg/meson   https://meson.fi/,,$ 12M,"Delta Blockchain, Electric Capital, UDHC"
rhino.fi,"AMM DEX, CrossChain Bridge, Liquidity Manager, Orderbook DEX",⭐️⭐️⭐️⭐️,https://twitter.com/rhinofi   https://discord.gg/FHcvMKnN   https://app.rhino.fi/bridge,DVF,$ 5.5M," LongHash Ventures, Blockchain Capital, D1 Ventures, DeFiance Capital, Delphi Digital, Fenbushi Capital, GenBlock Capital, Lightspeed Venture, ParaFi Capital, Spartan Group"
Owlto Finance,CrossChain Bridge,⭐️⭐️⭐️,https://twitter.com/Owlto_Finance   https://discord.com/invite/dyArfVwdxm   https://owlto.finance/bridge,,,
Interport,CrossChain Bridge,⭐️⭐️⭐️,https://twitter.com/InterportFi   https://discord.com/invite/interport   https://app.interport.fi/,ITP,,
O3 Labs,"AMM DEX, CrossChain Bridge, Mobile Wallet",⭐️⭐️⭐️,https://twitter.com/O3_Labs   https://discord.com/invite/dmckMXhWNJ   https://o3.network/#/wallet,O3,,
Poly Network,CrossChain Bridge,⭐️⭐️⭐️,https://twitter.com/PolyNetwork2   https://discord.com/invite/y6MuEnq   https://poly.network/#/,,,Huobi
Multichain,CrossChain Bridge,⭐️⭐️,https://twitter.com/MultichainOrg   https://t.me/anyswap   https://app.multichain.org/#/router,MULTI,,Binance Incubation
Bungee,CrossChain Aggregator,⭐️⭐️⭐️⭐️,https://twitter.com/bungeeexchange?s=21   https://discord.com/invite/zfKJR8yWaH   https://www.bungee.exchange/,,,
Pontoon,CrossChain DEX,⭐️⭐️⭐️,https://twitter.com/PontoonFi   https://pontoon.fi/   https://pontoon.fi/,,,
DEX Screener,DEX Pairs Charts,⭐️⭐️⭐️⭐️⭐️,https://twitter.com/dexscreener   https://discord.com/invite/ARbh55A472   https://dexscreener.com/,,,
DexGuru,DEX Pairs Charts,⭐️⭐️⭐️⭐️,https://twitter.com/dexguru   https://discord.com/invite/dPW8fzwzz9   https://dex.guru/,,$ 6M,"Bitscale Capital, D1 Ventures, Huobi, Kyber, Lemniscap, Mirana Ventures, ParaFi Capital, Shima Capital, The LAO, Wintermute"
Ave.ai,DEX Pairs Charts,⭐️⭐️⭐️⭐️,https://twitter.com/aveaiofficial   https://t.me/aveai_english   https://ave.ai/home,,,
Maverick,AMM DEX,⭐️⭐️⭐️⭐️⭐️,https://twitter.com/mavprotocol   http://bit.ly/MavDiscord   https://www.mav.xyz/,MAV,$ 17M,"Altonomy, Apollo Crypto, Binance Labs, CMT Digital, Circle Ventures, Coinbase, Jump Crypto, Pantera Capital, Peter Thiel, Spartan Group"
WOOFi,AMM DEX,⭐️⭐️⭐️⭐️⭐️,https://twitter.com/_WOOFi   https://discord.com/invite/woonetwork   https://fi.woo.org/,WOO,$ 42M,"3Commas, AscendEX, Binance Labs, Crypto.com, Dragonfly Capital, Fenbushi Capital, Gate Labs, IOSG Ventures, M-Ventures, QCP Capital, RedlineDAO, SevenX Ventures"
Uniswap,AMM DEX,⭐️⭐️⭐️⭐️⭐️,https://twitter.com/Uniswap   https://discord.com/invite/FCfyBSbCU5   https://uniswap.org/,UNI,$ 177M,"Coinbase, Paradigm"
Starmaker,"AMM DEX, IDO Launchpad",⭐️⭐️⭐️⭐️,https://twitter.com/starmakerzksync   https://discord.com/invite/GNAPzXxsAq   https://starmaker.exchange/,,,
SyncSwap,AMM DEX,⭐️⭐️⭐️⭐️,https://twitter.com/syncswap   https://discord.com/invite/syncswap   https://syncswap.xyz/,,,
Mute.io,AMM DEX,⭐️⭐️⭐️⭐️,https://twitter.com/mute_io   https://discord.gg/muteio   https://mute.io/,MUTE,,
SpaceFi,"AMM DEX, Yield",⭐️⭐️⭐️⭐️,https://twitter.com/spacefi_io   https://discord.com/invite/fnEGN3E2ca   https://www.spacefi.io/,SPACE,,
zkSwap,AMM DEX,⭐️⭐️⭐️,https://twitter.com/zkSwap_finance   https://discord.com/invite/4eHMumaJDA   https://zkswap.finance/,ZF,,
PixelSwap,AMM DEX,⭐️⭐️⭐️,https://twitter.com/PixelSwapFi   https://discord.com/invite/kQ5NSZMW58   https://pixelswap.xyz/,PIXEL,,
Tyche Protocol,AMM DEX,⭐️⭐️⭐️,https://twitter.com/tychezone   https://discord.com/invite/tyche   https://zk.app.tyche.zone/#/swap,,,
Onsen Swap,AMM DEX,⭐️⭐️⭐️,https://twitter.com/OnsenSwap   https://discord.com/invite/wxBAuGTSHR   https://app.onsenswap.xyz/,,,
CrusSwap,AMM DEX,⭐️⭐️⭐️,https://twitter.com/CrusSwap   https://discord.com/invite/HG7hPBEJQy   https://crus.xyz/,,,
SyncBank,AMM DEX,⭐️⭐️⭐️,https://twitter.com/SyncBankxyz   https://discord.com/invite/g8eNuudNxe   https://syncbank.xyz/bank,SCB,,
Cyrus Swap,"AMM DEX, IDO Launchpad",⭐️⭐️⭐️,https://twitter.com/CyrusSwap   https://t.me/Cyrus_Swap   https://cyrus.exchange/,,,
Megalon,"AMM DEX, IDO Launchpad",⭐️⭐️⭐️,https://twitter.com/Megalon_App   https://discord.com/invite/satQ7wyncE   https://megalon.app/,,,
Bulletswap,"AMM DEX, IDO Launchpad",⭐️⭐️⭐️,https://twitter.com/Bulletswap_DEX   https://discord.com/invite/uRx8jmGgS6   https://bullets.finance/,,,
eZKalibur,"AMM DEX, IDO Launchpad",⭐️⭐️⭐️,https://twitter.com/zkaliburDEX   https://discord.com/invite/ypqHnKE5KF   https://www.ezkalibur.com/,,,
ChocolateSwap,"AMM DEX, IDO Launchpad",⭐️⭐️⭐️,https://twitter.com/Chocolate_Zks   https://t.me/ChocolateSwapZks   http://chocolateswap.org/#/swap,,,
SyncDEX,AMM DEX,⭐️⭐️⭐️,https://twitter.com/SyncDex_Finance   https://discord.com/invite/syncdex   https://syncdex.finance/,SYDX,,
ZKSpace,"AMM DEX, Domain Service",⭐️⭐️⭐️,https://twitter.com/ZKSpaceOfficial   https://discord.com/invite/WpdcVcVTf7   https://zks.org/,,,
Sobajaswap,"AMM DEX, IDO Launchpad",⭐️⭐️,https://twitter.com/Sobajaswap   https://sobajaswap.com/#,,,
zkChowswap,AMM DEX,⭐️⭐️,https://twitter.com/zkChowswap   https://discord.com/invite/UwChPMvr   https://zkchowswap.com/,,,
Stratum Finance,AMM DEX,⭐️⭐️,https://twitter.com/StratumFinance   https://t.me/stratumfinance,,,
Zycta Finance,"AMM DEX, IDO Launchpad",⭐️⭐️,https://twitter.com/zyctafinance,,,
IN.Exchange,AMM DEX,⭐️⭐️,https://twitter.com/IN_Exchange_zk   https://discord.com/invite/wPYbJwJjJU,,,
ZUDO FINANCE,AMM DEX,⭐️⭐️,https://twitter.com/zudo_finance   https://discord.com/invite/mmWAcbjv6C   https://zudo.finance/,ZUDO,,
ko.one,"AMM DEX, IDO Launchpad",⭐️⭐️,https://twitter.com/ko___one   https://t.me/www_ko_one   https://ko.one/swap,,,
zkDeFi,"AMM DEX, IDO Launchpad, Yield",⭐️⭐️,https://twitter.com/defi_zk   https://t.me/defizk   https://zkdefi.io/,,,
ZyncSwap,AMM DEX,⭐️⭐️,https://twitter.com/zyncswap   http://zyncswap.com/,,,
Zedswap,AMM DEX,⭐️⭐️,https://twitter.com/Zedswap   https://discord.com/invite/aEPg695Eqh,,,
JawSwap,AMM DEX,⭐️⭐️,https://twitter.com/JawSwap   https://discord.com/invite/eQuntnrPvn   https://jawswap.xyz/,,,
Swift Swap,AMM DEX,⭐️⭐️,https://twitter.com/swiftswapfi,,,
GemSwap,"AMM DEX, IDO Launchpad, Yield",⭐️⭐️,https://twitter.com/GemSwap_ZKS   https://t.me/GemSwap_ZKS   https://zks.gemswap.online/swap,ZGEM,,
GaloSwap,"AMM DEX, LP NFT",⭐️⭐️,https://twitter.com/GaloSwap   https://discord.com/invite/SrYAkMKcVP   https://galoswap.io/,,,
Changer,AMM DEX,⭐️⭐️,https://twitter.com/changerofficial   https://discord.com/invite/2Z7NavwgVB   https://app.changer.io/?chainId=1&from=ETH&to=USDT&amount=0,,,
Merlin,"AMM DEX, IDO Launchpad",⭐️,https://twitter.com/TheMerlinDEX   https://discord.com/invite/merlindex   https://app.mage.exchange/,MAGE,,
PancakeSwap,"CLMM DEX, IDO Launchpad, Yield",⭐️⭐️⭐️⭐️⭐️,https://twitter.com/PancakeSwap   https://discord.com/invite/pancakeswap   https://pancakeswap.finance/,CAKE,,
Sushi,CLMM DEX,⭐️⭐️⭐️⭐️⭐️,https://twitter.com/sushiswap   https://discord.gg/CD2YdZzb7Z   https://sushi.com/,SUSHI,,
Zyberswap,CLMM DEX,⭐️⭐️⭐️⭐️,https://twitter.com/zyberswap   https://discord.com/invite/zyberswap   https://app.zyberswap.io/exchange/besttrade,ZYBER,,
Popsicle,CLMM DEX,⭐️⭐️⭐️⭐️,https://twitter.com/popsiclefinance   https://discord.com/invite/GDwhREgj5E   https://wagmi.com/,,,
zkSwap,CLMM DEX,⭐️⭐️⭐️,https://twitter.com/_zkSwap   https://discord.com/invite/zk-swap   https://zk-swap.xyz/,ZKSP,,
Synthswap,CLMM DEX,⭐️⭐️⭐️,https://twitter.com/synthswapio   https://discord.com/invite/synthswap   https://www.synthswap.io/home,SYNTH,,
iZiSwap,"DLAMM DEX, Yield Optimizer",⭐️⭐️⭐️⭐️,https://twitter.com/izumi_Finance   https://discord.com/invite/vUFpSwxTzz   https://izumi.finance/home,IZI,$ 22M,"Bella Protocol, Incuba Alpha, NextGen Digital, Unicode Digital"
Velocore,ve(3 3) DEX,⭐️⭐️⭐️⭐️,https://twitter.com/velocorexyz   https://discord.com/invite/velocorexyz   https://velocore.xyz/,VC,,
TITANS,ve(3 3) DEX,⭐️⭐️⭐️,https://twitter.com/titansfipro   https://discord.com/invite/DtUrmZMJ3g   https://titansfi.com/,,,
Fortify,ve(3 3) DEX,⭐️⭐️,https://twitter.com/FortifyFinance   https://discord.com/invite/MyFucBDsFZ   https://www.fortify.finance/,,,
Stratum Exchange,"IDO Launchpad, ve(3 3) DEX",⭐️⭐️,https://twitter.com/stratumexchange   https://discord.com/invite/ZwfaZrDhVZ,,,
Dracula,ve(3 3) DEX,⭐️⭐️,https://twitter.com/dracula_fi   https://discord.com/invite/draculafi   https://draculafi.xyz/,,,
Solunea,ve(3 3) DEX,⭐️⭐️,https://twitter.com/SoluneaDex   https://discord.com/invite/zH8Nu6cpnn,,,
Winder,ve(3 3) DEX,⭐️⭐️,https://twitter.com/winderxyz   https://www.winderswap.xyz/,,,
zkThrone,ve(3 3) DEX,⭐️⭐️,https://twitter.com/zkThrone   https://discord.com/invite/zkthrone   https://www.zkthrone.xyz/,,,
veSync,ve(3 3) DEX,⭐️⭐️,https://twitter.com/veSyncL2   https://discord.com/invite/jaZRmqf7Ay   https://vesync.finance/,,,
1inch,DEX Aggregator,⭐️⭐️⭐️⭐️⭐️,https://twitter.com/1inch   https://discord.com/invite/1inch   https://app.1inch.io/,1INCH,,
OpenOcean,DEX Aggregator,⭐️⭐️⭐️⭐️,https://twitter.com/OpenOceanGlobal   https://discord.gg/cxK6CCYcGp   https://openocean.finance/,OOE,,
XY Finance,"CrossChain Bridge, DEX Aggregator",⭐️⭐️⭐️⭐️,https://twitter.com/xyfinance   https://discord.gg/xyfinance   https://xy.finance/,XY,$ 12M,"Animoca Brands, Circle Ventures, Infinity Ventures, Lemniscap, Mechanism Capital"
ODOS,DEX Aggregator,⭐️⭐️⭐️⭐️,https://twitter.com/odosprotocol   https://www.odos.xyz/   https://www.odos.xyz/,,,
KyberSwap,"DEX Aggregator, Yield",⭐️⭐️⭐️⭐️,https://twitter.com/KyberNetwork   https://discord.com/invite/NB3vc8J9uv   https://kyberswap.com/#/,KNC,,"DHVC, FBG Capital, Fenbushi Capital, GenBlock Capital, Hashed, HyperChain Capital, IOSG Ventures, Pantera Capital, ParaFi Capital, Signum Capital"
ZeroSwap,DEX Aggregator,⭐️⭐️⭐️,https://twitter.com/ZeroSwapLabs   https://discord.com/invite/7mKWgHVhTT   https://app.zeroswap.io/swap,ZEE,,
Netro Finance,"DEX Aggregator, Yield Aggregator",⭐️⭐️,https://twitter.com/Netro_Finance,,,
zkLink/ZKEX,Orderbook DEX,⭐️⭐️⭐️⭐️⭐️,https://twitter.com/ZKEX_Official   https://discord.com/invite/ctDAYrrNTH   https://zkex.com/,,$ 18.5M,"Ascensive Assets, Big Brain Holdings, Coinbase, Efficient Frontier, SIG DTI"
Oku Trade,Orderbook DEX,⭐️⭐️⭐️⭐️,https://twitter.com/okutrade   https://discord.com/invite/wak5gvc8dc   https://oku.trade/,,,Uniswap
ZigZag,Orderbook DEX,⭐️⭐️⭐️⭐️,https://twitter.com/ZigZagExchange   https://discord.com/invite/zigzag   https://trade.zigzag.exchange/,ZZ,,
Bitbyte.Finance,Orderbook DEX,⭐️⭐️⭐️,https://twitter.com/Bitbyte_Finance   https://discord.com/invite/RRKCV9PMQv   https://bitbyte.finance/,,,
Dexilla,Orderbook DEX,⭐️⭐️⭐️,https://twitter.com/DexillaDAO   https://discord.com/invite/qgErgSduAx   http://dexilla.com/,,,
MES Protocol,Orderbook DEX,⭐️⭐️⭐️,https://twitter.com/mesprotocol   https://discord.com/invite/8sD6KHHPa5   https://www.mesprotocol.com/,,,
zkSwap,Orderbook DEX,⭐️⭐️,https://twitter.com/zkswap_official   https://discord.com/invite/KRgupvXR3t   https://app.zkswap.biz/swap,ZKS,,
zkFlip,Orderbook DEX,⭐️⭐️,https://twitter.com/zkFlipDEX   https://zkflip.io/,,,
Onchain Trade,"Algo-Stablecoin, Leverage Market",⭐️⭐️⭐️,https://twitter.com/OnchainTrade   https://discord.com/invite/onchaintrade   https://onchain.trade/#/,OT,,
SynFutures,Perpetual Market,⭐️⭐️⭐️⭐️⭐️,https://twitter.com/SynFuturesDefi   SynFutures%20422539785aa344fe917d82875fc5d015.md   https://www.synfutures.com/,,$ 15.4M,"Bybit, CMS Holdings, Dragonfly Capital, Framework, HashKey Capital, IOSG Ventures, Kronos Asset, Mirana Ventures, Pantera Capital, Polychain, Standard Crypto, Wintermute"
GRVT,Perpetual Market,⭐️⭐️⭐️⭐️,https://twitter.com/grvt_io   https://discord.com/invite/3jsVPwaGeB   https://grvt.io/,,$ 7.1M,"ABCDE Capital, Delphi Digital, Matrix Partners, SIG"
ApolloX,Perpetual Market,⭐️⭐️⭐️⭐️,https://twitter.com/ApolloX_Finance   https://discord.com/invite/q5eH3zktcm   https://www.apollox.finance/en,APX,,"3Commas, Binance Labs, Kronos Asset"
Satori,Perpetual Market,⭐️⭐️⭐️⭐️,https://twitter.com/SatoriFinance   https://discord.com/invite/satorifinance   https://satori.finance/,,$ 10M,"Blockchain Capital, Coinbase, Jump Crypto, Polychain"
Derivio,Perpetual Market,⭐️⭐️⭐️⭐️,https://twitter.com/derivio_xyz   https://discord.com/invite/vHNRygkwcw   https://derivio.xyz/,,,Binance Incubation
Holdstation,Perpetual Market,⭐️⭐️⭐️⭐️,https://twitter.com/HoldstationW   https://discord.com/invite/holdstation   http://holdstation.com/wallet.html,,,
Pinnako,Perpetual Market,⭐️⭐️⭐️,https://twitter.com/PinnakoDex   https://discord.com/invite/pinnakodex   https://app.pinnako.io/#/,PIKO,,
Flux Exchange,Perpetual Market,⭐️⭐️⭐️,https://twitter.com/Flux_Exchange   https://discord.com/invite/SGvDkahrBU   https://fluxexchange.io/,,,
zkDX,Perpetual Market,⭐️⭐️⭐️,https://twitter.com/zkDXio   https://discord.com/invite/ZukCWPaZbp   https://zkdx.io/#/,,,
Rollup.Finance,Perpetual Market,⭐️⭐️⭐️,https://twitter.com/Rollup_Finance   https://discord.com/invite/WUSKams3Un   https://www.rollup.finance/,,,
UtopiaFI,Perpetual Market,⭐️⭐️⭐️,https://twitter.com/UtopiaWeb3   https://discord.com/invite/4yqZZRJA6s   https://www.utopiafi.com/home,,,
zkVault,Perpetual Market,⭐️⭐️⭐️,https://twitter.com/zkVaultFinance   https://t.me/zkVaultFinance   https://zkvault.finance/,,,
Sat.is,Perpetual Market,⭐️⭐️⭐️,https://twitter.com/SatisDEX   https://discord.com/invite/satisdex   https://sat.is/,,,
Increment,"FX Market, Perpetual Market",⭐️⭐️⭐️,https://twitter.com/incrementhq   https://discord.com/invite/increment   https://increment.finance/,,,
Aboard,Perpetual Market,⭐️⭐️⭐️,https://twitter.com/AboardExchange   https://discord.com/invite/n7r73ehJtf   https://aboard.exchange/,,,
SteSwap,Perpetual Market,⭐️⭐️,https://twitter.com/SteDexL2   https://discord.com/invite/vdScguUN   http://steswap.com/,,,
zkEra.fi,Perpetual Market,⭐️⭐️,https://twitter.com/zkera_fi,,,
Phezzan,Perpetual Market,⭐️⭐️,https://twitter.com/PhezzanProtocol   https://discord.com/invite/sfWVaM4d8e   https://phezzan.xyz/,,,
Zomma,Options Market,⭐️⭐️⭐️,https://twitter.com/ZommaProtocol   https://discord.com/invite/VAkBKQKXnh   https://app.zomma.pro/,,,
Panner,Options Market,⭐️⭐️⭐️,https://twitter.com/pannerfinance   https://discord.com/invite/HasfjUCHMC   https://panner.finance/,,,
Deri Protocol,Options Market,⭐️⭐️⭐️,https://twitter.com/DeriProtocol   https://discord.com/invite/FEM9GMehHQ   https://deri.io/#/index,DERI,,"BNB Chain Fund, Bixin Ventures, FBG Capital, Kryptos, LD Capital"
Nexter,Prediction Market,⭐️⭐️⭐️,https://twitter.com/NexterDotFi   https://discord.com/invite/9Vd3FTxKu8   https://app.nexter.fi/,,,
ZKasino,Prediction Market,⭐️⭐️⭐️,https://twitter.com/ZKasino_io   https://discord.com/invite/zkasino   https://play.zkasino.io/zh,,,
Goal3,Prediction Market,⭐️⭐️⭐️,https://twitter.com/Goal3_xyz   https://discord.com/invite/goal3   https://testnet.goal3.xyz/,GOAL3,,
Aave,Lending,⭐️⭐️⭐️⭐️⭐️,https://twitter.com/aave   https://discord.com/invite/aave   https://app.aave.com/,AAVE,$ 48.7M," Ribbit Capital, Blockchain Capital, Blockchain.com, DTC Capital, DeFiance Capital, Framework, ParaFi Capital, Standard Crypto"
ZeroLend,Lending,⭐️⭐️⭐️,https://twitter.com/zerolendxyz   https://discord.gg/YUQfhWcfZ7   https://zerolend.xyz/,,,
RociFi,Lending,⭐️⭐️⭐️,https://twitter.com/rocifi   https://discord.com/invite/dq7cDETKxd   https://roci.fi/,,,
Basilisk,Lending,⭐️⭐️⭐️,https://twitter.com/BasiliskOrg   https://discord.com/invite/kMgzXT7m7h   http://basilisk.org/,,,
Fringe,Lending,⭐️⭐️⭐️,https://twitter.com/fringefinance   https://discord.com/invite/Esk6XCCqNS   https://fringe.fi/,,,
zkCredit,"Lending, Leveraged Yield",⭐️⭐️,https://twitter.com/zkCredit   https://discord.com/invite/M5Y2T7a4xS,,,
Eralend,Lending,⭐️⭐️,https://twitter.com/Era_Lend   https://t.co/XQASQmD4mv   https://www.nexon.finance/,,,
OmniBTC,"CrossChain Bridge, Omnichain Lending",⭐️⭐️⭐️,https://twitter.com/OmniBTC   https://discord.com/invite/Z2EzZcJ72x   https://www.omnibtc.finance/,,,
Sigma Finance,"IDO Launchpad, Yield",⭐️⭐️⭐️,https://twitter.com/Sigma_Fund   https://t.me/Sigma_Fund   https://www.sigma-finance.io/,,,
Gemholic,"IDO Launchpad, Yield",⭐️⭐️⭐️,https://twitter.com/GemholicECO   https://discord.com/invite/gemholicecosystem   https://gemholic.world/,GEMS,,
Phase,"Lending, Yield",⭐️⭐️⭐️,https://twitter.com/0xPhase   https://discord.com/invite/gBgVrHZ9zw   https://phase.cash/,,,
zKash,Yield,⭐️⭐️,https://twitter.com/zKashOfficial   https://discord.com/invite/zkash   https://zkash.xyz/,ZKASH,,
Tarot,"Lending, Leveraged Yield",⭐️⭐️⭐️⭐️,https://twitter.com/TarotFinance   https://discord.com/invite/6ByFHBjqE8   https://www.tarot.to/,TAROT,,
zkFox,Leveraged Yield,⭐️⭐️⭐️,https://twitter.com/zk_zkfox   https://discord.com/invite/4Y6RJD4kSX   https://zkfox.io/#/,,,
Zks Miner,Liquidity Manager,⭐️⭐️⭐️,https://twitter.com/Zksminer   https://discord.com/invite/nJJCm8yXTY   https://zksminer.io/,,,
xBank,Liquidity Aggregator,⭐️⭐️⭐️,https://twitter.com/xBankFinance   http://discord.gg/Ywh9hJg6xv   http://xbank.finance,,,
Dappad,IDO Launchpad,⭐️⭐️⭐️⭐️,https://twitter.com/Dappadofficial   https://t.me/Dappadofficial   https://dappad.app/,,,
zkSync Starter,IDO Launchpad,⭐️⭐️⭐️,https://twitter.com/zkSync_Starter   https://discord.com/invite/zksyncstarter   https://zksyncstarter.com/,ZKS,,
SyncPad,IDO Launchpad,⭐️⭐️⭐️,https://twitter.com/syncpad_zks   https://discord.com/invite/syncpad   http://syncpad.co/,,,
Syncera.io,IDO Launchpad,⭐️⭐️⭐️,https://twitter.com/Syncera_io   https://discord.com/invite/e2XcjF5zX8   https://syncera.io/,,,
TrustFi,IDO Launchpad,⭐️⭐️⭐️,https://twitter.com/trustfiorg   https://t.me/trustfi_fans   https://www.trustfi.org/,,,
zkSyncPad,"AMM DEX, IDO Launchpad",⭐️⭐️⭐️,https://twitter.com/zkSyncpads   https://discord.com/invite/xBDFchjjMy,,,
Arbipad,IDO Launchpad,⭐️⭐️⭐️,https://twitter.com/arbipadcom   https://discord.com/invite/MZj9YPVVV5,,,
AnubisPad,IDO Launchpad,⭐️⭐️⭐️,https://twitter.com/AnubisPad   https://t.me/anubispad   https://www.anubispad.finance/,,,
SuperLauncher,IDO Launchpad,⭐️⭐️⭐️,https://twitter.com/Super_Launcher   https://discord.com/invite/gV6WrW3Kgb   https://superlauncher.io/,LAUNCH,,
zkLaunch,IDO Launchpad,⭐️⭐️⭐️,https://twitter.com/zk_launch   https://discord.com/invite/zklaunch   https://zklaunch.app/,,,
Snark,IDO Launchpad,⭐️⭐️⭐️,https://twitter.com/SnarkLaunch   https://discord.com/invite/snarklaunch   https://www.snarklaunch.com/,,,
zkRocket,IDO Launchpad,⭐️⭐️⭐️,https://twitter.com/Zkrocket_io   https://t.me/Zkrocketofficial   https://zkrocket.io/,,,
EraPAD,IDO Launchpad,⭐️⭐️,https://twitter.com/Erapad_io   https://discord.com/invite/E2cnVtg4VA   https://www.erapad.io/,,,
zkLaunchpad,IDO Launchpad,⭐️⭐️,https://twitter.com/zkPadOfficial   https://t.me/zkLaunchpad   https://app-zklaunchpad.tech/,,,
Array,"AMM DEX, IDO Launchpad",⭐️⭐️,https://twitter.com/array_capital   https://discord.com/invite/arraycapital   https://array.capital/,,,
GenesisPad,IDO Launchpad,⭐️⭐️,https://twitter.com/Genesis_ecosys   https://discord.com/invite/M2ejpBNpZQ   https://genesispad.cc/dashboard,GPT,,
ZKSPad,IDO Launchpad,⭐️⭐️,https://twitter.com/ZKSPad   https://t.me/ZKSPad   https://www.zkspad.io/,,,
zkBoost,IDO Launchpad,⭐️⭐️,https://twitter.com/zkBoost_Finance   https://t.me/zkBoost   https://zkboost.finance/,,,
Bounce,LBP Platform,⭐️⭐️⭐️⭐️,https://twitter.com/bounce_finance   https://t.me/bounce_finance   https://www.bounce.finance/,AUCTION,,"Blockchain Capital, Coinbase, DHVC, Hashed, Pantera Capital, SNZ Holding"
Order&Chaos,Algo-Stablecoin,⭐️⭐️⭐️,https://twitter.com/ordernchaos_fi   https://discord.com/invite/YjzjVntPmD   https://ordernchaos.finance/,CHAOS,,
Lybra Finance,CDP-Stablecoin,⭐️⭐️⭐️⭐️⭐️,https://twitter.com/LybraFinanceLSD   https://discord.com/invite/mgyq3PhdJg   http://lybra.finance,LBR,,
TiTi Protocol,CDP-Stablecoin,⭐️⭐️⭐️⭐️,https://twitter.com/TiTiProtocol   https://discord.com/invite/r2JbXcRYdy   https://titi.finance/,TiTi,$ 13.5M,"Alliance DAO, Incuba Alpha, SevenX Ventures, Solidity Ventures, Spartan Group"
Overnight(USD+),CDP-Stablecoin,⭐️⭐️⭐️,https://twitter.com/overnight_fi   https://discord.com/invite/overnight-fi   https://overnight.fi/,OVN,,
Trustless,CDP-Stablecoin,⭐️⭐️⭐️,https://twitter.com/trustlessfi   https://discord.com/invite/C2C9Q2p8bd   https://www.trustless.fi/,,,
Bread,Reserve Currency,⭐️⭐️⭐️,https://twitter.com/bread_fi   https://discord.com/invite/d2Kc7XejjJ   https://breads.care/,,,
ZKULT,Reserve Currency,⭐️⭐️,https://twitter.com/ZKult_,,,
SYNTHR,Synthetic Assets,⭐️⭐️⭐️⭐️,https://twitter.com/synthr_defi  https://discord.com/invite/KkUzFPanf5 https://www.synthr.io/https://www.synthr.io/,,,
Jungle,Synthetic Assets,⭐️⭐️⭐️,https://twitter.com/Jungle_Fi   https://discord.com/invite/QhePXWPwX5   https://www.junglefi.io/,,,
Domani,Index Fund / dETF,⭐️⭐️,https://twitter.com/DomaniProtocol   https://discord.com/invite/gZVGWxW6nr   https://domani.finance/,,,
InsureX,Insurance,⭐️⭐️,https://twitter.com/insurex_ai   https://discord.com/invite/G7YYvhy5Hu,,,
OKX Web3,"DEX Aggregator, NFT Marketplace",⭐️⭐️⭐️⭐️⭐️,https://twitter.com/okxweb3   https://discord.com/invite/pXmtxwSkNB   https://www.okx.com/cn/web3,,,OKX Ventures
Element,NFT Marketplace,⭐️⭐️⭐️⭐️⭐️,https://twitter.com/Element_Market   https://discord.com/invite/elementmarket   https://element.market/zksync,,$ 11.5M,"Dragonfly Capital, SIG DTI, Sequoia Capital"
TABI,NFT Marketplace,⭐️⭐️⭐️⭐️,https://twitter.com/Tabi_NFT   https://discord.com/invite/tabinft   https://tabi.lol?code=226395998364677,,$ 11M,"Animoca Brands, Binance Labs, DFG, GBV Capital, HashKey Capital, Infinity Ventures, Mask Network, NGC Ventures, SNZ Holding, Spark Digital, Youbi Capital"
tofuNFT,NFT Marketplace,⭐️⭐️⭐️⭐️,https://twitter.com/tofuNFT   https://discord.com/invite/3wFUTZmTm7   https://tofunft.com/optimism,,,
Zonic,NFT Marketplace,⭐️⭐️⭐️⭐️,https://twitter.com/zonicapp   https://discord.com/invite/zonic   https://zonic.app/,,,
BigInt,NFT Marketplace,⭐️⭐️⭐️,https://x.com/BigIntCo   https://discord.com/invite/bigint   https://bigint.co/,,,
zkMarkets,NFT Marketplace,⭐️⭐️⭐️,https://twitter.com/zkmarkets   https://discord.com/invite/zkMarkets   https://www.zkmarkets.com/,,,
HeartX,NFT Marketplace,⭐️⭐️⭐️,https://twitter.com/KaratDAO   https://discord.com/invite/uNVDDDf5mq   https://karatdao.com/,,,
MintDAO,NFT Marketplace,⭐️⭐️⭐️,https://twitter.com/mintdao_io   https://discord.gg/BRF2PEetea   https://mintdao.io/,,,
Tevaera,NFT Marketplace,⭐️⭐️⭐️,https://twitter.com/tevaera   https://t.me/TevaeraNews   https://tevaera.com/,,,
OpenMeta,NFT Marketplace,⭐️⭐️⭐️,https://twitter.com/OpenMeta_NFT   https://discord.com/invite/mDX8bBzGAh   https://nft.openmeta.finance/#/home,,,
zkEagles,NFT Marketplace,⭐️⭐️,https://twitter.com/zk_eagles   https://discord.com/invite/zkEagles   https://zkeagles.com/,,,
NFT Pinas,NFT Marketplace,⭐️⭐️,https://twitter.com/nftpinas_eth   https://discord.com/invite/7mwc7w3g94   https://nftpinas.io/,,,
EZswap,NFT Aggregator,⭐️⭐️⭐️,https://twitter.com/EZ_swap   https://discord.com/invite/uv77nneRxd   https://ezswap.io/,,$ 1M,Bing Ventures
Omnisea,NFT  Launchpad,⭐️⭐️⭐️⭐️,https://twitter.com/omnisea   https://discord.com/invite/omnisea   https://omnisea.org/,,,
Artgene,NFT  Launchpad,⭐️⭐️⭐️,https://twitter.com/artgenexyz   https://artgene.xyz/,,,
Kreatorland,"NFT  Launchpad, NFT Marketplace",⭐️⭐️⭐️,https://twitter.com/kreatorland   https://discord.com/invite/nNqSSp6pXx   https://kreatorland.com/,,,
Zynergy,NFT  Launchpad,⭐️⭐️,https://twitter.com/zkZynergy   https://discord.com/invite/e8ySBsxGZ7   https://zynergy.app/,,,
ParaSpace,NFT Stake Lending,⭐️⭐️⭐️⭐️,https://twitter.com/ParaSpace_NFT   https://discord.com/invite/v69QfmarGu   https://para.space/,,,Coinbase
PicassoNFT,NFT Stake Lending,⭐️⭐️⭐️,https://twitter.com/realPicassoNFT   https://t.me/Picasso_NFT   https://www.picasso.la/,,,NFTScan
NFTFeed,NFT Stake Lending,⭐️⭐️⭐️,https://twitter.com/NFTFeedOfficial   https://t.me/NFTFeedOfficial   https://nftfeed.guru/,,,
VycoLend,NFT Stake Lending,⭐️⭐️⭐️,https://twitter.com/vycolend   https://www.vycolend.com/,,$ 0.5M,"Aura, Cardinia, Lumina"
MetaSpace,NFT Stake Lending,⭐️⭐️,https://twitter.com/MetaSpaceCEO   https://t.me/MetaSpaceCEO,,,
OmniBase,NFT Bridge,⭐️⭐️⭐️⭐️,https://twitter.com/OmniBase_xyz   https://discord.com/invite/omnibase   https://omnibase.xyz/,,,
l2telegraph,NFT Bridge,⭐️⭐️⭐️,https://twitter.com/l2telegraph   https://l2telegraph.xyz/,,,
SecondLive,Metaverse,⭐️⭐️⭐️⭐️,https://twitter.com/SecondLiveReal   https://discord.com/invite/secondlive   https://secondlive.world/,,,"ArkStream Capital, BNB Chain Fund, Binance Labs, Cypher Capital, GBV Capital"
zkGame,Metaverse,⭐️⭐️⭐️,https://twitter.com/zkGame_io   https://discord.com/invite/kTJS7QWKCj   https://zkgame.io/,,,
Horizon Land,Metaverse,⭐️⭐️⭐️,https://twitter.com/HorizonLandMeta   https://discord.com/invite/xqTp383yMg   https://horizonland.app/,,,
Skullverse,Metaverse,⭐️⭐️,https://twitter.com/skullverseNFT   https://discord.com/invite/yZWb6cNwfY   https://skullverse.world/,,,
XLA,Metaverse Engine,⭐️⭐️⭐️⭐️,https://twitter.com/x_la_official   https://discord.com/invite/xla   https://x.la/,,$ 144M,Ledger Prime
Galaxia Studios,Game Engine,⭐️⭐️⭐️⭐️,https://twitter.com/Galaxia3Studios   https://discord.com/invite/SkEfBbX75E   https://www.galaxiastudios.com/,,,
Treasure,"Game Layer2, Gaming Station",⭐️⭐️⭐️⭐️⭐️,https://twitter.com/treasure_dao   https://discord.com/invite/treasuredao   https://treasure.lol/,MAGIC,$ 6.5M,"1kx, Alchemy Ventures, Arbitrum, IOSG Ventures, Merit Circle"
DeGame,Gaming Station,⭐️⭐️⭐️⭐️,https://twitter.com/Degame_l2y   https://discord.com/invite/degame   https://degame.com/,,$ 10.2M,"A&T Capital, Avalanche, Bixin Ventures, FBG Capital, Fenbushi Capital, Folius Ventures, Foresight Ventures, Hack VC, HashKey Capital, Kenetic Capital, NGC Ventures, Protocol Labs, Sfermion"
Mechaverse,Gaming Station,⭐️⭐️,https://twitter.com/MetaMechaverse   https://discord.com/invite/FY8maA4Ugt   https://mechaverse.cc/,MC,,
Wicked Moai,Fully Onchain Game,⭐️⭐️⭐️⭐️,https://twitter.com/WickedMoai   https://discord.gg/wickedmoai   https://moai3.xyz/,,,
Magic Campus,TPS Game,⭐️⭐️,https://twitter.com/MagicCampusNFT   https://t.me/Magic_Campus,,,
Crypto Maze,PVP Game,⭐️⭐️⭐️⭐️,https://twitter.com/CryptoMazeApp   https://discord.com/invite/cryptomazeapp   https://www.cryptomaze.app/,,,
BladeDAO,PVP Game,⭐️⭐️⭐️,https://twitter.com/Blade_DAO   https://discord.com/invite/BladeDAO   https://www.bladedao.games/,BLADE,,
Evol.AI,EDU Game,⭐️⭐️,https://twitter.com/0xEvol_AI   http://evolai.club/,,,
Orbit Protocol,SIM  Game,⭐️⭐️,https://twitter.com/playorb_it   https://discord.com/invite/3xaY63bF6Z   https://playorb.it/,,,
zkGarden,SIM  Game,⭐️⭐️,https://twitter.com/zkGarden,,,
Tiny World,Card Game,⭐️⭐️⭐️⭐️,https://twitter.com/tinyworldgamefi   https://discord.com/invite/jXTRTz7B7N   https://tinyworlds.io/,TINC,$ 2.5M,"Cipholio Ventures, Foresight Ventures, HashKey Capital, SNZ Holding, Sky9 Capital"
ValTower,Card Game,⭐️⭐️⭐️,https://twitter.com/ValTower_Game   https://discord.com/invite/xm3Wr4Ukzw   https://valtower.io/,,,
TwitFi,Social Game,⭐️⭐️⭐️,https://twitter.com/TwitFi_official   https://twitfi.com/,,,
MetaZeus,GameFi,⭐️⭐️⭐️⭐️,https://twitter.com/JoinMetaZeus   https://discord.com/invite/metazeus   https://joinmetazeus.xyz/,,,
Robots.Farm,GameFi,⭐️⭐️⭐️,https://twitter.com/robotsfarm   https://discord.com/invite/robotsfarm   https://robots.farm/,,,
WAGMI,GameFi,⭐️⭐️⭐️,https://twitter.com/WagmiGameCo   https://discord.com/invite/7ZhDdgeffn   https://wagmigame.io/,WAGMI,,
DeBox,Social,⭐️⭐️⭐️⭐️,https://twitter.com/DeBox_Social   https://debox.pro/,,,
Star Protocol,Domain Service,⭐️⭐️⭐️⭐️,https://twitter.com/star_protocol   https://discord.com/invite/KqR8Tr57Kw  https://app.sns.so/,,,
ZNS,Domain Service,⭐️⭐️⭐️,https://twitter.com/ZNSprotocol   https://t.me/ZNSprotocol   https://zns.is/,,,
zkSync id,Domain Service,⭐️⭐️⭐️,https://twitter.com/getzksyncid   https://discord.com/invite/kPWPcB6EwW   https://www.zksyncid.xyz/,,,
∎ERA,Domain Service,⭐️⭐️⭐️,https://twitter.com/era_domain   https://era.name/,,,
zkNS,Domain Service,⭐️⭐️⭐️,https://twitter.com/zknsdomains   https://discord.com/invite/dKx5P4F4   https://zkns.domains/,,,
KaratDAO,Digital ID,⭐️⭐️⭐️⭐️,https://twitter.com/KaratDAO   https://discord.com/invite/fcvFtkfrRA   https://karatdao.com/,,,"Bitmart, EMURGO Ventures, Longling Capital, UpHonest Capital"
zkPass,Digital ID,⭐️⭐️⭐️⭐️,https://twitter.com/zkPass   https://discord.com/invite/zkpass   https://zkpass.org/home,,$ 2.5M,"Binance Labs, Cypher Capital, OKX Ventures"
WIW,Digital ID,⭐️⭐️⭐️,https://twitter.com/wiw_io   https://discord.com/invite/tmUFBHS2Yh   https://wiw.io/,,,
Ceres,"Digital ID, Oracle",⭐️⭐️⭐️,https://twitter.com/CeresCredit   https://ceres.credit/,,,
Dmail,DeMail,⭐️⭐️⭐️⭐️,https://twitter.com/dmailofficial   https://discord.com/invite/5HH4R5KTA3   https://dmail.ai/,,$ 10M,"FBG Capital, HashKey Capital, PAKA, Spark Digital"
ReadON,Creators Platform,⭐️⭐️⭐️⭐️,https://twitter.com/ReadOnMe3   https://discord.com/invite/readon   https://readon.me/,,$ 2M,"CyberConnect, Foresight Ventures, HashKey Capital, SevenX Ventures, Sky9 Capital"
Creaton,Creators Platform,⭐️⭐️,https://twitter.com/creaton_io   https://discord.com/invite/krSNH2SghC   https://creaton.io/,,,
TrustGo,Sybil Analysis,⭐️⭐️⭐️⭐️,https://twitter.com/TrustaLabs   https://discord.com/invite/nTWkfRHnuj   https://trustalabs.ai/,,$ 3M,"GGV Capital, HashKey Capital, SNZ Holding, SevenX Ventures"
L2BEAT,OnChain Activity Analysis,⭐️⭐️⭐️⭐️⭐️,https://twitter.com/l2beat   https://discord.com/invite/eaVKXPmtWk   https://l2beat.com/scaling/tvl,,,
DefiLlama,OnChain Activity Analysis,⭐️⭐️⭐️⭐️⭐️,https://twitter.com/DefiLlama   https://discord.com/invite/buPFYXzDDd   https://defillama.com/,,,Gitcoin Beta Round
OKLink,OnChain Activity Analysis,⭐️⭐️⭐️⭐️,https://twitter.com/OKLink   https://discord.com/invite/QcywHPgk4S   https://www.oklink.com/zh-cn,,,OKX Ventures
ChainDrop,Faucet Platform,⭐️⭐️⭐️,https://x.com/ChainDropFaucet   https://discord.com/invite/wS8wNpqjcM   https://chaindrop.org/?chainid=167007&token=0xeeeeeeeeeeeeeeeeeeeeeeeeeeeeeeeeeeeeeeee,,,
QuickNode,RPC Operator,⭐️⭐️⭐️⭐️⭐️,https://twitter.com/quicknode   https://discord.com/invite/DkdgEqE   https://www.quicknode.com/chains/optimism,,$ 100M,"10T Holdings, Alexis Ohanian, Arrington Capital, Crossbeam, Protocol Labs, SoftBank, Soma Capital, Tiger Global"
BlockPI,RPC Operator,⭐️⭐️⭐️⭐️,https://twitter.com/RealBlockPI   https://discord.com/invite/xTvGVrGVZv   https://blockpi.io/,,$ 3M,"HashKey Capital, Shima Capital"
Ankr,"Liquid Staking Token, Nodes Operator, RPC Operator",⭐️⭐️⭐️⭐️⭐️,https://twitter.com/ankr   https://discord.gg/ankr   https://www.ankr.com/,ANKR/ankrETH,$ 15M,"ArkStream Capital, Binance Labs, DHVC, LD Capital, Lancer Capital, LinkVC, NGC Ventures, Pantera Capital"
Snapshot,DAO Tool,⭐️⭐️⭐️⭐️⭐️,https://twitter.com/SnapshotLabs   https://discord.com/invite/MKDaqUBgjF   https://snapshot.org/#/,,,
Tally,DAO Tool,⭐️⭐️⭐️⭐️,https://twitter.com/tallyxyz   https://discord.com/invite/3wgMrqaCCk   https://www.tally.xyz/,,$ 7.5M,"1kx, Alliance DAO, Blockchain Capital, Lemniscap, Robot Ventures, The LAO"
zkVault,DAO Tool,⭐️⭐️,https://twitter.com/zkvault   https://discord.com/invite/X2V4j2PNyY   https://zkvault.net/,,,
QuestN,OAT/POAP Platform,⭐️⭐️⭐️⭐️,https://twitter.com/QuestN_com   https://discord.com/invite/questn   https://questn.com/,,$ 8M,"Alliance DAO, DHVC, Hash Global, Matrix Partners, NGC Ventures, SevenX Ventures, Sky9 Capital, XIN Family"
TaskOn,OAT/POAP Platform,⭐️⭐️⭐️⭐️,https://twitter.com/taskonxyz   https://discord.com/invite/eaWzVFm9vZ   https://taskon.xyz/,,,
Gelato,No Code Deployment,⭐️⭐️⭐️⭐️⭐️,https://twitter.com/gelatonetwork   https://discord.com/invite/ApbA39BKyJ   https://www.gelato.network/,GEL,$ 17.2M,"D1 Ventures, Dragonfly Capital, Galaxy Digital, IDEO CoLab, IOSG Ventures, ParaFi Capital"
Rádius,Shared Sequencer,⭐️⭐️⭐️⭐️,https://twitter.com/radius_xyz   https://discord.com/invite/wdS6k4wz9H   https://www.theradius.xyz/,,$ 1.7M,"Crypto.com, Hashed, LambdaClass, Superscrypt"
Automata,"MEV Protection, TEE AVS",⭐️⭐️⭐️⭐️⭐️,https://x.com/AutomataNetwork   https://discord.com/invite/automata   https://www.ata.network/,ATA,$ 6.4M," LongHash Ventures, ArkStream Capital, Binance Labs, GBV Capital, HTX Ventures, IOSG Ventures, Jump Crypto, KR1, Placeholder, Signum Capital"
wagmi,TypeScript Tool,⭐️⭐️⭐️⭐️,https://twitter.com/wagmi_sh   https://wagmi.sh/zh-CN,,,Paradigm
Chainlink,Oracle,⭐️⭐️⭐️⭐️⭐️,https://twitter.com/chainlink   https://discord.com/invite/aSK4zew   https://chain.link/,LINK,,
RedStone,Oracle,⭐️⭐️⭐️⭐️,https://twitter.com/redstone_defi   https://discord.com/invite/PVxBZKFr46   https://redstone.finance/,,$ 7M,"Arweave, Blockchain Capital, Coinbase, KR1, Lemniscap, Maven 11, The Graph"
Pyth Network,Oracle,⭐️⭐️⭐️⭐️,https://twitter.com/PythNetwork   https://discord.com/invite/PythNetwork   https://pyth.network/,,,"Alliance DAO, Delphi Digital, GBV Capital, Huobi, Kucoin, Republic Capital, Sino Global"
Witnet,Oracle,⭐️⭐️⭐️,https://twitter.com/witnet_io   https://discord.com/invite/X4uurfP   https://witnet.io/,WIT,,
DIA,Oracle,⭐️⭐️⭐️,https://twitter.com/DIAdata_org   https://discord.com/invite/zFmXtPFgQj   https://www.diadata.org/,DIA,,
ZettaBlock,OnChain Data Indexing,⭐️⭐️,https://twitter.com/ZettaBlockHQ   https://www.notion.so/249a126b01be4e43adea5281c262248f?pvs=21   https://www.zettablock.com/,,,
thirdweb,Web3 Hosting Service,⭐️⭐️⭐️⭐️⭐️,https://twitter.com/thirdweb   https://discord.com/invite/thirdweb   https://thirdweb.com/,,$ 29M,"Coinbase, Haun Ventures, Polygon Labs, Protocol Labs, Shopify, Shrug Capital"
4EVERLAND,Web3 Hosting Service,⭐️⭐️⭐️,https://twitter.com/4everland_org   https://discord.com/invite/4everland   https://www.4everland.org/,,,
Topia,dStorage,⭐️⭐️⭐️,https://twitter.com/TopiaLayer2   https://discord.com/invite/TopiaL2   https://topia.network/,,,
Particle,"Social Recovery Wallet, Web3 SDK Platform",⭐️⭐️⭐️⭐️,https://twitter.com/ParticleNtwrk   https://discord.com/invite/2y44qr6CR2   https://particle.network/,,$ 8.5M," LongHash Ventures, ABCDE Capital, Animoca Brands, Cobo Ventures, CyberConnect, GSR, HashKey Capital"
LayerZero,CrossChain SDK,⭐️⭐️⭐️⭐️⭐️,https://twitter.com/LayerZero_Labs   https://discord-layerzero.netlify.app/discord   https://layerzero.network/,,$ 261M,"Animoca Brands, Avalanche, Binance Labs, Bixin Ventures, Circle Ventures, CoinFund, Coinbase, Dapper Labs, DeFiance Capital, Delphi Digital, FTX, Fantom, GenBlock Capital, Hypersphere, IOBC Capital, Lightspeed Venture, Matrixport, Multicoin, NGC Ventures, OKX Ventures, OpenSea, PayPal, Polygon Ventures, Robot Ventures, Samsung, Sequoia Capital, Sino Global, Spartan Group, Tiger Global, Uniswap, a16z, imToken"
Socket,CrossChain SDK,⭐️⭐️⭐️⭐️⭐️,https://twitter.com/socketdottech   https://discord.com/invite/zfKJR8yWaH   https://www.socket.tech/,,$ 12M," LongHash Ventures, Archetype, CoinFund, Coinbase, Framework, Lightspeed Venture, Maven 11, OpenSea"
ECHO,Web3 Social SDK,⭐️⭐️⭐️⭐️,https://twitter.com/0x_echo   https://discord.com/invite/b6WF9njPze   https://0xecho.com/,,,Gitcoin Beta Round
creco.xyz,NFT Mint/Creator SDK,⭐️⭐️⭐️,https://twitter.com/creco_xyz   https://discord.com/invite/creco   https://creco.xyz/,,,
Brave,Web3 Browser,⭐️⭐️⭐️⭐️⭐️,https://twitter.com/brave   https://brave.com/zh/wallet/,,,
Gauntlet," Security/Audits",⭐️⭐️⭐️⭐️⭐️,https://twitter.com/gauntletnetwork   https://gauntlet.network/,,$ 40M," Ribbit Capital, Coinbase, Dragonfly Capital, IA Ventures, Paradigm, Polychain, Robot Ventures, Standard Crypto"
Revoke.cash," Security/Audits",⭐️⭐️⭐️⭐️,https://twitter.com/RevokeCash   https://discord.com/invite/revoke-cash   https://revoke.cash/,,,
Cookbook,Solidity Libraries,⭐️⭐️⭐️⭐️⭐️,https://x.com/cookbook_dev   https://discord.com/invite/cookbookdev   https://www.cookbook.dev/,,,
zkAnimals,CC0 NFT,⭐️⭐️⭐️,https://twitter.com/ZkAnimals   https://zkanimal.xyz/,,,
SatoSheeeep,NFT,⭐️⭐️⭐️,https://twitter.com/Sato_Sheeeep   https://discord.com/invite/jcXBGCaqQt,,,
zkApes,NFT,⭐️⭐️⭐️,https://twitter.com/zk_apes   https://discord.com/invite/zkape   https://zkape.io/#/,ZAT,,
zkRock,NFT,⭐️⭐️⭐️,https://twitter.com/ZksyncRock   https://discord.com/invite/GCXYJKSr8Q   https://www.zkrock.xyz/#/,,,
The Syncers,NFT,⭐️⭐️,https://twitter.com/TheSyncers   https://discord.com/invite/wQyW67ew   https://syncers.world/,,,
ZkFox,NFT,⭐️⭐️,https://twitter.com/ZkFox_Nfts   https://discord.com/invite/9KQ6enxeec   https://zkfox.xyz/,,,
zkBlocks,NFT,⭐️⭐️,https://twitter.com/zkBlocks   https://www.zkblocks.xyz/,,,
Zk Pixel Human,NFT,⭐️⭐️,https://twitter.com/ZkPixHuman,,,
zk Gods,NFT,⭐️⭐️,https://twitter.com/zk_Gods   https://zkgods.com/,,,
zkAmazons,NFT,⭐️⭐️,https://twitter.com/zkAmazons   https://amazons.network/,,,
zkChan,NFT,⭐️⭐️,https://twitter.com/zk__Chan,,,
ZK PSYCHOS,NFT,⭐️⭐️,https://twitter.com/zkPsychos_   https://zkpsychos.com/,,,
zkFrogs,NFT,⭐️⭐️,https://twitter.com/zkFrogNFT,,,
zkDickButts,NFT,⭐️⭐️,https://twitter.com/zkDickButts   https://discord.com/invite/2wWEv6Kdc5   https://zkdb.wtf/,,,
ZK Invisible,NFT,⭐️⭐️,https://twitter.com/zkInvisible,,,
zkApe Club,NFT,⭐️⭐️,https://twitter.com/YoungApeIC   https://discord.com/invite/ZucMYrEQhR   https://www.youngapeisland.club/,,,
Spartans Army,NFT,⭐️⭐️,"https://twitter.com/SpartansNFTs ",,,
zkShroomies,NFT,⭐️⭐️,https://twitter.com/zkShroomies   https://discord.com/invite/5acrQcpGxJ,,,
Crayon Chimps Club,NFT,⭐️⭐️,https://twitter.com/CrayonChimps,,,
zkBirds,NFT,⭐️⭐️,https://twitter.com/zk_birds   https://t.me/+Qi00g-ieEwFmZjM5   https://www.zkbirds.club/,,,
Lissajous Era,NFT,⭐️⭐️,https://twitter.com/Lissajous_Era,,,
ZkSyncPunks,NFT,⭐️⭐️,https://twitter.com/zksyncpunks,,,
ZK24,NFT,⭐️⭐️,https://twitter.com/ZK24_NFT,,,
ZKALIEN,NFT,⭐️⭐️,https://twitter.com/zkalien   https://discord.com/invite/boredtown   https://boredtown.app/nfts,,,
zk Bored Apes,NFT,⭐️⭐️,https://twitter.com/zkboredapes   https://discord.com/invite/njnMEMtDtj   https://zkboredapes.com/,,,
Basic Cat,NFT,⭐️⭐️,https://twitter.com/Basiccatsociety   https://discord.com/invite/gbBA67UKtD   https://basiccatsociety.com/,,,
Sharded Dude,Meme Coin,⭐️⭐️⭐️,https://twitter.com/zkpepes   https://zkpepes.com/,,,
DogeFarm,Meme Coin,⭐️⭐️⭐️,https://twitter.com/DogeFarmZK   https://discord.com/invite/pBCC4tWn27   https://dogefarm.dog/,DOF,,
zkSync20.cash,Meme Coin,⭐️⭐️,https://twitter.com/zkSync20_cash   https://www.zksync20.cash/,,,
ZK Pepes,Meme Coin,⭐️⭐️,https://twitter.com/ZKPEPES   https://t.me/zkpepes   https://zkpepes.com/,,,
zkTSUKA,Meme Coin,⭐️⭐️,https://twitter.com/zkTSUKA   https://t.me/zkTSUKA_Portal   https://www.zktsuka.io/,,,
zkDoge,Meme Coin,⭐️⭐️,https://twitter.com/zkDoge_Official   https://t.me/zkDoge_Official   https://www.zkdoge.xyz/,,,