﻿Name,Category,Rating Index,Link | Click the Link Text,Token," Raised",Investor
OKX Wallet,"Extension Wallet, Mobile Wallet",⭐️⭐️⭐️⭐️⭐️,https://twitter.com/okxweb3   https://discord.com/invite/pXmtxwSkNB   https://www.okx.com/web3,OKX,,OKX Ventures
Coinbase Wallet,"Extension Wallet, Mobile Wallet",⭐️⭐️⭐️⭐️⭐️,https://twitter.com/CoinbaseWallet   http://coinbase.com/wallet,,,Coinbase
MetaMask,"Extension Wallet, Mobile Wallet",⭐️⭐️⭐️⭐️⭐️,https://twitter.com/MetaMask   https://metamask.io/,,$ 725M,ConsenSys Mesh
Trust,"Extension Wallet, Mobile Wallet",⭐️⭐️⭐️⭐️,https://twitter.com/trustwallet   https://t.me/trust_announcements   https://trustwallet.com/,TWT,,
XDEFI Wallet,Extension Wallet,⭐️⭐️⭐️⭐️,https://twitter.com/xdefi_wallet   https://discord.com/invite/xdefiwallet   https://www.xdefi.io/,XDEFI,,
BitKeep Wallet,"Extension Wallet, Mobile Wallet",⭐️⭐️⭐️⭐️,https://twitter.com/BitKeepOS   https://discord.com/invite/gUQB7gUarR   https://bitkeep.com/,BKB,$ 45M,"A&T Capital, Bitget, Bixin Ventures, DHVC, Dragonfly Capital, Foresight Ventures, Kucoin, Matrix Partners, Matrixport, SevenX Ventures"
Exodus,"Extension Wallet, Mobile Wallet",⭐️⭐️⭐️,https://twitter.com/exodus_io   https://discord.com/invite/exodus   https://www.exodus.com/,,,
TokenPocket,"Hardware Wallet, Mobile Wallet",⭐️⭐️⭐️⭐️,https://twitter.com/TokenPocket_TP   https://discord.com/invite/NKPM8TXFQk   https://www.tokenpocket.pro/,TPT,,
Rainbow,Mobile Wallet,⭐️⭐️⭐️⭐️,https://twitter.com/rainbowdotme   https://rainbow.me/,,$ 19.5M,"6th Man Ventures, Collab+Currency, FinTech Collective, Seven Seven Six, Y Combinator"
MathWallet,"Extension Wallet, Mobile Wallet",⭐️⭐️⭐️⭐️,https://twitter.com/Mathwallet   https://discord.gg/gXSfnk5eP5   https://mathwallet.org/,MATH,$ 21M,"Alameda Research, Amber Group, Binance Incubation, Multicoin"
Sequence,"Game SDK, Social Recovery Wallet",⭐️⭐️⭐️⭐️⭐️,https://twitter.com/0xsequence   https://discord.com/invite/sequence   https://sequence.xyz/,,$ 53M,"BITKRAFT, Brevan Howard Digital, CMT Digital, Initialized Capital, Morgan Creek Digital, Polygon Labs, Sky9 Capital, Take-Two, Ubisoft"
Mass,AA Wallet,⭐️⭐️⭐️⭐️,https://twitter.com/massdotmoney   https://discord.com/invite/MassDotMoney   https://mass.money/,,$ 7.5M,"CMT Digital, Kenetic Capital, Maven Capital, Republic Capital"
Choko Wallet,"AA Wallet, MPC Wallet",⭐️⭐️⭐️⭐️,https://twitter.com/choko_wallet   https://discord.com/invite/zkp8UEQctM   https://staging.choko.app/,,,
Onboard,MPC Wallet,⭐️⭐️⭐️⭐️,https://twitter.com/OnboardWallet   https://www.onboard.xyz/,,$ 1.9M,"Adaverse, Base Ecosystem Fund, CMT Digital, Hashed"
Keystone,Hardware Wallet,⭐️⭐️⭐️,https://twitter.com/KeystoneWallet   https://discord.com/invite/6vEfPEJKJD   https://keyst.one/,,,
De.Fi," Security/Audits, Portfolio Dashboard",⭐️⭐️⭐️⭐️⭐️,https://twitter.com/dedotfi   https://t.me/DeDotFi   https://de.fi/,,,
Horus Protocol,Payment,⭐️⭐️⭐️,https://twitter.com/HorusCash   https://discord.com/invite/BGnNSHdCMr   https://horus.cash/,,,
BullaNetwork,Stream Payment,⭐️⭐️⭐️,https://twitter.com/BullaNetwork   https://discord.com/invite/fZTfavP4EV   https://bulla.network/,,,
Cask Protocol,Stream Payment,⭐️⭐️⭐️,https://twitter.com/caskprotocol   https://discord.com/invite/mbmFKr9xeu   https://www.cask.fi/,,,
Mean Finance,Stream Payment,⭐️⭐️⭐️,https://twitter.com/mean_fi   https://discord.com/invite/ThfzDdn4pn/   https://mean.finance/create,,,
IDriss,Social Payment,⭐️⭐️⭐️⭐️,https://twitter.com/IDriss_xyz   https://discord.com/invite/RJhJKamjw5   https://www.idriss.xyz/,,,Gitcoin Beta Round
Gnosis Safe,"MultiSig Payment, MultiSig Wallet",⭐️⭐️⭐️⭐️⭐️,https://twitter.com/safe   https://discord.com/invite/nrQVY2566v   https://safe.global/,SAFE,$ 100M,"1kx, A&T Capital, Arweave, Bixin Ventures, Blockchain Capital, Blockchain.com, Blockdaemon, Brevan Howard Digital, CMT Digital, Coinbase, ConsenSys Mesh, DCG, Fenbushi Capital, GSR, Global Coin Research, IOSG Ventures, Kraken Ventures, Lightspeed Venture, ParaFi Capital, Polygon Ventures, Republic Capital, The LAO, Tiger Global"
WalletConnect,Wallet-to-dApp,⭐️⭐️⭐️⭐️⭐️,https://twitter.com/walletconnect   https://discord.gg/kdTQHQ6AFQ   https://walletconnect.com/,,$ 23.5M,"1kx, Circle Ventures, Coinbase, ConsenSys Mesh, Shopify"
Web3Auth,Wallet-to-dApp,⭐️⭐️⭐️⭐️⭐️,https://twitter.com/web3auth   https://discord.com/invite/web3auth   http://web3auth.io,,$ 15M,"Binance Labs, Coinbase, Hashed, Kyros Ventures, LD Capital, Multicoin"
Delegate,Wallet-to-dApp,⭐️⭐️⭐️,https://twitter.com/delegatecash   https://delegate.cash/,,,
bridge.base,Native Bridge,⭐️⭐️⭐️⭐️⭐️,https://twitter.com/BuildOnBase   https://discord.com/invite/buildonbase   https://bridge.base.org/,,,
Satellite,CrossChain Bridge,⭐️⭐️⭐️⭐️⭐️,https://twitter.com/Axl_Satellite   https://discord.com/invite/aRZ3Ra6f7D   https://satellite.money/,,,Axelar
Omni Network,CrossChain Bridge,⭐️⭐️⭐️⭐️⭐️,https://twitter.com/OmniFDN   https://discord.com/invite/bKNXmaX9VD   https://omni.network/,OMNI,$ 18M,"Coinbase, DeFiance Capital, Hashed, Jump Crypto, Pantera Capital, Spartan Group"
Orbiter,"Cross-L1 Rollup, CrossChain Bridge",⭐️⭐️⭐️⭐️⭐️,https://twitter.com/Orbiter_Finance   http://discord.gg/hJJvXP7C73   https://www.orbiter.finance/,,,"Amber Group, GGV Capital, Lemniscap, Mask Network, Matrixport, Redpoint Ventures, StarkWare, imToken"
Hop Protocol,CrossChain Bridge,⭐️⭐️⭐️⭐️⭐️,https://twitter.com/HopProtocol   https://discord.com/invite/PwCF88emV4   https://app.hop.exchange/,HOP,,"1confirmation, Coinbase"
Stargate,CrossChain Bridge,⭐️⭐️⭐️⭐️⭐️,https://twitter.com/StargateFinance   https://stargate.finance/discord   https://stargate.finance/,STG,,
cBridge,CrossChain Bridge,⭐️⭐️⭐️⭐️,https://twitter.com/CelerNetwork   https://discord.com/invite/Trhab5w   https://cbridge.celer.network/,CELR,,"Binance Labs, Huobi, IOSG Ventures, LD Capital, LinkVC, Pantera Capital, RedlineDAO, Signum Capital, Spark Digital"
Symbiosis,"CrossChain Bridge, CrossChain ZAP",⭐️⭐️⭐️⭐️,https://twitter.com/symbiosis_fi   https://discord.gg/YHgDSJ42eG   https://symbiosis.finance/,SIS,$ 2M,"Amber Group, Binance Incubation, Binance Labs, Blockchain Capital, DAOMaker, DWF Labs, Delta Blockchain, Dragonfly Capital, Gate Labs, Injective, Kenetic Capital, Kucoin, Republic Capital, Shima Capital"
rhino.fi,"AMM DEX, CrossChain Bridge, Liquidity Manager, Orderbook DEX",⭐️⭐️⭐️⭐️,https://twitter.com/rhinofi   https://discord.gg/FHcvMKnN   https://app.rhino.fi/bridge,DVF,$ 5.5M," LongHash Ventures, Blockchain Capital, D1 Ventures, DeFiance Capital, Delphi Digital, Fenbushi Capital, GenBlock Capital, Lightspeed Venture, ParaFi Capital, Spartan Group"
okok.network,CrossChain Bridge,⭐️⭐️⭐️,https://twitter.com/okoknetwork   https://discord.com/invite/bgKn2ZU6cH   https://okok.network/#/bridge,,,
Owlto Finance,CrossChain Bridge,⭐️⭐️⭐️,https://twitter.com/Owlto_Finance   https://discord.com/invite/dyArfVwdxm   https://owlto.finance/bridge,,,
Pheasant,CrossChain Bridge,⭐️⭐️⭐️,https://twitter.com/PheasantNetwork   https://discord.com/invite/pRYSEUVERT   https://pheasant.network/,,,
Interport,CrossChain Bridge,⭐️⭐️⭐️,https://twitter.com/InterportFi   https://discord.com/invite/interport   https://app.interport.fi/,ITP,,
Synapse,CrossChain Bridge,⭐️⭐️⭐️,https://twitter.com/SynapseProtocol   https://discord.gg/synapseprotocol   https://synapseprotocol.com/,SYN,$ 2M,"3AC, CMS Holdings, Immutable Capital, Mechanism Capital, Primitive Ventures"
Bungee,CrossChain Aggregator,⭐️⭐️⭐️⭐️,https://twitter.com/bungeeexchange?s=21   https://discord.com/invite/zfKJR8yWaH   https://www.bungee.exchange/,,,
Superbridge,CrossChain Aggregator,⭐️⭐️⭐️,https://twitter.com/superbridgeapp   https://superbridge.app/,,,
DEX Screener,DEX Pairs Charts,⭐️⭐️⭐️⭐️⭐️,https://twitter.com/dexscreener   https://discord.com/invite/ARbh55A472   https://dexscreener.com/,,,
DexGuru,DEX Pairs Charts,⭐️⭐️⭐️⭐️,https://twitter.com/dexguru   https://discord.com/invite/dPW8fzwzz9   https://dex.guru/,,$ 6M,"Bitscale Capital, D1 Ventures, Huobi, Kyber, Lemniscap, Mirana Ventures, ParaFi Capital, Shima Capital, The LAO, Wintermute"
Aerodrome,AMM DEX,⭐️⭐️⭐️⭐️⭐️,https://twitter.com/aerodromefi   https://discord.com/invite/aerodrome   https://aerodrome.finance/,AERO,,
Maverick,AMM DEX,⭐️⭐️⭐️⭐️⭐️,https://twitter.com/mavprotocol   http://bit.ly/MavDiscord   https://www.mav.xyz/,MAV,$ 17M,"Altonomy, Apollo Crypto, Binance Labs, CMT Digital, Circle Ventures, Coinbase, Jump Crypto, Pantera Capital, Peter Thiel, Spartan Group"
WOOFi,AMM DEX,⭐️⭐️⭐️⭐️⭐️,https://twitter.com/_WOOFi   https://discord.com/invite/woonetwork   https://fi.woo.org/,WOO,$ 42M,"3Commas, AscendEX, Binance Labs, Crypto.com, Dragonfly Capital, Fenbushi Capital, Gate Labs, IOSG Ventures, M-Ventures, QCP Capital, RedlineDAO, SevenX Ventures"
Balancer,"AMM DEX, Yield",⭐️⭐️⭐️⭐️⭐️,https://twitter.com/Balancer   https://discord.com/invite/ARJWaeF   https://arbitrum.balancer.fi/,BAL,$ 32.25M," LongHash Ventures, Alameda Research, Blockchain Capital, CoinFund, DeFiance Capital, Fenbushi Capital"
Uniswap,AMM DEX,⭐️⭐️⭐️⭐️⭐️,https://twitter.com/Uniswap   https://discord.com/invite/FCfyBSbCU5   https://uniswap.org/,UNI,$ 177M,"Coinbase, Paradigm"
Curve,"AMM DEX, Liquidity Manager",⭐️⭐️⭐️⭐️⭐️,https://twitter.com/CurveFinance   https://discord.com/invite/9uEHakc   https://arbitrum.curve.fi/,CRV,,
LeetSwap,AMM DEX,⭐️⭐️⭐️⭐️,https://twitter.com/LeetSwap   https://discord.com/invite/me5UbZNxPB   https://base.leetswap.finance/#/swap,LEET,,
Velodrome,AMM DEX,⭐️⭐️⭐️⭐️,https://twitter.com/VelodromeFi   https://discord.com/invite/velodrome   https://app.velodrome.finance/,VELO,,
PixelSwap,AMM DEX,⭐️⭐️⭐️,https://twitter.com/PixelSwapFi   https://discord.com/invite/kQ5NSZMW58   https://pixelswap.xyz/,PIXEL,,
SmarDex,"AMM DEX, Yield",⭐️⭐️⭐️,https://twitter.com/SmarDex   https://t.me/realSmarDex   https://www.smardex.io/home,SDEX,,
Alien Base,AMM DEX,⭐️⭐️⭐️,https://twitter.com/AlienBaseDEX   https://discord.com/invite/q9vFy6GwFx   https://alienbase.xyz/,ALB,,
SwapBased,"AMM DEX, Perpetual Market",⭐️⭐️⭐️,https://twitter.com/swap_based   https://discord.com/invite/rmpDfzsx8Q   https://swapbased.finance/#/,BASE,,
Equalizer,AMM DEX,⭐️⭐️⭐️,https://twitter.com/Equalizer0x   https://discord.com/invite/6ubHeztmYV   https://base.equalizer.exchange/,EQUAL,,
OnePieceSwap,AMM DEX,⭐️⭐️⭐️,https://twitter.com/OnePiece_Swap   https://onepieceswap.xyz/,,,
Base Swap,AMM DEX,⭐️⭐️⭐️,https://twitter.com/BaseSwap_Fi   https://discord.com/invite/baseswap   https://baseswap.fi/,BSWAP,,
Throne,AMM DEX,⭐️⭐️⭐️,https://twitter.com/ThroneDEX   https://discord.com/invite/d752m7dmeH   https://www.throne.exchange/,,,
NebulaDEX,AMM DEX,⭐️⭐️⭐️,https://twitter.com/nebuladex   https://discord.com/invite/2S7F95Fnk7   https://nebuladex.io/,,,
BBMX,AMM DEX,⭐️⭐️⭐️,https://twitter.com/bbmxexchange   https://t.me/BBMXExchange   https://bbmx.exchange/#,,,
Tyche Protocol,AMM DEX,⭐️⭐️⭐️,https://twitter.com/tychezone   https://discord.com/invite/tyche   https://zk.app.tyche.zone/#/swap,,,
Diamondswap,AMM DEX,⭐️⭐️⭐️,https://twitter.com/DiamondSwapTeam/   https://diamondswap.org/,,,
Yum Yum,"AMM DEX, Meme Coin",⭐️⭐️⭐️,https://twitter.com/YumYum_Token   https://discord.com/invite/wC3DUMMeks   https://yumyumswap.com/,,,
CBSwap,AMM DEX,⭐️⭐️⭐️,https://twitter.com/cbswapofficial   https://twitter.com/cbswapofficial   https://cbswap.io/,,,
Pira Finance,AMM DEX,⭐️⭐️⭐️,https://twitter.com/PiraFinance   https://discord.com/invite/pirafinance   https://www.pira.finance/,,,
RocketSwap,AMM DEX,⭐️⭐️⭐️,https://twitter.com/RocketSwap_Labs   https://t.me/rocketswap_official   https://app.rocketswap.cc/,,RCKT,
AstroFi,"AMM DEX, Liquidity Manager",⭐️⭐️⭐️,https://twitter.com/Astrofiorg   https://discord.com/invite/E6BwXxR2hz   https://astrofi.org/,,,
CloudBase,"AMM DEX, CrossChain Bridge, Liquidity Manager, Yield",⭐️⭐️⭐️,https://twitter.com/CloudBase_Fin   https://discord.io/CloudBase-Official   https://cloudbase.finance/,,,
BeagleSwap,AMM DEX,⭐️⭐️⭐️,https://twitter.com/beagle_swap   https://discord.com/invite/txMBWnYqUG   https://beagleswap.xyz/,,,
Kokonut,AMM DEX,⭐️⭐️⭐️,https://twitter.com/kokonutswap   https://t.me/KokonutSwap_global   https://kokonutswap.finance/,,,
dForce,"AMM DEX, Lending",⭐️⭐️⭐️,https://twitter.com/dForcenet   https://discord.com/invite/c2PC8SM   https://dforce.network/,DF,$ 1.5M,Multicoin
FlameFinance,"AMM DEX, Yield",⭐️⭐️,https://twitter.com/flamefinance   https://t.me/flamefinance_official   https://flamefinance.org/,,,
PancakeSwap,"CLMM DEX, IDO Launchpad, Yield",⭐️⭐️⭐️⭐️⭐️,https://twitter.com/PancakeSwap   https://discord.com/invite/pancakeswap   https://pancakeswap.finance/,CAKE,,
Sushi,CLMM DEX,⭐️⭐️⭐️⭐️⭐️,https://twitter.com/sushiswap   https://discord.gg/CD2YdZzb7Z   https://sushi.com/,SUSHI,,
DackieSwap,CLMM DEX,⭐️⭐️⭐️,https://twitter.com/DackieSwap   https://discord.com/invite/dackie   https://www.dackieswap.xyz/,,,
Synthswap,CLMM DEX,⭐️⭐️⭐️,https://twitter.com/synthswapio   https://discord.com/invite/synthswap   https://www.synthswap.io/home,SYNTH,,
iZiSwap,"DLAMM DEX, Yield Optimizer",⭐️⭐️⭐️⭐️,https://twitter.com/izumi_Finance   https://discord.com/invite/vUFpSwxTzz   https://izumi.finance/home,IZI,$ 22M,"Bella Protocol, Incuba Alpha, NextGen Digital, Unicode Digital"
Solidly Labs,ve(3 3) DEX,⭐️⭐️⭐️,https://twitter.com/SolidlyLabs   https://discord.com/invite/solidly   https://solidly.com/,SOLID,,
Cashmere,DEX Aggregator,⭐️⭐️⭐️⭐️,https://twitter.com/CashmereLabs   https://t.me/cashmerelabs   https://cashmere.exchange/,,$ 5M,"Coinbase, CreditEase, FBG Capital, GFC, Serum, Soma Capital, Volt Capital, Y Combinator"
XY Finance,"CrossChain Bridge, DEX Aggregator",⭐️⭐️⭐️⭐️,https://twitter.com/xyfinance   https://discord.gg/xyfinance   https://xy.finance/,XY,$ 12M,"Animoca Brands, Circle Ventures, Infinity Ventures, Lemniscap, Mechanism Capital"
ParaSwap,DEX Aggregator,⭐️⭐️⭐️⭐️,https://twitter.com/paraswap   https://discord.com/invite/wYePFfR   https://twitter.com/paraswap,PSP,,
ODOS,DEX Aggregator,⭐️⭐️⭐️⭐️,https://twitter.com/odosprotocol   https://www.odos.xyz/   https://www.odos.xyz/,,,
KyberSwap,"DEX Aggregator, Yield",⭐️⭐️⭐️⭐️,https://twitter.com/KyberNetwork   https://discord.com/invite/NB3vc8J9uv   https://kyberswap.com/#/,KNC,,"DHVC, FBG Capital, Fenbushi Capital, GenBlock Capital, Hashed, HyperChain Capital, IOSG Ventures, Pantera Capital, ParaFi Capital, Signum Capital"
ReBASE,Trading Bot,⭐️⭐️⭐️,https://twitter.com/ReBASECoin   https://t.me/ReBASECoin   https://rbase.app/,,,
zkLink/ZKEX,Orderbook DEX,⭐️⭐️⭐️⭐️⭐️,https://twitter.com/ZKEX_Official   https://discord.com/invite/ctDAYrrNTH   https://zkex.com/,,$ 18.5M,"Ascensive Assets, Big Brain Holdings, Coinbase, Efficient Frontier, SIG DTI"
Gridex,Orderbook DEX,⭐️⭐️⭐️,https://twitter.com/gridexprotocol   https://discord.com/invite/gridex   https://www.gdx.org/,,,
Bitcointry,Orderbook DEX,⭐️⭐️⭐️,https://twitter.com/Bitcointrycom   https://t.co/H8CcVbPiB5   https://bitcointry.com/en,BTTY,,
Rubicon,Orderbook DEX,⭐️⭐️⭐️,https://twitter.com/rubicondefi   https://discord.com/invite/E7pS24J   https://app.rubicon.finance/trade,,,
MES Protocol,Orderbook DEX,⭐️⭐️⭐️,https://twitter.com/mesprotocol   https://discord.com/invite/8sD6KHHPa5   https://www.mesprotocol.com/,,,
Perennial,"Leverage Market, Perpetual Market",⭐️⭐️⭐️⭐️,https://twitter.com/perenniallabs   https://discord.com/invite/n6ejatX5Rw   https://perennial.finance/,,$ 12M,"Coinbase, Polychain, Robot Ventures, Variant Fund"
Onchain Trade,"Algo-Stablecoin, Leverage Market",⭐️⭐️⭐️,https://twitter.com/OnchainTrade   https://discord.com/invite/onchaintrade   https://onchain.trade/#/,OT,,
Avantis,"Perpetual Market, RWA Market, Synthetic Assets",⭐️⭐️⭐️⭐️,https://twitter.com/AvantisFinance   https://discord.com/invite/qJabbFzcUn   https://www.avantisfi.com/,,,Base Ecosystem Fund
BSX,Perpetual Market,⭐️⭐️⭐️⭐️,https://twitter.com/bsx_labs   https://www.bsx.exchange/,,,Base Ecosystem Fund
Xena Finance,Perpetual Market,⭐️⭐️⭐️,https://twitter.com/XenaFinance   https://discord.com/invite/akZ2Gze69q   https://xena.finance/,XEN,,
PRINT3R,Perpetual Market,⭐️⭐️⭐️,https://twitter.com/PRINT3Rxyz   https://t.me/print3rXYZ   https://www.print3r.xyz/,,,
basetrade,Perpetual Market,⭐️⭐️⭐️,https://twitter.com/basetrade_xyz   https://discord.com/invite/jFrXyzNjye   https://basetrade.xyz/,,,
DePerp,Perpetual Market,⭐️⭐️⭐️,https://twitter.com/deperpcom   https://discord.com/invite/vP96kf9kYn   https://www.deperp.com/,,,
Joy9 Exchange,Perpetual Market,⭐️⭐️⭐️,https://twitter.com/joy9exchange   https://discord.com/invite/D6Rv7zrTVW   https://joy9.io/,,,
Deri Protocol,Options Market,⭐️⭐️⭐️,https://twitter.com/DeriProtocol   https://discord.com/invite/FEM9GMehHQ   https://deri.io/#/index,DERI,,"BNB Chain Fund, Bixin Ventures, FBG Capital, Kryptos, LD Capital"
Volmex Finance,VIX Market,⭐️⭐️⭐️⭐️,https://twitter.com/volmexfinance   https://discord.com/invite/volmex   https://app.volmex.finance/trade,,,"Alameda, CMS Holdings, Coinbase, IOSG Ventures, Robot Ventures"
Thales,Prediction Market,⭐️⭐️⭐️⭐️,https://twitter.com/thalesmarket   https://discord.com/invite/thales   https://thalesmarket.io/,THALES,$ 2.5M,"Apollo Crypto, Framework, IOSG Ventures, LD Capital, The LAO, Zee Prime Capital"
ZKasino,Prediction Market,⭐️⭐️⭐️,https://twitter.com/ZKasino_io   https://discord.com/invite/zkasino   https://play.zkasino.io/zh,,,
Tangible,RWA Market,⭐️⭐️⭐️⭐️,https://twitter.com/tangibleDAO   https://discord.com/invite/tMQ9WjVBuS   https://www.tangible.store/realusd,,,
Ondo Finance,RWA Market,⭐️⭐️⭐️⭐️,https://twitter.com/OndoFinance   https://t.me/ondofinance   https://ondo.finance/,,$ 34M,"Bixin Ventures, CoinFund, Coinbase, DCG, Pantera Capital, The LAO, Tiger Global, Wintermute"
Compound,Lending,⭐️⭐️⭐️⭐️⭐️,https://twitter.com/compoundfinance   https://discord.com/invite/fq6JSPkpJn   https://app.compound.finance/,COMP,$ 33.2M,"Abstract Ventures, Bain Capital, Chapter One, Coinbase, ConsenSys Mesh, DHVC, Hack VC, Paradigm, Polychain, Robot Ventures, a16z"
Aave,Lending,⭐️⭐️⭐️⭐️⭐️,https://twitter.com/aave   https://discord.com/invite/aave   https://app.aave.com/,AAVE,$ 48.7M," Ribbit Capital, Blockchain Capital, Blockchain.com, DTC Capital, DeFiance Capital, Framework, ParaFi Capital, Standard Crypto"
Extra Finance,"Lending, Leveraged Yield",⭐️⭐️⭐️⭐️,https://twitter.com/extrafi_io   https://discord.com/invite/extra-finance   https://app.extrafi.io/farm,EXTRA,,
Moonwell,Lending,⭐️⭐️⭐️⭐️,https://twitter.com/MoonwellDeFi   https://discord.com/invite/moonwellfi   https://moonwell.fi/,WELL,$ 10M,"Arrington Capital, Coinbase, Haun Ventures, Hypersphere, Lemniscap, Robot Ventures, Signum Capital, Woodstock"
Sonne Finance,"AMM DEX, Lending",⭐️⭐️⭐️⭐️,https://twitter.com/SonneFinance   https://discord.com/invite/sonnefinance   https://sonne.finance/,SONNE,,
Seamless,Lending,⭐️⭐️⭐️,https://twitter.com/SeamlessFi   https://discord.com/invite/urQPJu3CKt   https://www.seamlessprotocol.com/,,,
Magnate,Lending,⭐️⭐️⭐️,https://twitter.com/MagnateFi   https://discord.com/invite/tdaUm4fT   https://www.magnate.finance/,,,
BaseLend,"CDP-Stablecoin, Lending",⭐️⭐️⭐️,https://twitter.com/BaseLendFi   https://t.me/BaseLend   https://baselend.finance/home,,,
Decentrium,Lending,⭐️⭐️⭐️,https://twitter.com/decentriumfi   https://discord.com/invite/decentrium   https://www.decentrium.net/,,,
Granary,Lending,⭐️⭐️⭐️,https://twitter.com/GranaryFinance   https://discord.com/invite/granary   https://granary.finance/markets,,,
OmniBTC,"CrossChain Bridge, Omnichain Lending",⭐️⭐️⭐️,https://twitter.com/OmniBTC   https://discord.com/invite/Z2EzZcJ72x   https://www.omnibtc.finance/,,,
Term Labs,Fixed Rate Lending,⭐️⭐️⭐️⭐️,https://twitter.com/term_labs   https://t.me/+Q8nMs4zuM5tmMjAx   https://termfinance.io/,,$ 2.5M,"Circle Ventures, Coinbase, Electric Capital, Robot Ventures"
Yearn finance,Yield Aggregator,⭐️⭐️⭐️⭐️⭐️,https://twitter.com/yearnfi   https://discord.com/invite/6PNv2nF   https://yearn.finance/#/home,YFI,,
Halofi,Yield Aggregator,⭐️⭐️⭐️,https://twitter.com/halofi_me   https://discord.com/invite/Y6bPpwbpK3   https://halofi.me/,,,
Aura,Yield Optimizer,⭐️⭐️⭐️⭐️,https://twitter.com/AuraFinance   https://discord.com/invite/aurafinance   https://aura.finance/,AURA,,
Beefy,Yield Optimizer,⭐️⭐️⭐️⭐️,https://twitter.com/beefyfinance   https://discord.com/invite/yq8wfHd   https://app.beefy.finance/,BIFI,,
ACryptoS,Yield Optimizer,⭐️⭐️⭐️,https://twitter.com/acryptosdao   https://t.me/acryptos   https://www.acryptos.com/,ACS,,
Mellow,Liquidity Manager,⭐️⭐️⭐️⭐️,https://twitter.com/Mellowprotocol   https://discord.com/invite/w6sJDJrV65   https://mellow.finance/,,$ 2.75M,"Arrington Capital, ParaFi Capital, Robot Ventures"
Gamma,Liquidity Manager,⭐️⭐️⭐️⭐️,https://twitter.com/GammaStrategies   https://discord.com/invite/gammastrategies   https://app.gamma.xyz/,GAMMA,$ 3.5M,"1confirmation, 1kx, Alliance DAO, Blockchain Capital, DCG, Electric Capital, GSR, Maven 11, Spartan Group, Tribe Capital"
Pike,Liquidity Manager,⭐️⭐️⭐️,https://twitter.com/PikeFinance   https://discord.com/invite/yUmg8QC37U   https://www.pike.finance/,,,
Ensurer,IDO Launchpad,⭐️⭐️⭐️,https://twitter.com/EnsurerOfficial   https://ensurer.xyz/,ERER,,
SparkFi,IDO Launchpad,⭐️⭐️⭐️,https://twitter.com/sparkfi_xyz   https://discord.com/invite/WtBvqvuaTu   https://www.sparkfi.xyz/,,,
Blue Launchpad,IDO Launchpad,⭐️⭐️⭐️,https://twitter.com/Baselaunchpad   https://t.me/BaseERC   https://baseerc.com/,,,
Qi Dao,CDP-Stablecoin,⭐️⭐️⭐️⭐️,https://twitter.com/QiDaoProtocol   https://discord.com/invite/mQq55j65xJ   https://www.mai.finance/,QI,,
TiTi Protocol,CDP-Stablecoin,⭐️⭐️⭐️⭐️,https://twitter.com/TiTiProtocol   https://discord.com/invite/r2JbXcRYdy   https://titi.finance/,TiTi,$ 13.5M,"Alliance DAO, Incuba Alpha, SevenX Ventures, Solidity Ventures, Spartan Group"
Paradise,CDP-Stablecoin,⭐️⭐️⭐️,https://twitter.com/stableparadise   https://discord.com/invite/TyJdGANK   https://stableparadise.xyz/,PARA,,
Overnight(USD+),CDP-Stablecoin,⭐️⭐️⭐️,https://twitter.com/overnight_fi   https://discord.com/invite/overnight-fi   https://overnight.fi/,OVN,,
Synthetix,Synthetic Assets,⭐️⭐️⭐️⭐️⭐️,https://twitter.com/synthetix_io   https://discord.com/invite/Synthetix   https://staking.synthetix.eth.limo/,,,
Inverse,Synthetic Assets,⭐️⭐️⭐️,https://twitter.com/InverseFinance   https://discord.com/invite/YpYJC7R5nv   https://www.inverse.finance/,INV,,
Mira Finance,Index Fund / dETF,⭐️⭐️⭐️,https://twitter.com/Mira_Finance   https://discord.com/invite/hNDkvJpBg4   https://www.mirafinance.io/,,,
OpenCover,Insurance,⭐️⭐️⭐️⭐️,https://twitter.com/OpenCoverDeFi   https://discord.com/invite/zKY2rTRUGN   https://opencover.com/,,$ 4.2M,"Alliance DAO, Base Ecosystem Fund, Jump Crypto, NFX, OrangeDAO"
Neptune,Insurance,⭐️⭐️⭐️⭐️,https://twitter.com/neptunemutual   https://discord.com/invite/2qMGTtJtnW   https://neptunemutual.com/,NPM,$ 5M,"Coinbase, Fenbushi Capital, Huobi, OKX Ventures"
OKX Web3,"DEX Aggregator, NFT Marketplace",⭐️⭐️⭐️⭐️⭐️,https://twitter.com/okxweb3   https://discord.com/invite/pXmtxwSkNB   https://www.okx.com/cn/web3,,,OKX Ventures
Magic Eden,NFT Marketplace,⭐️⭐️⭐️⭐️⭐️,https://twitter.com/magiceden   https://discord.com/invite/magiceden   https://magiceden.io/,,$ 159.5M,"6th Man Ventures, Alameda Research, Coinbase, Electric Capital, Global Coin Research, Greylock, Lightspeed Venture, Mantis VC, Paradigm, Polygon Ventures, Sequoia Capital, Solana Ventures, Variant Fund"
Element,NFT Marketplace,⭐️⭐️⭐️⭐️⭐️,https://twitter.com/Element_Market   https://discord.com/invite/elementmarket   https://element.market/zksync,,$ 11.5M,"Dragonfly Capital, SIG DTI, Sequoia Capital"
OpenSea,NFT Marketplace,⭐️⭐️⭐️⭐️⭐️,https://twitter.com/opensea   https://discord.com/invite/opensea   https://opensea.io/,,,
Zonic,NFT Marketplace,⭐️⭐️⭐️⭐️,https://twitter.com/zonicapp   https://discord.com/invite/zonic   https://zonic.app/,,,
Tevaera,NFT Marketplace,⭐️⭐️⭐️,https://twitter.com/tevaera   https://t.me/TevaeraNews   https://tevaera.com/,,,
Collection.xyz,NFT Aggregator,⭐️⭐️⭐️,https://twitter.com/CollectionWeb3   https://discord.com/invite/collectionxyz   https://collection.xyz/,,,
Omnisea,NFT  Launchpad,⭐️⭐️⭐️⭐️,https://twitter.com/omnisea   https://discord.com/invite/omnisea   https://omnisea.org/,,,
NFTFeed,NFT Stake Lending,⭐️⭐️⭐️,https://twitter.com/NFTFeedOfficial   https://t.me/NFTFeedOfficial   https://nftfeed.guru/,,,
OmniBase,NFT Bridge,⭐️⭐️⭐️⭐️,https://twitter.com/OmniBase_xyz   https://discord.com/invite/omnibase   https://omnibase.xyz/,,,
l2telegraph,NFT Bridge,⭐️⭐️⭐️,https://twitter.com/l2telegraph   https://l2telegraph.xyz/,,,
Indelible Labs,NFT Generator,⭐️⭐️⭐️,https://twitter.com/indelible_labs   https://discord.com/invite/5ksdbHk48X   https://indelible.xyz/,,,
NFTs2Me,NFT Generator,⭐️⭐️⭐️,https://twitter.com/nfts2me   https://discord.com/invite/KrJAaNUwDD   https://nfts2me.com/,,,
DeGame,Gaming Station,⭐️⭐️⭐️⭐️,https://twitter.com/Degame_l2y   https://discord.com/invite/degame   https://degame.com/,,$ 10.2M,"A&T Capital, Avalanche, Bixin Ventures, FBG Capital, Fenbushi Capital, Folius Ventures, Foresight Ventures, Hack VC, HashKey Capital, Kenetic Capital, NGC Ventures, Protocol Labs, Sfermion"
LandTorn,Game Station,⭐️⭐️⭐️,https://twitter.com/Landtorn   https://discord.com/invite/landtorn   https://landtorn.com/,,,
Parallel,Card Game,⭐️⭐️⭐️⭐️⭐️,https://twitter.com/ParallelTCG   https://discord.com/invite/paralleltcg   https://parallel.life/,PRIME,$ 50M,"Paradigm, Shima Capital, Yunt Capital, Zee Prime Capital"
"Base(X,Y)",Pixel Game,⭐️⭐️⭐️,https://twitter.com/basex_y   https://v2.basexy.org/,BC,,
BasePaint,Pixel Game,⭐️⭐️⭐️,https://twitter.com/basepaint_xyz   https://basepaint.xyz/,,,
Gogems,GameFi,⭐️⭐️⭐️,https://twitter.com/Gogems_Base   https://t.me/GogemsChannel   https://gogems.vercel.app/,,,
BXSE,GameFi,⭐️⭐️⭐️,https://twitter.com/itscalledbase   https://www.bxse.xyz/,,,
Vaissel,GameFi,⭐️⭐️⭐️,https://twitter.com/FocusOnVaissel   https://discord.com/invite/6fUb9u2vAp   https://vaissel.xyz/,,,
Farcaster,SocialFi,⭐️⭐️⭐️⭐️⭐️,https://twitter.com/farcaster_xyz   https://t.me/farcasterxyz   https://www.farcaster.xyz/,,$ 30M," Ribbit Capital, 1confirmation, A.Capital, Archetype, Chapter One, Coinbase, Multicoin, Scalar Capital, Volt Capital, a16z"
Friend.tech,Social,⭐️⭐️⭐️⭐️⭐️,https://twitter.com/friendtech   https://t.me/tryfriendtech   https://www.friend.tech/,,,Paradigm
Showtime,Social,⭐️⭐️⭐️⭐️,https://twitter.com/Showtime_xyz   https://showtime.xyz/,,$ 8.2M,"Dragonfly Capital, Paradigm, Robot Ventures"
BaseNS,Domain Service,⭐️⭐️⭐️⭐️,https://twitter.com/basensdomains   https://discord.com/invite/KqR8Tr57Kw   https://basens.domains/,,,"FBG Capital, MEXC, OKX Ventures, Republic Capital, Youbi Capital"
BNS,Domain Service,⭐️⭐️⭐️,https://twitter.com/basenameapp   https://www.basename.app/,,,
CyberConnect,Digital ID,⭐️⭐️⭐️⭐️⭐️,https://twitter.com/CyberConnectHQ   https://t.me/CyberConnectOfficial   https://link3.to/cyberconnect,,$ 30M,"Animoca Brands, C² Ventures, Delphi Digital, Gate Labs, Hashed, IOSG Ventures, Lattice Capital, Mask Network, Multicoin, Polygon Labs, Protocol Labs, SevenX Ventures, Spartan Group"
zCloak,Digital ID,⭐️⭐️⭐️⭐️,https://twitter.com/zcloaknetwork   https://discord.com/invite/j3mATwNVSH   https://zcloak.network/,,$ 7.1M,"Ankr, Bixin Ventures, Coinbase, DFG, Harmony, Hash Global, Hypersphere, IOSG Ventures, Jump Crypto, KR1, Kucoin, Mask Network, Matrixport, PAKA, Signum Capital"
zkMe,Digital ID,⭐️⭐️⭐️⭐️,https://twitter.com/zkme_   https://discord.io/zkme   https://zk.me/,,$ 2M,"ArkStream Capital, CMS Holdings, Circle Ventures, Fenbushi Capital, NGC Ventures, Spartan Group"
Masa,Digital ID,⭐️⭐️⭐️⭐️,https://twitter.com/getmasafi   https://discord.com/invite/masafinance   https://www.masa.finance/,,$ 3.5M,"Alves Ventures, Goldentree, OP Crypto"
EAS,Attestation Service,⭐️⭐️⭐️,https://twitter.com/eas_eth   https://attest.sh/,,,
paragraph,Creators Platform,⭐️⭐️⭐️⭐️,https://twitter.com/paragraph_xyz   http://paragraph.xyz/discord   https://paragraph.xyz/,,$ 1.7M,"Base Ecosystem Fund, Binance Labs"
DAZ 3D,Creators Platform,⭐️⭐️⭐️,https://twitter.com/daz3d   https://discord.com/invite/daz3d   https://www.daz3d.com/,,,
KinemPub,Creators Platform,⭐️⭐️⭐️,https://twitter.com/KinemPub   https://discord.com/invite/U9a7uMNMzB   https://www.kinempub.xyz/,,,
TiTi,Video Sharing Platform,⭐️⭐️⭐️,https://twitter.com/TokToksocialfi,,,
L2BEAT,OnChain Activity Analysis,⭐️⭐️⭐️⭐️⭐️,https://twitter.com/l2beat   https://discord.com/invite/eaVKXPmtWk   https://l2beat.com/scaling/tvl,,,
Nansen,OnChain Activity Analysis,⭐️⭐️⭐️⭐️⭐️,https://twitter.com/nansen_ai   https://discord.com/invite/X5u3a7Wef6   https://www.nansen.ai/,,$ 88.2M,"Coinbase, Fabric Ventures, Folius Ventures, GIC, Mechanism Capital, QCP Capital, Robot Ventures, Tiger Global, Volt Capital, a16z, imToken"
Arkham,OnChain Activity Analysis,⭐️⭐️⭐️⭐️,https://twitter.com/arkhamintel   https://discord.com/invite/arkham   https://arkhamintelligence.com/,,,D1 Ventures
Dora,OnChain Activity Analysis,⭐️⭐️⭐️,https://twitter.com/SearchOnDora   https://www.ondora.xyz/,,,Dragonfly Capital
BaseScan,Blockchain Explorer,⭐️⭐️⭐️,https://twitter.com/BaseScanHQ   https://goerli.basescan.org/,,,
Blockscout,Blockchain Explorer,⭐️⭐️⭐️,https://twitter.com/blockscoutcom   https://discord.com/invite/blockscout   https://www.blockscout.com/,,,Gitcoin Beta Round
Blockdaemon,"MPC Wallet, RPC Operator",⭐️⭐️⭐️⭐️⭐️,https://twitter.com/BlockdaemonHQ   https://www.blockdaemon.com/,,$ 395.5M,"BlockFi, Blockchain.com, Borderless Capital, CoinFund, Fenbushi Capital, Galaxy Digital, Goldman Sachs, HashKey Capital, J.P. Morgan, Kenetic Capital, Kraken Ventures, Republic Capital, SoftBank, Tiger Global"
QuickNode,RPC Operator,⭐️⭐️⭐️⭐️⭐️,https://twitter.com/quicknode   https://discord.com/invite/DkdgEqE   https://www.quicknode.com/chains/optimism,,$ 100M,"10T Holdings, Alexis Ohanian, Arrington Capital, Crossbeam, Protocol Labs, SoftBank, Soma Capital, Tiger Global"
Infura,RPC Operator,⭐️⭐️⭐️⭐️⭐️,https://twitter.com/infura_io   https://discord.com/invite/consensys   https://www.infura.io/networks/ethereum/optimism,,,ConsenSys Mesh
Alchemy,RPC Operator,⭐️⭐️⭐️⭐️⭐️,https://twitter.com/AlchemyPlatform   https://www.alchemy.com/alchemy.com/discord   https://www.alchemy.com/,,,
BlockPI,RPC Operator,⭐️⭐️⭐️⭐️,https://twitter.com/RealBlockPI   https://discord.com/invite/xTvGVrGVZv   https://blockpi.io/,,$ 3M,"HashKey Capital, Shima Capital"
Blast API,RPC Operator,⭐️⭐️⭐️,https://twitter.com/BlastAPI   https://discord.com/invite/VPkWESgtvV   https://blastapi.io/,,,
Ankr,"Liquid Staking Token, Nodes Operator, RPC Operator",⭐️⭐️⭐️⭐️⭐️,https://twitter.com/ankr   https://discord.gg/ankr   https://www.ankr.com/,ANKR/ankrETH,$ 15M,"ArkStream Capital, Binance Labs, DHVC, LD Capital, Lancer Capital, LinkVC, NGC Ventures, Pantera Capital"
Scale3,Nodes Operator,⭐️⭐️⭐️⭐️,https://twitter.com/Scale3Labs   https://discord.com/invite/h74CkNv4h9   https://www.scale3labs.com/,,$ 5.3M,"Howard University, Mysten Labs, Redpoint Ventures"
Bware Labs,"Nodes Operator, OnChain Data Indexing, RPC Operator",⭐️⭐️⭐️⭐️,https://twitter.com/BwareLabs   https://discord.com/invite/bwarelabs   https://bwarelabs.com/,INFRA,$ 7.2M,Alchemy
Octavia,AI/AIGC/ZKML,⭐️⭐️⭐️,https://twitter.com/OctaviaToken   https://discord.com/invite/octavia   https://octavia.one/,,,
Tally,DAO Tool,⭐️⭐️⭐️⭐️,https://twitter.com/tallyxyz   https://discord.com/invite/3wgMrqaCCk   https://www.tally.xyz/,,$ 7.5M,"1kx, Alliance DAO, Blockchain Capital, Lemniscap, Robot Ventures, The LAO"
UnlockProtocol,DAO Tool,⭐️⭐️⭐️⭐️,https://twitter.com/UnlockProtocol   https://discord.com/invite/kQv8HZXRCp   https://unlock-protocol.com/,UDT,$ 5.7M,"Coinbase, ConsenSys Mesh"
XDAO,DAO Tool,⭐️⭐️⭐️,https://twitter.com/xdaoapp   https://discord.com/invite/axx6uCAb4Y   https://www.xdao.app/,XDAO,$ 2.3M,DWF Labs
jokedao,DAO Tool,⭐️⭐️⭐️,https://twitter.com/jokedao_   https://t.co/CymeNDo6Qm   https://www.jokedao.io/,JOKE,,
DeFine,OAT/POAP Platform,⭐️⭐️⭐️⭐️,https://twitter.com/DeFinePlatform   https://discord.com/invite/UYahw74GdG   https://www.define.one/,,$ 5M,"Huobi, NGC Ventures, SevenX Ventures"
TaskOn,OAT/POAP Platform,⭐️⭐️⭐️⭐️,https://twitter.com/taskonxyz   https://discord.com/invite/eaWzVFm9vZ   https://taskon.xyz/,,,
lirn.io,OAT/POAP Platform,⭐️⭐️⭐️,https://twitter.com/lirnio   https://discord.com/invite/UT67q5AHcX   https://lirn.io/,,,
Gelato,No Code Deployment,⭐️⭐️⭐️⭐️⭐️,https://twitter.com/gelatonetwork   https://discord.com/invite/ApbA39BKyJ   https://www.gelato.network/,GEL,$ 17.2M,"D1 Ventures, Dragonfly Capital, Galaxy Digital, IDEO CoLab, IOSG Ventures, ParaFi Capital"
Automata,"MEV Protection, TEE AVS",⭐️⭐️⭐️⭐️⭐️,https://x.com/AutomataNetwork   https://discord.com/invite/automata   https://www.ata.network/,ATA,$ 6.4M," LongHash Ventures, ArkStream Capital, Binance Labs, GBV Capital, HTX Ventures, IOSG Ventures, Jump Crypto, KR1, Placeholder, Signum Capital"
wagmi,TypeScript Tool,⭐️⭐️⭐️⭐️,https://twitter.com/wagmi_sh   https://wagmi.sh/zh-CN,,,Paradigm
Chainlink,Oracle,⭐️⭐️⭐️⭐️⭐️,https://twitter.com/chainlink   https://discord.com/invite/aSK4zew   https://chain.link/,LINK,,
Truflation,Oracle,⭐️⭐️⭐️⭐️,https://twitter.com/truflation   https://discord.com/invite/5AMCBYxfW4   https://truflation.com/,,,Base Ecosystem Fund
SEDA,Oracle,⭐️⭐️⭐️⭐️,https://twitter.com/sedaprotocol   https://discord.com/invite/Ae4V6y6qrW   https://www.seda.xyz/,,$ 10.3M," Figment Capital, CoinFund, Coinbase, Distributed Global, Flow Ventures, Greenfield, Hack VC, IOSG Ventures, Maven 11, Tenzor Capital, Zee Prime Capital"
UMA,Oracle,⭐️⭐️⭐️⭐️,https://twitter.com/UMAprotocol   https://discord.com/invite/39GFUAk5bA/   https://uma.xyz/,UMA,$ 6.6M,"Amber Group, Bain Capital, BitDAO, Blockchain Capital, Coinbase, Dragonfly Capital, Hack VC, IOSG Ventures, Mirana Ventures, Wintermute"
Pyth Network,Oracle,⭐️⭐️⭐️⭐️,https://twitter.com/PythNetwork   https://discord.com/invite/PythNetwork   https://pyth.network/,,,"Alliance DAO, Delphi Digital, GBV Capital, Huobi, Kucoin, Republic Capital, Sino Global"
Scry,Oracle,⭐️⭐️⭐️,https://twitter.com/scryprotocol   https://discord.com/invite/3Z2qvm9BDg   https://scry.finance/,,,
DIA,Oracle,⭐️⭐️⭐️,https://twitter.com/DIAdata_org   https://discord.com/invite/zFmXtPFgQj   https://www.diadata.org/,DIA,,
The Graph,OnChain Data Indexing,⭐️⭐️⭐️⭐️⭐️,https://twitter.com/graphprotocol   https://discord.com/invite/vtvv7FP   https://thegraph.com/blog/graph-optimistic-ethereum/,GRT,$ 67M,"Big Brain Holdings, CoinFund, Coinbase, D1 Ventures, DCG, Fabric Ventures, Fenbushi Capital, Framework, GSR, GenBlock Capital, Hack VC, Lemniscap, Multicoin, ParaFi Capital, Spartan Group, Tiger Global"
Covalent,OnChain Data Indexing,⭐️⭐️⭐️⭐️⭐️,https://twitter.com/covalent_hq   https://discord.com/invite/VHgmzB9973   https://www.covalenthq.com/,CQT,$ 15.1M,"1kx, AU21 Capital, Alameda Research, Avalanche, Binance Labs, CoinGecko, Coinbase, Delphi Digital, Hashed, Hypersphere, Mechanism Capital, Moonbeam, NEAR"
Mnemonic,OnChain Data Indexing,⭐️⭐️⭐️⭐️,https://twitter.com/mnemonichq   https://discord.com/invite/5AhUKjXnUm   https://www.mnemonichq.com/,,$ 10M,"Coinbase, Kenetic Capital, OrangeDAO, Polygon Ventures, Tribe Capital"
SimpleHash,OnChain Data Indexing,⭐️⭐️⭐️,https://twitter.com/SimpleHashInc   https://t.me/+HO9F964rKsE1YjVh   https://simplehash.com/,,,
Coherent,OnChain Data Indexing,⭐️⭐️⭐️,https://twitter.com/Coherentxyz   https://coherent.xyz/,,,
indexed,OnChain Data Indexing,⭐️⭐️⭐️,https://twitter.com/indexedxyz   https://www.indexed.xyz/#,,,
thirdweb,Web3 Hosting Service,⭐️⭐️⭐️⭐️⭐️,https://twitter.com/thirdweb   https://discord.com/invite/thirdweb   https://thirdweb.com/,,$ 29M,"Coinbase, Haun Ventures, Polygon Labs, Protocol Labs, Shopify, Shrug Capital"
Truffle,Web3 Hosting Service,⭐️⭐️⭐️⭐️,https://twitter.com/trufflesuite   https://trufflesuite.com/,,,ConsenSys Mesh
Hardhat,Web3 Hosting Service,⭐️⭐️⭐️,https://twitter.com/HardhatHQ   https://discord.com/invite/TETZs2KK4k   https://hardhat.org/,,,
Particle,"Social Recovery Wallet, Web3 SDK Platform",⭐️⭐️⭐️⭐️,https://twitter.com/ParticleNtwrk   https://discord.com/invite/2y44qr6CR2   https://particle.network/,,$ 8.5M," LongHash Ventures, ABCDE Capital, Animoca Brands, Cobo Ventures, CyberConnect, GSR, HashKey Capital"
0x,Exchange  API,⭐️⭐️⭐️⭐️⭐️,https://twitter.com/0xproject   https://discord.com/invite/official0x   https://0x.org/,,$ 85M,"Alliance DAO, Blockchain Capital, Blockchain.com, Coinbase, Fabric Ventures, GenBlock Capital, IOSG Ventures, Jump Crypto, OpenSea, Pantera Capital, Polychain"
LayerZero,CrossChain SDK,⭐️⭐️⭐️⭐️⭐️,https://twitter.com/LayerZero_Labs   https://discord-layerzero.netlify.app/discord   https://layerzero.network/,,$ 261M,"Animoca Brands, Avalanche, Binance Labs, Bixin Ventures, Circle Ventures, CoinFund, Coinbase, Dapper Labs, DeFiance Capital, Delphi Digital, FTX, Fantom, GenBlock Capital, Hypersphere, IOBC Capital, Lightspeed Venture, Matrixport, Multicoin, NGC Ventures, OKX Ventures, OpenSea, PayPal, Polygon Ventures, Robot Ventures, Samsung, Sequoia Capital, Sino Global, Spartan Group, Tiger Global, Uniswap, a16z, imToken"
Socket,CrossChain SDK,⭐️⭐️⭐️⭐️⭐️,https://twitter.com/socketdottech   https://discord.com/invite/zfKJR8yWaH   https://www.socket.tech/,,$ 12M," LongHash Ventures, Archetype, CoinFund, Coinbase, Framework, Lightspeed Venture, Maven 11, OpenSea"
ECHO,Web3 Social SDK,⭐️⭐️⭐️⭐️,https://twitter.com/0x_echo   https://discord.com/invite/b6WF9njPze   https://0xecho.com/,,,Gitcoin Beta Round
Innovaz,NFT Mint/Creator SDK,⭐️⭐️⭐️,https://twitter.com/Innovaz_io   https://discord.com/invite/qzqXgxD32f   https://innovaz.io/,,,
Brave,Web3 Browser,⭐️⭐️⭐️⭐️⭐️,https://twitter.com/brave   https://brave.com/zh/wallet/,,,
Gauntlet," Security/Audits",⭐️⭐️⭐️⭐️⭐️,https://twitter.com/gauntletnetwork   https://gauntlet.network/,,$ 40M," Ribbit Capital, Coinbase, Dragonfly Capital, IA Ventures, Paradigm, Polychain, Robot Ventures, Standard Crypto"
Revoke.cash," Security/Audits",⭐️⭐️⭐️⭐️,https://twitter.com/RevokeCash   https://discord.com/invite/revoke-cash   https://revoke.cash/,,,
Cookbook,Solidity Libraries,⭐️⭐️⭐️⭐️⭐️,https://x.com/cookbook_dev   https://discord.com/invite/cookbookdev   https://www.cookbook.dev/,,,
Dackie,NFT,⭐️⭐️⭐️,https://twitter.com/Dackie_Official   https://discord.com/invite/dackie   https://www.dackieofficial.com/,,,
Palette,NFT,⭐️⭐️,https://twitter.com/palette_base   https://discord.com/invite/PDDt2BJaBe   https://linktr.ee/palette_base,,,
BaseRock,NFT,⭐️⭐️,https://twitter.com/rockinbase   https://discord.com/invite/N4eED96Jpg   https://linktr.ee/baserock,,,
BullsOnBase,NFT,⭐️⭐️,https://twitter.com/BullsOnBase   https://t.me/bullsonbase   https://bullsonbase.weebly.com/,,,
Crypto Bosses,NFT,⭐️⭐️,https://twitter.com/CryptoBoss_xyz   https://discord.com/invite/dzBNjryAzf   https://crypto-bosses.xyz/,,,
BasePepe,"Domain Service, Meme Coin",⭐️⭐️,https://twitter.com/BasePepeCom   https://t.me/basepepecom   https://www.basepepe.com/,,,
MemeTokenClub,Meme Coin,⭐️⭐️,https://twitter.com/MemetokenFC   https://www.memetoken.club/,,,
Baby Punk,Meme Coin,⭐️⭐️,https://twitter.com/PunkBase_   https://discord.com/invite/JzFQQ7Yq   https://punkbase.rf.gd/,,,