﻿名称,Rollup Types
Arbitrum One,Optimistic Rollup
Arbitrum Nova,Optimistic Rollup
Optimism,Optimistic Rollup
Coinbase Base,Optimistic Rollup
Mantle,Optimistic Rollup
zkSync Lite,zk-Rollup
Starknet,zk-Rollup
zkSync Era,zkEVM Rollup
Polygon zkEVM,zkEVM Rollup
ConsenSys Linea,zkEVM Rollup
Scroll,zkEVM Rollup
Taiko,zkEVM Rollup
Starknet Kakarot,zkEVM Rollup
Immutable zkEVM,zkEVM Rollup
Arbitrum Orbit,Rollup Framework
Celestia Rollkit,Rollup Framework
Fuel,"Execution SDK, Rollup Framework"
EigenLayer,"Data Availability SDK, Rollup Framework"
Celestia,"Data Availability SDK, Rollup Framework"
Polygon Avail,"Data Availability SDK, Rollup Framework"
Sovereign,"Data Availability SDK, Rollup Framework"
zkSync Hyperchain,Rollup Framework
Starknet Slush,Rollup Framework
Stackr,Rollup Framework
Cartesi,Rollup Framework
Opside,Rollup Framework
Berachain Polaris,Rollup Framework
Eclipse,No-Code Deployment
AltLayer,No-Code Deployment
Caldera,No-Code Deployment
Conduit,No-Code Deployment
Artesi,No-Code Deployment
EigenLayer,"Data Availability SDK, Rollup Framework, Shared Sequencer"
Flashbots Suave,Shared Sequencer
Espresso,Shared Sequencer
Dymension,Shared Sequencer
Saga,Shared Sequencer
LayerZero,OmniChain
Axelar,OmniChain