﻿名称,Rollup Types
Arbitrum One,Optimistic Rollup
Arbitrum Nova,Optimistic Rollup
Optimism,Optimistic Rollup
Coinbase Base,Optimistic Rollup
Mantle,Optimistic Rollup
Starknet,zk-Rollup
zkSync Era,zkEVM Rollup
Linea,zkEVM Rollup
Scroll,zkEVM Rollup
Polygon zkEVM,zkEVM Rollup
Taiko,zkEVM Rollup
Arbitrum Orbit,Rollup Framework
Celestia Rollkit,Rollup Framework
Fuel,"Execution SDK, Rollup Framework"
EigenLayer,"Data Availability SDK, Rollup Framework"
Celestia,"Data Availability SDK, Rollup Framework"
Polygon Avail,"Data Availability SDK, Rollup Framework"
Sovereign,"Data Availability SDK, Rollup Framework"
zkSync Hyperchain,Rollup Framework
Starknet Slush,Rollup Framework
Stackr,Rollup Framework
Cartesi,Rollup Framework
Opside,Rollup Framework
Berachain Polaris,Rollup Framework
Eclipse,No-Code Deployment
AltLayer,No-Code Deployment
Caldera,No-Code Deployment
Conduit,No-Code Deployment
Artesi,No-Code Deployment
OP Stack,Shared Sequencer
Dymension,Shared Sequencer
Espresso,Shared Sequencer
Flashbots Suave,Shared Sequencer
Saga,Shared Sequencer
LayerZero,OmniChain
Axelar,OmniChain