﻿Name,Category,Rating Index,Link | Click the Link Text,Token," Raised",Investor
OKX Wallet,"Extension Wallet, Mobile Wallet",⭐️⭐️⭐️⭐️⭐️,https://twitter.com/okxweb3   https://discord.com/invite/pXmtxwSkNB   https://www.okx.com/web3,OKX,,OKX Ventures
Coinbase Wallet,"Extension Wallet, Mobile Wallet",⭐️⭐️⭐️⭐️⭐️,https://twitter.com/CoinbaseWallet   http://coinbase.com/wallet,,,Coinbase
MetaMask,"Extension Wallet, Mobile Wallet",⭐️⭐️⭐️⭐️⭐️,https://twitter.com/MetaMask   https://metamask.io/,,$ 725M,ConsenSys Mesh
BitKeep Wallet,"Extension Wallet, Mobile Wallet",⭐️⭐️⭐️⭐️,https://twitter.com/BitKeepOS   https://discord.com/invite/gUQB7gUarR   https://bitkeep.com/,BKB,$ 45M,"A&T Capital, Bitget, Bixin Ventures, DHVC, Dragonfly Capital, Foresight Ventures, Kucoin, Matrix Partners, Matrixport, SevenX Ventures"
MathWallet,"Extension Wallet, Mobile Wallet",⭐️⭐️⭐️⭐️,https://twitter.com/Mathwallet   https://discord.gg/gXSfnk5eP5   https://mathwallet.org/,MATH,$ 21M,"Alameda Research, Amber Group, Binance Incubation, Multicoin"
Keystone,Hardware Wallet,⭐️⭐️⭐️,https://twitter.com/KeystoneWallet   https://discord.com/invite/6vEfPEJKJD   https://keyst.one/,,,
Web3Auth,Wallet-to-dApp,⭐️⭐️⭐️⭐️⭐️,https://twitter.com/web3auth   https://discord.com/invite/web3auth   http://web3auth.io,,$ 15M,"Binance Labs, Coinbase, Hashed, Kyros Ventures, LD Capital, Multicoin"
bridge.bnbchain,Native Bridge,⭐️⭐️⭐️⭐️⭐️,https://opbnb-bridge.bnbchain.org/deposit,,,
Omni Network,CrossChain Bridge,⭐️⭐️⭐️⭐️⭐️,https://twitter.com/OmniFDN   https://discord.com/invite/bKNXmaX9VD   https://omni.network/,OMNI,$ 18M,"Coinbase, DeFiance Capital, Hashed, Jump Crypto, Pantera Capital, Spartan Group"
zkBridge,CrossChain Bridge,⭐️⭐️⭐️⭐️⭐️,https://twitter.com/PolyhedraZK   https://discord.com/invite/WkjUe5tfZP   https://zkbridge.com/,,$ 25M,"ABCDE Capital, Animoca Brands, Arcane, Binance Labs, Foresight Ventures, HashKey Capital, Kucoin, NGC Ventures, Polychain, Sparkle"
Orbiter,"Cross-L1 Rollup, CrossChain Bridge",⭐️⭐️⭐️⭐️⭐️,https://twitter.com/Orbiter_Finance   http://discord.gg/hJJvXP7C73   https://www.orbiter.finance/,,,"Amber Group, GGV Capital, Lemniscap, Mask Network, Matrixport, Redpoint Ventures, StarkWare, imToken"
Owlto Finance,CrossChain Bridge,⭐️⭐️⭐️,https://twitter.com/Owlto_Finance   https://discord.com/invite/dyArfVwdxm   https://owlto.finance/bridge,,,
DEX Screener,DEX Pairs Charts,⭐️⭐️⭐️⭐️⭐️,https://twitter.com/dexscreener   https://discord.com/invite/ARbh55A472   https://dexscreener.com/,,,
LeetSwap,AMM DEX,⭐️⭐️⭐️⭐️,https://twitter.com/LeetSwap   https://discord.com/invite/me5UbZNxPB   https://base.leetswap.finance/#/swap,LEET,,
PixelSwap,AMM DEX,⭐️⭐️⭐️,https://twitter.com/PixelSwapFi   https://discord.com/invite/kQ5NSZMW58   https://pixelswap.xyz/,PIXEL,,
CUBISWAP,AMM DEX,⭐️⭐️⭐️,https://twitter.com/CUBISWAP   https://t.me/Cubiswap   https://cubiswap.finance/,,,
Binary Swap,AMM DEX,⭐️⭐️⭐️,https://twitter.com/binaryswapio   https://t.me/binaryswapio   https://t.me/binaryswapio,,,
OPBNBSwap,AMM DEX,⭐️⭐️⭐️,https://twitter.com/opbswap   https://t.me/OPBswap   https://swap.opbswap.finance/#/swap,,,
Zena Finance,AMM DEX,⭐️⭐️⭐️,https://twitter.com/ZenaFinance   https://t.me/ZenaFinance   https://zena.fi/,,,
Opankeswap,AMM DEX,⭐️⭐️⭐️,https://twitter.com/Opankeswap   https://discord.com/invite/CUJh2vbM   https://opankeswap.finance/,,,
Meraki Swap,AMM DEX,⭐️⭐️⭐️,https://twitter.com/merakiswap   https://t.me/merakiswap   https://merakiswap.xyz/,,,
PancakeSwap,"CLMM DEX, IDO Launchpad, Yield",⭐️⭐️⭐️⭐️⭐️,https://twitter.com/PancakeSwap   https://discord.com/invite/pancakeswap   https://pancakeswap.finance/,CAKE,,
Addy Spy Bot,Trading Bot,⭐️⭐️⭐️,https://twitter.com/asbot_opbnb   https://twitter.com/asbot_opbnb   https://addyspybot.xyz/,,,
Mighty opBNB Bot,Trading Bot,⭐️⭐️⭐️,https://twitter.com/Mighty_opBNB   https://twitter.com/Mighty_opBNB,,,
MEKE,Perpetual Market,⭐️⭐️⭐️⭐️,https://twitter.com/MEKE_PROTOCOL   https://discord.com/invite/meke   https://meke.fun/,,,
OmniBTC,"CrossChain Bridge, Omnichain Lending",⭐️⭐️⭐️,https://twitter.com/OmniBTC   https://discord.com/invite/Z2EzZcJ72x   https://www.omnibtc.finance/,,,
Gamma,Liquidity Manager,⭐️⭐️⭐️⭐️,https://twitter.com/GammaStrategies   https://discord.com/invite/gammastrategies   https://app.gamma.xyz/,GAMMA,$ 3.5M,"1confirmation, 1kx, Alliance DAO, Blockchain Capital, DCG, Electric Capital, GSR, Maven 11, Spartan Group, Tribe Capital"
Ensurer,IDO Launchpad,⭐️⭐️⭐️,https://twitter.com/EnsurerOfficial   https://ensurer.xyz/,ERER,,
OKX Web3,"DEX Aggregator, NFT Marketplace",⭐️⭐️⭐️⭐️⭐️,https://twitter.com/okxweb3   https://discord.com/invite/pXmtxwSkNB   https://www.okx.com/cn/web3,,,OKX Ventures
Element,NFT Marketplace,⭐️⭐️⭐️⭐️⭐️,https://twitter.com/Element_Market   https://discord.com/invite/elementmarket   https://element.market/zksync,,$ 11.5M,"Dragonfly Capital, SIG DTI, Sequoia Capital"
HavenMarket,NFT Marketplace,⭐️⭐️⭐️,https://twitter.com/havenmarket_xyz   https://discord.com/invite/ggbCuZYRC2   https://havenmarket.xyz/,,,
Sakaya Markets,NFT Aggregator,⭐️⭐️⭐️,https://twitter.com/Sakayamarket   https://discord.com/invite/RkQbw4pgN3   https://sakaya.market/,,,
OmniBase,NFT Bridge,⭐️⭐️⭐️⭐️,https://twitter.com/OmniBase_xyz   https://discord.com/invite/omnibase   https://omnibase.xyz/,,,
l2telegraph,NFT Bridge,⭐️⭐️⭐️,https://twitter.com/l2telegraph   https://l2telegraph.xyz/,,,
NFTs2Me,NFT Generator,⭐️⭐️⭐️,https://twitter.com/nfts2me   https://discord.com/invite/KrJAaNUwDD   https://nfts2me.com/,,,
Meta Merge,PVP Game,⭐️⭐️⭐️⭐️,https://twitter.com/MetaMerge_xyz   https://discord.com/invite/Ultiverse   https://www.metamerge.xyz/,,,
L2BEAT,OnChain Activity Analysis,⭐️⭐️⭐️⭐️⭐️,https://twitter.com/l2beat   https://discord.com/invite/eaVKXPmtWk   https://l2beat.com/scaling/tvl,,,
NodeReal,RPC Operator,⭐️⭐️⭐️⭐️,https://twitter.com/Nodereal_io   https://discord.com/invite/nodereal   https://nodereal.io/,,$ 16M,Sky9 Capital
Particle,"Social Recovery Wallet, Web3 SDK Platform",⭐️⭐️⭐️⭐️,https://twitter.com/ParticleNtwrk   https://discord.com/invite/2y44qr6CR2   https://particle.network/,,$ 8.5M," LongHash Ventures, ABCDE Capital, Animoca Brands, Cobo Ventures, CyberConnect, GSR, HashKey Capital"
Revoke.cash," Security/Audits",⭐️⭐️⭐️⭐️,https://twitter.com/RevokeCash   https://discord.com/invite/revoke-cash   https://revoke.cash/,,,
Cookbook,Solidity Libraries,⭐️⭐️⭐️⭐️⭐️,https://x.com/cookbook_dev   https://discord.com/invite/cookbookdev   https://www.cookbook.dev/,,,