﻿Name,Category,Rating Index,Link | Click the Link Text,Token," Raised",Investor
Fuel Wallet,Extension Wallet,⭐️⭐️⭐️⭐️,https://twitter.com/fuel_network   https://discord.com/invite/xfpK4Pe   https://wallet.fuel.network/docs/install/,,,
Fuelet Wallet,"Extension Wallet, Mobile Wallet",⭐️⭐️⭐️⭐️,https://twitter.com/FueletWallet   https://discord.com/invite/8RF78b5X6a   https://fuelet.app/,,,
alpha.fuel,Native Bridge,⭐️⭐️⭐️⭐️⭐️,https://twitter.com/fuel_network   https://discord.com/invite/fuelnetwork   https://alpha.fuel.network/bridge?from=eth&to=fuel,,,
Mover,CrossChain Bridge,⭐️⭐️⭐️,https://twitter.com/moverxyz   https://discord.com/invite/moverxyz   https://mov3r.xyz/,,,"Brilliance, DGC Capital, Master Ventures, PolkaBridge"
SwaySwap,AMM DEX,⭐️⭐️⭐️⭐️,https://fuellabs.github.io/swayswap/,,,
PEPA,AMM DEX,⭐️⭐️⭐️,https://twitter.com/PEPAlabs,,,
MicroChain,AMM DEX,⭐️⭐️,https://twitter.com/MicrochainSys   https://t.me/+4xOvvtL2sMVjZWM0   https://microchain.systems/,,,
Elix Finance,Hybrid CFMM DEX,⭐️⭐️⭐️,https://twitter.com/elixfinance   https://discord.com/invite/6WaN3dwHmZ   https://elix.finance/,,,
Poolshark,CLMM DEX,⭐️⭐️⭐️,https://twitter.com/poolsharks_labs   https://discord.com/invite/poolshark   https://www.poolshark.fi/,,,
Spark,Orderbook DEX,⭐️⭐️⭐️⭐️,https://twitter.com/allsparkgg   https://discord.com/invite/hCDd3kVbE7   https://allspark.gg/,,,EthDenver 1st
PlayEstates,RWA Market,⭐️⭐️⭐️,https://twitter.com/PlayEstates   https://discord.com/invite/playestates,,,
Acumen,RWA Market,⭐️⭐️⭐️,https://twitter.com/acumenofficial   https://discord.com/invite/acumen   https://acumen.network/,ACM,,Blizzard Fund
Smart Money,Lending,⭐️⭐️⭐️,https://twitter.com/smartmoney_labs   https://discord.com/invite/tyTUJXAnXQ   https://smartmoneylabs.vercel.app/,,,
Swaylend,Lending,⭐️⭐️⭐️,https://twitter.com/swaylend   https://discord.com/invite/JpZdWdPWWN   https://swaylend.com/,,,
Fluid Protocol,CDP-Stablecoin,⭐️⭐️⭐️,https://twitter.com/Fluid_Protocol   https://discord.com/invite/fSZKERH9YJ,,,
Yama Finance,CDP-Stablecoin,⭐️⭐️⭐️,https://twitter.com/YamaFinance   https://discord.com/invite/YamaFinance   https://yama.finance/,,,
Thunder,NFT Marketplace,⭐️⭐️⭐️⭐️,https://twitter.com/ThunderbyFuel   https://discord.com/invite/thundernftmarket   https://thundernft.market/,,,
Fuel Art,NFT Marketplace,⭐️⭐️⭐️,https://twitter.com/fuel_art   https://discord.com/invite/BGk5UghWWk   https://fuelart.io/,,,
UNIC,NFT Marketplace,⭐️⭐️,https://twitter.com/0xUNIC   https://discord.com/invite/hnAeGRMzRj   https://unic.io/,,,
Fuel Nomen,Domain Service,⭐️⭐️⭐️⭐️,https://twitter.com/fuelnomen   https://discord.com/invite/Dnq3FkZAee   https://www.nomen.sh/,,,
Fuel Identity,Digital ID,⭐️⭐️,https://twitter.com/fuelidentity,,,
RedStone,Oracle,⭐️⭐️⭐️⭐️,https://twitter.com/redstone_defi   https://discord.com/invite/PVxBZKFr46   https://redstone.finance/,,$ 7M,"Arweave, Blockchain Capital, Coinbase, KR1, Lemniscap, Maven 11, The Graph"
ORAO,Oracle,⭐️⭐️⭐️,https://twitter.com/OraoNetwork   https://t.me/ORAOcommunity   https://orao.network/,ORAO,,
Hyperlane,CrossChain SDK,⭐️⭐️⭐️⭐️⭐️,https://twitter.com/hyperlane_xyz   https://discord.gg/VK9ZUy3aTV   https://www.hyperlane.xyz/,,$ 18.5M," Figment Capital, Blockdaemon, Circle Ventures, CoinFund, Crypto Investor, Galaxy Digital, Kraken Ventures"
Cookbook,Solidity Libraries,⭐️⭐️⭐️⭐️⭐️,https://x.com/cookbook_dev   https://discord.com/invite/cookbookdev   https://www.cookbook.dev/,,,