﻿Name,Category,Rating Index,Link | Click the Link Text,Token," Raised",Investor
MetaMask,"Extension Wallet, Mobile Wallet",⭐️⭐️⭐️⭐️⭐️,https://twitter.com/MetaMask   https://metamask.io/,,$ 725M,ConsenSys Mesh
Biconomy,AA Wallet,⭐️⭐️⭐️⭐️,https://twitter.com/biconomy   https://discord.com/invite/biconomy   https://www.biconomy.io/,BICO,$ 10.5M,"Binance Labs, CoinFund, Coinbase, DACM, Fenbushi Capital, GenBlock Capital, Huobi, Ledger Prime"
Reunit Wallet,Omnichain Wallet,⭐️⭐️⭐️,https://twitter.com/EverywhereFi   https://discord.com/invite/ZGfJA4gyqk   http://everywhere.finance,REUNI,,
zkBridge,CrossChain Bridge,⭐️⭐️⭐️⭐️⭐️,https://twitter.com/PolyhedraZK   https://discord.com/invite/WkjUe5tfZP   https://zkbridge.com/,,$ 25M,"ABCDE Capital, Animoca Brands, Arcane, Binance Labs, Foresight Ventures, HashKey Capital, Kucoin, NGC Ventures, Polychain, Sparkle"
Stargate,CrossChain Bridge,⭐️⭐️⭐️⭐️⭐️,https://twitter.com/StargateFinance   https://stargate.finance/discord   https://stargate.finance/,STG,,
Borderless Bitcoin,CrossChain Bridge,⭐️⭐️⭐️⭐️,https://twitter.com/borderlessbtcb   https://bitcoinbridge.network/bridge,,,
Altitude,"CrossChain Bridge, CrossChain ZAP",⭐️⭐️⭐️⭐️,https://twitter.com/AltitudeDeFi   http://discord.gg/altitude   http://altitudedefi.com,,,
Pontem,CrossChain Bridge,⭐️⭐️⭐️⭐️,https://twitter.com/PontemNetwork   http://discord.gg/44QgPFHYqs   https://bridge.liquidswap.com/,,$ 4.5M,"Alameda, Animoca Brands, Collider, Delphi Digital"
Aptos Bridge,CrossChain Bridge,⭐️⭐️⭐️⭐️,https://theaptosbridge.com/,,,
deBridge,CrossChain Bridge,⭐️⭐️⭐️,https://twitter.com/deBridgeFinance   https://discord.gg/debridge   https://debridge.finance/,,,
Hashflow,CrossChain DEX,⭐️⭐️⭐️⭐️,https://twitter.com/hashflow   https://discord.com/invite/hashflow   https://www.hashflow.com/,HFT,,
WOOFi,AMM DEX,⭐️⭐️⭐️⭐️⭐️,https://twitter.com/_WOOFi   https://discord.com/invite/woonetwork   https://fi.woo.org/,WOO,$ 42M,"3Commas, AscendEX, Binance Labs, Crypto.com, Dragonfly Capital, Fenbushi Capital, Gate Labs, IOSG Ventures, M-Ventures, QCP Capital, RedlineDAO, SevenX Ventures"
Trader Joe,"AMM DEX, Omnichain Yield",⭐️⭐️⭐️⭐️,https://twitter.com/traderjoe_xyz   https://discord.com/invite/GHZceZhbZU   https://traderjoexyz.com/home#/,JOE,,
Sushi,CLMM DEX,⭐️⭐️⭐️⭐️⭐️,https://twitter.com/sushiswap   https://discord.gg/CD2YdZzb7Z   https://sushi.com/,SUSHI,,
InterSwap,Omnichain AMM,⭐️⭐️⭐️,https://twitter.com/InterSwap_io   https://discord.com/invite/qTwrCV5bva   https://interswap.io/,,,
Cashmere,DEX Aggregator,⭐️⭐️⭐️⭐️,https://twitter.com/CashmereLabs   https://t.me/cashmerelabs   https://cashmere.exchange/,,$ 5M,"Coinbase, CreditEase, FBG Capital, GFC, Serum, Soma Capital, Volt Capital, Y Combinator"
Rage Trade,Perpetual Market,⭐️⭐️⭐️,https://twitter.com/rage_trade   http://discord.gg/8sBqJ5Qc3Q   https://www.rage.trade/,,,
Venus Protocol,"AMM DEX, Lending",⭐️⭐️⭐️⭐️,https://twitter.com/VenusProtocol   https://discord.com/invite/ExymCxpsA6   https://venus.io/,XVS,,
Radiant,Omnichain Lending,⭐️⭐️⭐️⭐️⭐️,https://twitter.com/RDNTCapital   https://discord.com/invite/radiantcapital   https://app.radiant.capital/#/markets,RDNT,$ 10M,Binance Labs
TapiocaDAO,Omnichain Lending,⭐️⭐️⭐️⭐️,https://twitter.com/tapioca_dao   https://www.tapioca.xyz/,,$ 6M,"LayerZero Labs, Magnus Capital, Parc Capital"
Cedro,Omnichain Lending,⭐️⭐️⭐️,https://twitter.com/cedro_finance   https://discord.com/invite/cedrofinance   https://app.cedro.finance/#/Dashboard,,$ 1.5M,"Infinity Ventures, Mask Network, Shima Capital"
OmniBTC,"CrossChain Bridge, Omnichain Lending",⭐️⭐️⭐️,https://twitter.com/OmniBTC   https://discord.com/invite/Z2EzZcJ72x   https://www.omnibtc.finance/,,,
Superform,Omnichain Yield,⭐️⭐️⭐️⭐️,https://twitter.com/superformxyz   https://discord.com/invite/cApFDD7uur   https://app.superform.xyz/,,,Polychain
Avault,Omnichain Yield,⭐️⭐️⭐️⭐️,https://twitter.com/Avaultomni   https://discord.com/invite/WcARFMy2t8   https://www.avault.network/,,,
Astrolab,Omnichain Yield,⭐️⭐️⭐️,https://twitter.com/AstrolabFi   http://discord.gg/UpYeDkWSff   https://astrolab.fi/,,,
Mugen,Omnichain Yield,⭐️⭐️⭐️,https://twitter.com/MugenFinance   http://discord.gg/ZMsfadQ5YD   https://www.mugenfinance.com/,,,
Mozaic,Yield Optimizer,⭐️⭐️⭐️⭐️,https://twitter.com/Mozaic_Fi   https://discord.com/invite/mozaic   https://www.mozaic.finance/,,,
Pendle,Liquid Staking Token,⭐️⭐️⭐️⭐️⭐️,https://twitter.com/pendle_fi/   https://discord.com/invite/9x9VUngNZD   https://www.pendle.finance/,PENDLE,$ 3.7M,"Alliance DAO, Bitscale Capital, Bixin Ventures, CMS Holdings, Crypto.com, D1 Ventures, GBV Capital, HashKey Capital, Ledger Prime, Lemniscap, Mechanism Capital, Signum Capital, Sora Ventures, Spartan Group, Youbi Capital, imToken"
Angle,EUR CDP-Stablecoin,⭐️⭐️⭐️⭐️,https://twitter.com/AngleProtocol   https://discord.com/invite/4FtNgnpPgE   https://www.angle.money/#/,ANGLE,,
Synthr,Synthetic Assets,⭐️⭐️,https://twitter.com/synthr_defi   https://discord.com/invite/KkUzFPanf5   https://www.synthr.io/,,,
Valio,"Asset Management, Index Fund / dETF",⭐️⭐️⭐️,https://twitter.com/valio_xyz   http://discord.gg/valio   https://www.valio.xyz/,,,
MintDAO,NFT Marketplace,⭐️⭐️⭐️,https://twitter.com/mintdao_io   https://discord.gg/BRF2PEetea   https://mintdao.io/,,,
Omni X,Omnichain NFT Marketplace,⭐️⭐️⭐️⭐️,https://twitter.com/OmniX_NFT   https://discord.com/invite/omni-x   https://omni-x.io/,,,
Allspark,Omnichain NFT Aggregator,⭐️⭐️⭐️⭐️,https://twitter.com/AllsparkFinance   https://discord.com/invite/bnYJ4mKmNc   https://allspark.finance/,,,
Oswap,Omnichain NFT Aggregator,⭐️⭐️,https://twitter.com/OmnichainSwap   http://discord.gg/jh8QU5529X   https://oswap.exchange/,,,
Omnisea,NFT  Launchpad,⭐️⭐️⭐️⭐️,https://twitter.com/omnisea   https://discord.com/invite/omnisea   https://omnisea.org/,,,
Trantor,"NFT  Launchpad, NFT Bridge",⭐️⭐️⭐️,https://twitter.com/TrantorNetwork   http://discord.gg/bnYJ4mKmNc   https://trantor.network/,,,
Holograph,NFT Bridge,⭐️⭐️⭐️⭐️,https://twitter.com/holographxyz   https://discord.com/invite/holograph   https://app.holograph.xyz/,,$ 6.5M,"Arca, Avalaunch, Infinity Ventures, Kenetic Capital, Mirana Ventures, Soma Capital"
l2telegraph,NFT Bridge,⭐️⭐️⭐️,https://twitter.com/l2telegraph   https://l2telegraph.xyz/,,,
Catddle Game,Fully Onchain Game,⭐️⭐️⭐️⭐️,https://twitter.com/CatddleNFT   https://catddle.com/,,,
WeSeeGhosts,Play to Earn,⭐️⭐️⭐️,https://twitter.com/WeSeeGhostsNFT   https://discord.com/invite/QR7BzFczHw   https://weseeghosts.online/,,,
Star Protocol,Domain Service,⭐️⭐️⭐️⭐️,https://twitter.com/star_protocol   https://discord.com/invite/KqR8Tr57Kw  https://app.sns.so/,,,
LzDomains,Domain Service,⭐️⭐️⭐️,https://twitter.com/LzDomains   https://www.lz.domains/,,,
Modular Cloud,"Blockchain Explorer, Rollup Stack",⭐️⭐️⭐️,https://twitter.com/modularcloud1   https://explorer.modular.cloud/,,,
Gelato,No Code Deployment,⭐️⭐️⭐️⭐️⭐️,https://twitter.com/gelatonetwork   https://discord.com/invite/ApbA39BKyJ   https://www.gelato.network/,GEL,$ 17.2M,"D1 Ventures, Dragonfly Capital, Galaxy Digital, IDEO CoLab, IOSG Ventures, ParaFi Capital"
PGN,OP Rollup,⭐️⭐️⭐️⭐️,https://twitter.com/pgn_eth   https://t.me/+aR__6QhfEWs3ZTcx   https://publicgoods.network/,,,Gitcoin
Pudgy Penguins,OmniChain NFT,⭐️⭐️⭐️⭐️,https://twitter.com/pudgypenguins   http://discord.gg/pudgypenguins   https://www.pudgypenguins.com/,,,
Gh0stly Gh0sts,OmniChain NFT,⭐️⭐️⭐️,https://twitter.com/gh0stlygh0sts   https://discord.com/invite/r7SwNAeZnu   https://linktr.ee/gh0stlygh0sts,,,
LayerZero Punks,OmniChain NFT,⭐️⭐️,https://twitter.com/LayerZeroPunks   https://discord.com/invite/Mnumvs5wgG   https://layerzeropunks.com/,,,
Pod Town,OmniChain NFT,⭐️⭐️,https://twitter.com/pod_town   https://discord.com/invite/pod-town-metaverse   https://www.pod.town/,,,
Ashes Of Light,OmniChain NFT,⭐️⭐️,https://twitter.com/AshesOfLightNFT   https://ashes-of-light.art/,,,
DeFi Kingdoms,MMORPG Game,⭐️⭐️⭐️⭐️,https://twitter.com/DeFiKingdoms   https://discord.com/invite/defikingdoms   https://defikingdoms.com/,,,
Melaxy,MMORPG Game,⭐️⭐️⭐️⭐️,https://twitter.com/MelaxyGame   http://discord.gg/melaxy   https://melaxy.game/zh/#trigger0,,,