﻿Name,Category,Rating Index,Link | Click the Link Text,Token," Raised",Investor
OKX Wallet,"Extension Wallet, Mobile Wallet",⭐️⭐️⭐️⭐️⭐️,https://twitter.com/okxweb3   https://discord.com/invite/pXmtxwSkNB   https://www.okx.com/web3,OKX,,OKX Ventures
Coinbase Wallet,"Extension Wallet, Mobile Wallet",⭐️⭐️⭐️⭐️⭐️,https://twitter.com/CoinbaseWallet   http://coinbase.com/wallet,,,Coinbase
MetaMask,"Extension Wallet, Mobile Wallet",⭐️⭐️⭐️⭐️⭐️,https://twitter.com/MetaMask   https://metamask.io/,,$ 725M,ConsenSys Mesh
Sender,"Extension Wallet, Mobile Wallet",⭐️⭐️⭐️⭐️,https://twitter.com/SenderWallet   https://discord.com/invite/9WhejkkbZF   https://sender.org/,,$ 4.5M,"Amber Group, Binance Labs, Crypto.com, D1 Ventures, Jump Crypto, Pantera Capital, SevenX Ventures, Shima Capital, WOO Network"
BitKeep Wallet,"Extension Wallet, Mobile Wallet",⭐️⭐️⭐️⭐️,https://twitter.com/BitKeepOS   https://discord.com/invite/gUQB7gUarR   https://bitkeep.com/,BKB,$ 45M,"A&T Capital, Bitget, Bixin Ventures, DHVC, Dragonfly Capital, Foresight Ventures, Kucoin, Matrix Partners, Matrixport, SevenX Ventures"
BlockWallet,Extension Wallet,⭐️⭐️⭐️,https://twitter.com/GetBlockWallet   https://discord.com/invite/JNg7FuuGUh?utm_medium=social&utm_source=linktree&utm_campaign=join+discord   http://blockwallet.io,BLANK,$ 1.8M,"GBV Capital, Kyros Ventures, SevenX Ventures, Spark Digital, Woodstock"
BloctoApp,"Mobile Wallet, Social Recovery Wallet",⭐️⭐️⭐️⭐️,http://twitter.com/BloctoApp   http://discord.com/invite/QRZTr6yHmY   https://portto.com,BLT,$ 8M,"Alameda Research, Animoca Brands, ArkStream Capital, CMS Holdings, LD Capital, SNZ Holding, SevenX Ventures, Waterdrip Capital"
Rainbow,Mobile Wallet,⭐️⭐️⭐️⭐️,https://twitter.com/rainbowdotme   https://rainbow.me/,,$ 19.5M,"6th Man Ventures, Collab+Currency, FinTech Collective, Seven Seven Six, Y Combinator"
MathWallet,"Extension Wallet, Mobile Wallet",⭐️⭐️⭐️⭐️,https://twitter.com/Mathwallet   https://discord.gg/gXSfnk5eP5   https://mathwallet.org/,MATH,$ 21M,"Alameda Research, Amber Group, Binance Incubation, Multicoin"
FoxWallet,Mobile Wallet,⭐️⭐️⭐️,https://twitter.com/FoxWallet   http://discord.gg/DeT46k7538   http://foxwallet.com,,,
ECHOOO,Social Recovery Wallet,⭐️⭐️⭐️⭐️,https://twitter.com/echooo_wallet   https://discord.com/invite/UX26GYAJw4   https://www.echooo.xyz/,,$ 15M,"A&T Capital, Skyview Capital"
Versa,AA Wallet,⭐️⭐️⭐️,https://twitter.com/versawallet   https://t.me/versawallet   https://versawallet.io/,,,STEPN/Find Satoshi Lab
Fluvi Wallet,AA Wallet,⭐️⭐️⭐️,https://twitter.com/fluviweb3   https://fluviwallet.xyz/,,,
OpenBlock,MPC Wallet,⭐️⭐️⭐️⭐️,https://twitter.com/OpenBlockWallet   https://discord.com/invite/EhsKYbvtJx   https://openblock.com/,,,
OneKey,Hardware Wallet,⭐️⭐️⭐️⭐️⭐️,https://twitter.com/OneKeyHQ   https://discord.com/invite/nwUJaTzjzv   https://onekey.so/,,$ 20M," Ribbit Capital, Coinbase, Dragonfly Capital, Ethereal Ventures, Folius Ventures, Framework, IOSG Ventures, Sky9 Capital"
Keystone,Hardware Wallet,⭐️⭐️⭐️,https://twitter.com/KeystoneWallet   https://discord.com/invite/6vEfPEJKJD   https://keyst.one/,,,
Gnosis Safe,"MultiSig Payment, MultiSig Wallet",⭐️⭐️⭐️⭐️⭐️,https://twitter.com/safe   https://discord.com/invite/nrQVY2566v   https://safe.global/,SAFE,$ 100M,"1kx, A&T Capital, Arweave, Bixin Ventures, Blockchain Capital, Blockchain.com, Blockdaemon, Brevan Howard Digital, CMT Digital, Coinbase, ConsenSys Mesh, DCG, Fenbushi Capital, GSR, Global Coin Research, IOSG Ventures, Kraken Ventures, Lightspeed Venture, ParaFi Capital, Polygon Ventures, Republic Capital, The LAO, Tiger Global"
Scroll Bridge,Native Bridge,⭐️⭐️⭐️⭐️⭐️,https://twitter.com/Scroll_ZKP   https://discord.com/invite/scroll   https://scroll.io/bridge,,,
Omni Network,CrossChain Bridge,⭐️⭐️⭐️⭐️⭐️,https://twitter.com/OmniFDN   https://discord.com/invite/bKNXmaX9VD   https://omni.network/,OMNI,$ 18M,"Coinbase, DeFiance Capital, Hashed, Jump Crypto, Pantera Capital, Spartan Group"
Orbiter,"Cross-L1 Rollup, CrossChain Bridge",⭐️⭐️⭐️⭐️⭐️,https://twitter.com/Orbiter_Finance   http://discord.gg/hJJvXP7C73   https://www.orbiter.finance/,,,"Amber Group, GGV Capital, Lemniscap, Mask Network, Matrixport, Redpoint Ventures, StarkWare, imToken"
Connext,CrossChain Bridge,⭐️⭐️⭐️⭐️⭐️,https://twitter.com/ConnextNetwork   https://discord.com/invite/VcNFQdKuxM   https://bridge.connext.network/,NEXT,$ 21.9M," Figment Capital, 1kx, Alchemy Ventures, CMS Holdings, Coinbase, ConsenSys Mesh, Gate Labs, Hashed, Huobi, KR1, NGC Ventures, OKX Ventures, Polychain, Polygon Ventures, SNZ Holding"
Hop Protocol,CrossChain Bridge,⭐️⭐️⭐️⭐️⭐️,https://twitter.com/HopProtocol   https://discord.com/invite/PwCF88emV4   https://app.hop.exchange/,HOP,,"1confirmation, Coinbase"
Stargate,CrossChain Bridge,⭐️⭐️⭐️⭐️⭐️,https://twitter.com/StargateFinance   https://stargate.finance/discord   https://stargate.finance/,STG,,
cBridge,CrossChain Bridge,⭐️⭐️⭐️⭐️,https://twitter.com/CelerNetwork   https://discord.com/invite/Trhab5w   https://cbridge.celer.network/,CELR,,"Binance Labs, Huobi, IOSG Ventures, LD Capital, LinkVC, Pantera Capital, RedlineDAO, Signum Capital, Spark Digital"
Symbiosis,"CrossChain Bridge, CrossChain ZAP",⭐️⭐️⭐️⭐️,https://twitter.com/symbiosis_fi   https://discord.gg/YHgDSJ42eG   https://symbiosis.finance/,SIS,$ 2M,"Amber Group, Binance Incubation, Binance Labs, Blockchain Capital, DAOMaker, DWF Labs, Delta Blockchain, Dragonfly Capital, Gate Labs, Injective, Kenetic Capital, Kucoin, Republic Capital, Shima Capital"
rhino.fi,"AMM DEX, CrossChain Bridge, Liquidity Manager, Orderbook DEX",⭐️⭐️⭐️⭐️,https://twitter.com/rhinofi   https://discord.gg/FHcvMKnN   https://app.rhino.fi/bridge,DVF,$ 5.5M," LongHash Ventures, Blockchain Capital, D1 Ventures, DeFiance Capital, Delphi Digital, Fenbushi Capital, GenBlock Capital, Lightspeed Venture, ParaFi Capital, Spartan Group"
Owlto Finance,CrossChain Bridge,⭐️⭐️⭐️,https://twitter.com/Owlto_Finance   https://discord.com/invite/dyArfVwdxm   https://owlto.finance/bridge,,,
Synapse,CrossChain Bridge,⭐️⭐️⭐️,https://twitter.com/SynapseProtocol   https://discord.gg/synapseprotocol   https://synapseprotocol.com/,SYN,$ 2M,"3AC, CMS Holdings, Immutable Capital, Mechanism Capital, Primitive Ventures"
Multichain,CrossChain Bridge,⭐️⭐️,https://twitter.com/MultichainOrg   https://t.me/anyswap   https://app.multichain.org/#/router,MULTI,,Binance Incubation
LI.FI,CrossChain Aggregator,⭐️⭐️⭐️⭐️⭐️,https://twitter.com/lifiprotocol   https://discord.com/invite/lifi   https://jumper.exchange/,,$ 23M,"1kx, Bloccelerate, CoinFund, Coinbase, Dragonfly Capital, Factor, Lattice Capital, Scalar Capital, Superscrypt, Theta"
Catalyst,"CrossChain DEX, CrossChain ZAP",⭐️⭐️⭐️⭐️,https://twitter.com/CatalystAMM   https://t.me/CatalystChat   https://catalyst.exchange/,,$ 4.2M,"Alchemy Ventures, Circle Ventures, Foresight Ventures, HashKey Capital, Maven 11, Robot Ventures, Spartan Group, Superscrypt"
DEX Screener,DEX Pairs Charts,⭐️⭐️⭐️⭐️⭐️,https://twitter.com/dexscreener   https://discord.com/invite/ARbh55A472   https://dexscreener.com/,,,
LeetSwap,AMM DEX,⭐️⭐️⭐️⭐️,https://twitter.com/LeetSwap   https://discord.com/invite/me5UbZNxPB   https://base.leetswap.finance/#/swap,LEET,,
SyncSwap,AMM DEX,⭐️⭐️⭐️⭐️,https://twitter.com/syncswap   https://discord.com/invite/syncswap   https://syncswap.xyz/,,,
SpaceFi,"AMM DEX, Yield",⭐️⭐️⭐️⭐️,https://twitter.com/spacefi_io   https://discord.com/invite/fnEGN3E2ca   https://www.spacefi.io/,SPACE,,
PixelSwap,AMM DEX,⭐️⭐️⭐️,https://twitter.com/PixelSwapFi   https://discord.com/invite/kQ5NSZMW58   https://pixelswap.xyz/,PIXEL,,
Zebra,AMM DEX,⭐️⭐️⭐️,https://twitter.com/ZebraProtocol   https://discord.com/invite/HGEefVTZb   https://zebra.xyz/#/swap,,,
dForce,"AMM DEX, Lending",⭐️⭐️⭐️,https://twitter.com/dForcenet   https://discord.com/invite/c2PC8SM   https://dforce.network/,DF,$ 1.5M,Multicoin
zkChowswap,AMM DEX,⭐️⭐️,https://twitter.com/zkChowswap   https://discord.com/invite/UwChPMvr   https://zkchowswap.com/,,,
DODO,PMM DEX,⭐️⭐️⭐️⭐️,https://twitter.com/BreederDodo   https://discord.com/invite/tyKReUK   https://dodoex.io/,DODO,,
Sushi,CLMM DEX,⭐️⭐️⭐️⭐️⭐️,https://twitter.com/sushiswap   https://discord.gg/CD2YdZzb7Z   https://sushi.com/,SUSHI,,
Ambient,"CFMM DEX, CLMM DEX",⭐️⭐️⭐️⭐️,https://twitter.com/ambient_finance   https://discord.com/invite/ambient-finance   https://ambient.finance/,,$ 6.5M,"BlockTower, Circle Ventures, Quantstamp, Yunt Capital"
CattieSwap,"CLMM DEX, IDO Launchpad",⭐️⭐️⭐️,https://twitter.com/CattieSwap   https://discord.com/invite/7zhV2wUq5F   https://www.cattieswap.xyz/,CAT,,
iZiSwap,"DLAMM DEX, Yield Optimizer",⭐️⭐️⭐️⭐️,https://twitter.com/izumi_Finance   https://discord.com/invite/vUFpSwxTzz   https://izumi.finance/home,IZI,$ 22M,"Bella Protocol, Incuba Alpha, NextGen Digital, Unicode Digital"
Skydrome,ve(3 3) DEX,⭐️⭐️⭐️,https://twitter.com/skydrome   https://discord.com/invite/skydrome   https://skydrome.finance/,SKY,,
OpenOcean,DEX Aggregator,⭐️⭐️⭐️⭐️,https://twitter.com/OpenOceanGlobal   https://discord.gg/cxK6CCYcGp   https://openocean.finance/,OOE,,
XY Finance,"CrossChain Bridge, DEX Aggregator",⭐️⭐️⭐️⭐️,https://twitter.com/xyfinance   https://discord.gg/xyfinance   https://xy.finance/,XY,$ 12M,"Animoca Brands, Circle Ventures, Infinity Ventures, Lemniscap, Mechanism Capital"
KyberSwap,"DEX Aggregator, Yield",⭐️⭐️⭐️⭐️,https://twitter.com/KyberNetwork   https://discord.com/invite/NB3vc8J9uv   https://kyberswap.com/#/,KNC,,"DHVC, FBG Capital, Fenbushi Capital, GenBlock Capital, Hashed, HyperChain Capital, IOSG Ventures, Pantera Capital, ParaFi Capital, Signum Capital"
Zenlink,DEX Aggregator,⭐️⭐️⭐️,https://twitter.com/ZenlinkPro   https://discord.com/invite/CBJy8Mmnjr   https://zenlink.pro/,ZLK,,"Alameda Research, D1 Ventures, DFG, HashKey Capital, Hypersphere, IOSG Ventures, OKX Ventures, SNZ Holding, SevenX Ventures, Youbi Capital"
zkLink/ZKEX,Orderbook DEX,⭐️⭐️⭐️⭐️⭐️,https://twitter.com/ZKEX_Official   https://discord.com/invite/ctDAYrrNTH   https://zkex.com/,,$ 18.5M,"Ascensive Assets, Big Brain Holdings, Coinbase, Efficient Frontier, SIG DTI"
Bitbyte.Finance,Orderbook DEX,⭐️⭐️⭐️,https://twitter.com/Bitbyte_Finance   https://discord.com/invite/RRKCV9PMQv   https://bitbyte.finance/,,,
Zada Finance,Orderbook DEX,⭐️⭐️⭐️,https://twitter.com/ZadaFinance   https://discord.com/invite/vepNRG3m9q   https://www.zadafinance.com/,,,
MES Protocol,Orderbook DEX,⭐️⭐️⭐️,https://twitter.com/mesprotocol   https://discord.com/invite/8sD6KHHPa5   https://www.mesprotocol.com/,,,
Openleverage,Leverage Market,⭐️⭐️⭐️⭐️,https://twitter.com/OpenLeverage   https://discord.com/invite/openleverage   https://openleverage.finance/,OLE,,"Binance Labs, Continue Capital, Crypto.com, FBG Capital, LD Capital, Signum Capital, YBB Foundation"
SynFutures,Perpetual Market,⭐️⭐️⭐️⭐️⭐️,https://twitter.com/SynFuturesDefi   SynFutures%20422539785aa344fe917d82875fc5d015.md   https://www.synfutures.com/,,$ 15.4M,"Bybit, CMS Holdings, Dragonfly Capital, Framework, HashKey Capital, IOSG Ventures, Kronos Asset, Mirana Ventures, Pantera Capital, Polychain, Standard Crypto, Wintermute"
NEST Protocol,"Oracle, Perpetual Market",⭐️⭐️⭐️⭐️,https://twitter.com/NEST_protocol   https://discord.com/invite/nestprotocol   https://nestfi.org/#/home,NEST,,
Satori,Perpetual Market,⭐️⭐️⭐️⭐️,https://twitter.com/SatoriFinance   https://discord.com/invite/satorifinance   https://satori.finance/,,$ 10M,"Blockchain Capital, Coinbase, Jump Crypto, Polychain"
MUX Protocol,Perpetual Market,⭐️⭐️⭐️⭐️,https://twitter.com/muxprotocol   https://discord.com/invite/bd88NrzN3N   https://mux.network/,MCB,$ 7M,"Alameda Research, Alliance DAO, Bixin Ventures, D1 Ventures, DeFiance Capital, Delphi Digital, Fenbushi Capital, IOSG Ventures, Mask Network, Multicoin, NGC Ventures, OKX Ventures"
Holdstation,Perpetual Market,⭐️⭐️⭐️⭐️,https://twitter.com/HoldstationW   https://discord.com/invite/holdstation   http://holdstation.com/wallet.html,,,
Aboard,Perpetual Market,⭐️⭐️⭐️,https://twitter.com/AboardExchange   https://discord.com/invite/n7r73ehJtf   https://aboard.exchange/,,,
Deri Protocol,Options Market,⭐️⭐️⭐️,https://twitter.com/DeriProtocol   https://discord.com/invite/FEM9GMehHQ   https://deri.io/#/index,DERI,,"BNB Chain Fund, Bixin Ventures, FBG Capital, Kryptos, LD Capital"
Polymarket,Prediction Market,⭐️⭐️⭐️⭐️,https://twitter.com/Polymarket   https://discord.com/invite/Polymarket   https://polymarket.com/,,,
Aave,Lending,⭐️⭐️⭐️⭐️⭐️,https://twitter.com/aave   https://discord.com/invite/aave   https://app.aave.com/,AAVE,$ 48.7M," Ribbit Capital, Blockchain Capital, Blockchain.com, DTC Capital, DeFiance Capital, Framework, ParaFi Capital, Standard Crypto"
Cog,Lending,⭐️⭐️⭐️,https://twitter.com/CogFinance   https://discord.com/invite/hgRbqu7TG3   https://www.cog.finance/,,,
LayerBank,Lending,⭐️⭐️⭐️,https://twitter.com/LayerBankFi   https://discord.com/invite/layerbank   https://layerbank.finance/,LAB,,
OmniBTC,"CrossChain Bridge, Omnichain Lending",⭐️⭐️⭐️,https://twitter.com/OmniBTC   https://discord.com/invite/Z2EzZcJ72x   https://www.omnibtc.finance/,,,
Loanshark,"Lending Optimizer, Yield Optimizer",⭐️⭐️⭐️⭐️,https://twitter.com/loansharktech   https://discord.com/invite/tbSEWQYMKV   https://loanshark.tech/#,,,Gitcoin Beta Round
Pendle,Liquid Staking Token,⭐️⭐️⭐️⭐️⭐️,https://twitter.com/pendle_fi/   https://discord.com/invite/9x9VUngNZD   https://www.pendle.finance/,PENDLE,$ 3.7M,"Alliance DAO, Bitscale Capital, Bixin Ventures, CMS Holdings, Crypto.com, D1 Ventures, GBV Capital, HashKey Capital, Ledger Prime, Lemniscap, Mechanism Capital, Signum Capital, Sora Ventures, Spartan Group, Youbi Capital, imToken"
Bounce,LBP Platform,⭐️⭐️⭐️⭐️,https://twitter.com/bounce_finance   https://t.me/bounce_finance   https://www.bounce.finance/,AUCTION,,"Blockchain Capital, Coinbase, DHVC, Hashed, Pantera Capital, SNZ Holding"
OKX Web3,"DEX Aggregator, NFT Marketplace",⭐️⭐️⭐️⭐️⭐️,https://twitter.com/okxweb3   https://discord.com/invite/pXmtxwSkNB   https://www.okx.com/cn/web3,,,OKX Ventures
Element,NFT Marketplace,⭐️⭐️⭐️⭐️⭐️,https://twitter.com/Element_Market   https://discord.com/invite/elementmarket   https://element.market/zksync,,$ 11.5M,"Dragonfly Capital, SIG DTI, Sequoia Capital"
Zonic,NFT Marketplace,⭐️⭐️⭐️⭐️,https://twitter.com/zonicapp   https://discord.com/invite/zonic   https://zonic.app/,,,
zkMarkets,NFT Marketplace,⭐️⭐️⭐️,https://twitter.com/zkmarkets   https://discord.com/invite/zkMarkets   https://www.zkmarkets.com/,,,
DEGO,NFT Marketplace,⭐️⭐️⭐️,https://twitter.com/dego_finance   https://discord.com/invite/5tFPDdYMkx   https://dego.finance/home,DEGO,,
Tevaera,NFT Marketplace,⭐️⭐️⭐️,https://twitter.com/tevaera   https://t.me/TevaeraNews   https://tevaera.com/,,,
AlienSwap,NFT Aggregator,⭐️⭐️⭐️⭐️,https://twitter.com/AlienSwap_NFT   https://discord.com/invite/6SzkW9hNRa   https://alienswap.xyz/,,$ 12M,"Bella Protocol, C² Ventures, Kryptos, OKX Ventures"
OmniBase,NFT Bridge,⭐️⭐️⭐️⭐️,https://twitter.com/OmniBase_xyz   https://discord.com/invite/omnibase   https://omnibase.xyz/,,,
l2telegraph,NFT Bridge,⭐️⭐️⭐️,https://twitter.com/l2telegraph   https://l2telegraph.xyz/,,,
SecondLive,Metaverse,⭐️⭐️⭐️⭐️,https://twitter.com/SecondLiveReal   https://discord.com/invite/secondlive   https://secondlive.world/,,,"ArkStream Capital, BNB Chain Fund, Binance Labs, Cypher Capital, GBV Capital"
DeGame,Gaming Station,⭐️⭐️⭐️⭐️,https://twitter.com/Degame_l2y   https://discord.com/invite/degame   https://degame.com/,,$ 10.2M,"A&T Capital, Avalanche, Bixin Ventures, FBG Capital, Fenbushi Capital, Folius Ventures, Foresight Ventures, Hack VC, HashKey Capital, Kenetic Capital, NGC Ventures, Protocol Labs, Sfermion"
Snarky Monsters,Maximally On-chain Game,⭐️⭐️⭐️,https://twitter.com/accessorlabs   https://discord.com/invite/REF6tuZA7K,,,ETHGlobal Hackathon
Galaxy Blitz,Space MMO Game,⭐️⭐️⭐️⭐️,https://twitter.com/GalaxyBlitzGame   https://discord.com/invite/cfkcVjBDW8   http://galaxyblitz.world/,MIT,$ 10M,"Bybit, Conflux, Gate Labs, IoTeX, LBank Labs"
Lens Protocol,Social Protocol,⭐️⭐️⭐️⭐️⭐️,https://twitter.com/LensProtocol   https://discord.com/invite/lensprotocol   https://www.lens.xyz/,,,
Scroll NS,Domain Service,⭐️⭐️⭐️,https://twitter.com/ScrollNS   https://discord.com/invite/MjWMYMz3yC   https://www.scrollns.domains/,,,
CARV,Digital ID,⭐️⭐️⭐️⭐️,https://twitter.com/carv_official   https://discord.com/invite/HPgZMwvSXB   https://carv.io/,,$ 4M,"Infinity Ventures, PAKA, UpHonest Capital, YGG SEA"
zCloak,Digital ID,⭐️⭐️⭐️⭐️,https://twitter.com/zcloaknetwork   https://discord.com/invite/j3mATwNVSH   https://zcloak.network/,,$ 7.1M,"Ankr, Bixin Ventures, Coinbase, DFG, Harmony, Hash Global, Hypersphere, IOSG Ventures, Jump Crypto, KR1, Kucoin, Mask Network, Matrixport, PAKA, Signum Capital"
zkMe,Digital ID,⭐️⭐️⭐️⭐️,https://twitter.com/zkme_   https://discord.io/zkme   https://zk.me/,,$ 2M,"ArkStream Capital, CMS Holdings, Circle Ventures, Fenbushi Capital, NGC Ventures, Spartan Group"
zkPass,Digital ID,⭐️⭐️⭐️⭐️,https://twitter.com/zkPass   https://discord.com/invite/zkpass   https://zkpass.org/home,,$ 2.5M,"Binance Labs, Cypher Capital, OKX Ventures"
0xKYC,Digital ID,⭐️⭐️⭐️,https://twitter.com/0xKYCinc   https://0xkyc.id/,,,
ReadON,Creators Platform,⭐️⭐️⭐️⭐️,https://twitter.com/ReadOnMe3   https://discord.com/invite/readon   https://readon.me/,,$ 2M,"CyberConnect, Foresight Ventures, HashKey Capital, SevenX Ventures, Sky9 Capital"
Atem Network,Creators Platform,⭐️⭐️⭐️,https://twitter.com/atem_network   https://discord.com/invite/atem   https://www.atem.io/,,$ 3M,"A&T Capital, Foresight Ventures, GSR, INCE Capital, Mask Network"
L2BEAT,OnChain Activity Analysis,⭐️⭐️⭐️⭐️⭐️,https://twitter.com/l2beat   https://discord.com/invite/eaVKXPmtWk   https://l2beat.com/scaling/tvl,,,
Dora,OnChain Activity Analysis,⭐️⭐️⭐️,https://twitter.com/SearchOnDora   https://www.ondora.xyz/,,,Dragonfly Capital
Pocket,RPC Operator,⭐️⭐️⭐️⭐️,https://twitter.com/POKTnetwork   https://discord.com/invite/uYs6Esum3r   https://www.pokt.network/,POKT,$ 10M,"Big Brain Holdings, Collab+Currency, C² Ventures, FBG Capital, Gate Labs, Maven 11, Mechanism Capital, OKX Ventures, Republic Capital, Tribe Capital, Zee Prime Capital"
NodeReal,RPC Operator,⭐️⭐️⭐️⭐️,https://twitter.com/Nodereal_io   https://discord.com/invite/nodereal   https://nodereal.io/,,$ 16M,Sky9 Capital
BlockPI,RPC Operator,⭐️⭐️⭐️⭐️,https://twitter.com/RealBlockPI   https://discord.com/invite/xTvGVrGVZv   https://blockpi.io/,,$ 3M,"HashKey Capital, Shima Capital"
Blast API,RPC Operator,⭐️⭐️⭐️,https://twitter.com/BlastAPI   https://discord.com/invite/VPkWESgtvV   https://blastapi.io/,,,
InfStones,Nodes Operator,⭐️⭐️⭐️⭐️⭐️,https://twitter.com/InfStones   https://discord.com/invite/5Sgu93crrA   https://infstones.com/,,$ 109M,"A&T Capital, DHVC, Dragonfly Capital, GGV Capital, HashKey Capital, SIG, SNZ Holding, SoftBank"
Ankr,"Liquid Staking Token, Nodes Operator, RPC Operator",⭐️⭐️⭐️⭐️⭐️,https://twitter.com/ankr   https://discord.gg/ankr   https://www.ankr.com/,ANKR/ankrETH,$ 15M,"ArkStream Capital, Binance Labs, DHVC, LD Capital, Lancer Capital, LinkVC, NGC Ventures, Pantera Capital"
Bware Labs,"Nodes Operator, OnChain Data Indexing, RPC Operator",⭐️⭐️⭐️⭐️,https://twitter.com/BwareLabs   https://discord.com/invite/bwarelabs   https://bwarelabs.com/,INFRA,$ 7.2M,Alchemy
jokedao,DAO Tool,⭐️⭐️⭐️,https://twitter.com/jokedao_   https://t.co/CymeNDo6Qm   https://www.jokedao.io/,JOKE,,
QuestN,OAT/POAP Platform,⭐️⭐️⭐️⭐️,https://twitter.com/QuestN_com   https://discord.com/invite/questn   https://questn.com/,,$ 8M,"Alliance DAO, DHVC, Hash Global, Matrix Partners, NGC Ventures, SevenX Ventures, Sky9 Capital, XIN Family"
TaskOn,OAT/POAP Platform,⭐️⭐️⭐️⭐️,https://twitter.com/taskonxyz   https://discord.com/invite/eaWzVFm9vZ   https://taskon.xyz/,,,
Intmax,RaaS SDK,⭐️⭐️⭐️⭐️⭐️,https://twitter.com/intmaxIO   https://discord.com/invite/N7kYGUPDEE   https://intmax.io/,,$ 5M,"Alchemy Ventures, Antalpha, B Dash, Bitscale Capital, DoraHacks, East Ventures, HashKey Capital, Hyperithm, Mask Network, Scroll"
Reddio,zkRollup SDK,⭐️⭐️⭐️⭐️,https://twitter.com/reddio_com   https://discord.com/invite/SjNAJ4qkK3   https://reddio.com/,,,"Arena, Paradigm"
RISC Zero,ZK VM,⭐️⭐️⭐️⭐️⭐️,https://twitter.com/RiscZero   https://discord.com/invite/risczero   https://www.risczero.com/,,$ 52M," Figment Capital, Alchemy Ventures, Bain Capital, Big Brain Holdings, Blockchain Capital, D1 Ventures, Delphi Digital, Fenbushi Capital, Galaxy Digital, Geometry, IOBC Capital, IOSG Ventures, Maven 11"
Cysic,ZK Prover,⭐️⭐️⭐️⭐️,https://twitter.com/cysic_xyz   https://cysic.xyz/,,$ 6M,"A&T Capital, ABCDE Capital, HashKey Capital, Polychain, SNZ Holding, Web3.com"
Dompute,ZK Prover,⭐️⭐️⭐️,https://twitter.com/dompute   https://discord.com/invite/gmdJUhsTnJ   https://dompute.io/,,,
Ingonyama,ZK Prover,⭐️⭐️⭐️,https://twitter.com/Ingo_zk   https://discord.com/invite/qkBVXBpFc4   https://www.ingonyama.com/,,,
ZKPool,ZK Prover,⭐️⭐️⭐️,https://twitter.com/zk_pool   https://discord.com/invite/PQbxnmbX   https://zkpool.io/,,,
Chainlink,Oracle,⭐️⭐️⭐️⭐️⭐️,https://twitter.com/chainlink   https://discord.com/invite/aSK4zew   https://chain.link/,LINK,,
RedStone,Oracle,⭐️⭐️⭐️⭐️,https://twitter.com/redstone_defi   https://discord.com/invite/PVxBZKFr46   https://redstone.finance/,,$ 7M,"Arweave, Blockchain Capital, Coinbase, KR1, Lemniscap, Maven 11, The Graph"
Pyth Network,Oracle,⭐️⭐️⭐️⭐️,https://twitter.com/PythNetwork   https://discord.com/invite/PythNetwork   https://pyth.network/,,,"Alliance DAO, Delphi Digital, GBV Capital, Huobi, Kucoin, Republic Capital, Sino Global"
The Graph,OnChain Data Indexing,⭐️⭐️⭐️⭐️⭐️,https://twitter.com/graphprotocol   https://discord.com/invite/vtvv7FP   https://thegraph.com/blog/graph-optimistic-ethereum/,GRT,$ 67M,"Big Brain Holdings, CoinFund, Coinbase, D1 Ventures, DCG, Fabric Ventures, Fenbushi Capital, Framework, GSR, GenBlock Capital, Hack VC, Lemniscap, Multicoin, ParaFi Capital, Spartan Group, Tiger Global"
Covalent,OnChain Data Indexing,⭐️⭐️⭐️⭐️⭐️,https://twitter.com/covalent_hq   https://discord.com/invite/VHgmzB9973   https://www.covalenthq.com/,CQT,$ 15.1M,"1kx, AU21 Capital, Alameda Research, Avalanche, Binance Labs, CoinGecko, Coinbase, Delphi Digital, Hashed, Hypersphere, Mechanism Capital, Moonbeam, NEAR"
Transpose,OnChain Data Indexing,⭐️⭐️⭐️,https://twitter.com/transposedata   https://discord.com/invite/transpose   https://www.transpose.io/,,,
Particle,"Social Recovery Wallet, Web3 SDK Platform",⭐️⭐️⭐️⭐️,https://twitter.com/ParticleNtwrk   https://discord.com/invite/2y44qr6CR2   https://particle.network/,,$ 8.5M," LongHash Ventures, ABCDE Capital, Animoca Brands, Cobo Ventures, CyberConnect, GSR, HashKey Capital"
LayerZero,CrossChain SDK,⭐️⭐️⭐️⭐️⭐️,https://twitter.com/LayerZero_Labs   https://discord-layerzero.netlify.app/discord   https://layerzero.network/,,$ 261M,"Animoca Brands, Avalanche, Binance Labs, Bixin Ventures, Circle Ventures, CoinFund, Coinbase, Dapper Labs, DeFiance Capital, Delphi Digital, FTX, Fantom, GenBlock Capital, Hypersphere, IOBC Capital, Lightspeed Venture, Matrixport, Multicoin, NGC Ventures, OKX Ventures, OpenSea, PayPal, Polygon Ventures, Robot Ventures, Samsung, Sequoia Capital, Sino Global, Spartan Group, Tiger Global, Uniswap, a16z, imToken"
Router Protocol,CrossChain SDK,⭐️⭐️⭐️⭐️,https://twitter.com/routerprotocol   https://discord.com/invite/yjM2fUUHvN   https://app.routerprotocol.com/swap,ROUTE,$ 4.5M,"Alameda Research, Coinbase, Polygon Ventures, QCP Capital, Shima Capital, Wintermute"
UniPass,Account Abstraction SDK,⭐️⭐️⭐️⭐️,https://twitter.com/UniPassID   https://discord.com/invite/XaRMFW85Pg   https://unipass.id/,,,
TurtleShell," Security/Audits",⭐️⭐️⭐️⭐️,https://twitter.com/TurtleShell_xyz   https://t.me/turtleshell_xyz   https://turtleshell.xyz/,,,EthPrague Hackathon Winner
Revoke.cash," Security/Audits",⭐️⭐️⭐️⭐️,https://twitter.com/RevokeCash   https://discord.com/invite/revoke-cash   https://revoke.cash/,,,
Cookbook,Solidity Libraries,⭐️⭐️⭐️⭐️⭐️,https://x.com/cookbook_dev   https://discord.com/invite/cookbookdev   https://www.cookbook.dev/,,,
ZKBear,Meme Coin,⭐️⭐️,https://twitter.com/Zk_Bear   https://testnet.zkbear.xyz/,,,