﻿Name,Category,Rating Index,Link | Click the Link Text,Token," Raised",Investor
OKX Wallet,"Extension Wallet, Mobile Wallet",⭐️⭐️⭐️⭐️⭐️,https://twitter.com/okxweb3   https://discord.com/invite/pXmtxwSkNB   https://www.okx.com/web3,OKX,,OKX Ventures
Coinbase Wallet,"Extension Wallet, Mobile Wallet",⭐️⭐️⭐️⭐️⭐️,https://twitter.com/CoinbaseWallet   http://coinbase.com/wallet,,,Coinbase
MetaMask,"Extension Wallet, Mobile Wallet",⭐️⭐️⭐️⭐️⭐️,https://twitter.com/MetaMask   https://metamask.io/,,$ 725M,ConsenSys Mesh
BitKeep Wallet,"Extension Wallet, Mobile Wallet",⭐️⭐️⭐️⭐️,https://twitter.com/BitKeepOS   https://discord.com/invite/gUQB7gUarR   https://bitkeep.com/,BKB,$ 45M,"A&T Capital, Bitget, Bixin Ventures, DHVC, Dragonfly Capital, Foresight Ventures, Kucoin, Matrix Partners, Matrixport, SevenX Ventures"
Loopring Wallet,Mobile Wallet,⭐️⭐️⭐️⭐️,https://twitter.com/loopringorg   https://discord.com/invite/KkYccYp   https://wallet.loopring.io/,,,
Rainbow,Mobile Wallet,⭐️⭐️⭐️⭐️,https://twitter.com/rainbowdotme   https://rainbow.me/,,$ 19.5M,"6th Man Ventures, Collab+Currency, FinTech Collective, Seven Seven Six, Y Combinator"
MathWallet,"Extension Wallet, Mobile Wallet",⭐️⭐️⭐️⭐️,https://twitter.com/Mathwallet   https://discord.gg/gXSfnk5eP5   https://mathwallet.org/,MATH,$ 21M,"Alameda Research, Amber Group, Binance Incubation, Multicoin"
Coin98,"Extension Wallet, Mobile Wallet",⭐️⭐️⭐️⭐️,https://twitter.com/coin98_wallet   https://discord.com/invite/ytkeARXYu9   http://coin98.com,C98,,
Blazpay,Payment,⭐️⭐️⭐️,https://x.com/blazpaylabs   https://discord.com/invite/BlazPay   https://blazpay.com/,,,
Hekla Bridge,Native Bridge,⭐️⭐️⭐️⭐️⭐️,https://x.com/taikoxyz   https://discord.com/invite/taikoxyz   https://bridge.hekla.taiko.xyz/,,,
bridge.a2.taiko,Native Bridge,⭐️⭐️⭐️⭐️⭐️,https://twitter.com/taikoxyz   https://discord.com/invite/taikoxyz   https://bridge.a2.taiko.xyz/,,,
Orbiter,"Cross-L1 Rollup, CrossChain Bridge",⭐️⭐️⭐️⭐️⭐️,https://twitter.com/Orbiter_Finance   http://discord.gg/hJJvXP7C73   https://www.orbiter.finance/,,,"Amber Group, GGV Capital, Lemniscap, Mask Network, Matrixport, Redpoint Ventures, StarkWare, imToken"
Atomic Cloak,CrossChain Bridge,⭐️⭐️⭐️,https://github.com/Atomic-Cloak/atomic-cloak,,,EthPrague Hackathon Winner
Pheasant,CrossChain Bridge,⭐️⭐️⭐️,https://twitter.com/PheasantNetwork   https://discord.com/invite/pRYSEUVERT   https://pheasant.network/,,,
Catalyst,"CrossChain DEX, CrossChain ZAP",⭐️⭐️⭐️⭐️,https://twitter.com/CatalystAMM   https://t.me/CatalystChat   https://catalyst.exchange/,,$ 4.2M,"Alchemy Ventures, Circle Ventures, Foresight Ventures, HashKey Capital, Maven 11, Robot Ventures, Spartan Group, Superscrypt"
DEX Screener,DEX Pairs Charts,⭐️⭐️⭐️⭐️⭐️,https://twitter.com/dexscreener   https://discord.com/invite/ARbh55A472   https://dexscreener.com/,,,
PixelSwap,AMM DEX,⭐️⭐️⭐️,https://twitter.com/PixelSwapFi   https://discord.com/invite/kQ5NSZMW58   https://pixelswap.xyz/,PIXEL,,
zkLink/ZKEX,Orderbook DEX,⭐️⭐️⭐️⭐️⭐️,https://twitter.com/ZKEX_Official   https://discord.com/invite/ctDAYrrNTH   https://zkex.com/,,$ 18.5M,"Ascensive Assets, Big Brain Holdings, Coinbase, Efficient Frontier, SIG DTI"
ARPA,"BLS Network, Liquid Staking Token",⭐️⭐️⭐️⭐️⭐️,https://x.com/arpaofficial   https://discord.com/invite/swahGvv5XK   https://www.arpanetwork.io/,ARPA,$ 6M,"Animoca Brands, Arrington Capital, Binance Labs, DWF Labs, DeFiance Capital, Lancer Capital, Laser Digital, Ledger Capital"
OKX Web3,"DEX Aggregator, NFT Marketplace",⭐️⭐️⭐️⭐️⭐️,https://twitter.com/okxweb3   https://discord.com/invite/pXmtxwSkNB   https://www.okx.com/cn/web3,,,OKX Ventures
Element,NFT Marketplace,⭐️⭐️⭐️⭐️⭐️,https://twitter.com/Element_Market   https://discord.com/invite/elementmarket   https://element.market/zksync,,$ 11.5M,"Dragonfly Capital, SIG DTI, Sequoia Capital"
BigInt,NFT Marketplace,⭐️⭐️⭐️,https://x.com/BigIntCo   https://discord.com/invite/bigint   https://bigint.co/,,,
Alphamint,NFT Marketplace,⭐️⭐️⭐️,https://x.com/AlphamintNFTs   https://www.alphamint.online/,,,
OmniBase,NFT Bridge,⭐️⭐️⭐️⭐️,https://twitter.com/OmniBase_xyz   https://discord.com/invite/omnibase   https://omnibase.xyz/,,,
NFTs2Me,NFT Generator,⭐️⭐️⭐️,https://twitter.com/nfts2me   https://discord.com/invite/KrJAaNUwDD   https://nfts2me.com/,,,
L2BEAT,OnChain Activity Analysis,⭐️⭐️⭐️⭐️⭐️,https://twitter.com/l2beat   https://discord.com/invite/eaVKXPmtWk   https://l2beat.com/scaling/tvl,,,
Blockscout,Blockchain Explorer,⭐️⭐️⭐️,https://twitter.com/blockscoutcom   https://discord.com/invite/blockscout   https://www.blockscout.com/,,,Gitcoin Beta Round
ChainDrop,Faucet Platform,⭐️⭐️⭐️,https://x.com/ChainDropFaucet   https://discord.com/invite/wS8wNpqjcM   https://chaindrop.org/?chainid=167007&token=0xeeeeeeeeeeeeeeeeeeeeeeeeeeeeeeeeeeeeeeee,,,
BlockPI,RPC Operator,⭐️⭐️⭐️⭐️,https://twitter.com/RealBlockPI   https://discord.com/invite/xTvGVrGVZv   https://blockpi.io/,,$ 3M,"HashKey Capital, Shima Capital"
1RPC,RPC Operator,,https://x.com/1rpc_   https://discord.com/invite/automata   https://www.1rpc.io/,,,
Ankr,"Liquid Staking Token, Nodes Operator, RPC Operator",⭐️⭐️⭐️⭐️⭐️,https://twitter.com/ankr   https://discord.gg/ankr   https://www.ankr.com/,ANKR/ankrETH,$ 15M,"ArkStream Capital, Binance Labs, DHVC, LD Capital, Lancer Capital, LinkVC, NGC Ventures, Pantera Capital"
Brian,AI/AIGC/ZKML,⭐️⭐️⭐️,https://twitter.com/BrianKnowsAI   https://www.brianknows.org/,,,EthPrague Hackathon Winner
AIT Protocol,AI/AIGC/ZKML,,https://x.com/AITProtocol   https://discord.com/invite/aitprotocols   https://aitprotocol.ai/,,,
Ingonyama,ZK Prover,⭐️⭐️⭐️,https://twitter.com/Ingo_zk   https://discord.com/invite/qkBVXBpFc4   https://www.ingonyama.com/,,,
ZKPool,ZK Prover,⭐️⭐️⭐️,https://twitter.com/zk_pool   https://discord.com/invite/PQbxnmbX   https://zkpool.io/,,,
Covalent,OnChain Data Indexing,⭐️⭐️⭐️⭐️⭐️,https://twitter.com/covalent_hq   https://discord.com/invite/VHgmzB9973   https://www.covalenthq.com/,CQT,$ 15.1M,"1kx, AU21 Capital, Alameda Research, Avalanche, Binance Labs, CoinGecko, Coinbase, Delphi Digital, Hashed, Hypersphere, Mechanism Capital, Moonbeam, NEAR"
4EVERLAND,Web3 Hosting Service,⭐️⭐️⭐️,https://twitter.com/4everland_org   https://discord.com/invite/4everland   https://www.4everland.org/,,,
Crypton,Web3 Developers Edu,⭐️⭐️⭐️,https://x.com/cryptonxyz  https://discord.com/invite/8b6vmMtqwA   https://crypton.xyz/,,,
TurtleShell," Security/Audits",⭐️⭐️⭐️⭐️,https://twitter.com/TurtleShell_xyz   https://t.me/turtleshell_xyz   https://turtleshell.xyz/,,,EthPrague Hackathon Winner
Revoke.cash," Security/Audits",⭐️⭐️⭐️⭐️,https://twitter.com/RevokeCash   https://discord.com/invite/revoke-cash   https://revoke.cash/,,,
Cookbook,Solidity Libraries,⭐️⭐️⭐️⭐️⭐️,https://x.com/cookbook_dev   https://discord.com/invite/cookbookdev   https://www.cookbook.dev/,,,
Apus Network,GPU Operator,⭐️⭐️⭐️,https://x.com/apus_network   https://discord.com/invite/NVqpWB2m8k   https://www.apus.network/,,,