﻿Name,Category,Rating Index,Link | Click the Link Text,Token," Raised",Investor
Opside,zkRollup RaaS,⭐️⭐️⭐️⭐️⭐️,https://twitter.com/OpsideZK   https://discord.com/invite/vazMR527E5   https://opside.network/,,$ 4M,Web3.com
Conduit,No Code Deployment,⭐️⭐️⭐️⭐️⭐️,https://twitter.com/conduitxyz   https://discord.com/invite/X5Yn3NzVRh   https://conduit.xyz/,,$ 44M,"Bankless, Coinbase, Haun Ventures, Paradigm, Robot Ventures"
Caldera,No Code Deployment,⭐️⭐️⭐️⭐️⭐️,https://twitter.com/calderaxyz   https://discord.com/invite/9KDXrWE48t   https://www.caldera.xyz/,,$ 24M,"1kx, Alliance DAO, Dragonfly Capital, Ethereal Ventures, Lattice Capital, Sequoia Capital, SevenX Ventures"
Zeeve,No Code Deployment,⭐️⭐️⭐️,https://x.com/0xZeeve   https://discord.com/invite/6GjqQ78bBz   https://www.zeeve.io/,,$ 1M,Expert Dojo
Abstract,ZK Rollup,⭐️⭐️⭐️⭐️,https://x.com/AbstractChain  https://discord.com/invite/abstractchain   https://abs.xyz/,,$ 11M,"1kx, EVG, Fenbushi Capital, Founders Fund, Selini Capital"