﻿Name,Category,Rating Index,Link | Click the Link Text,Token," Raised",Investor
Coinbase Wallet,"Extension Wallet, Mobile Wallet",⭐️⭐️⭐️⭐️⭐️,https://twitter.com/CoinbaseWallet   http://coinbase.com/wallet,,,Coinbase
MetaMask,"Extension Wallet, Mobile Wallet",⭐️⭐️⭐️⭐️⭐️,https://twitter.com/MetaMask   https://metamask.io/,,$ 725M,ConsenSys Mesh
Sovereign,RaaS SDK,⭐️⭐️⭐️⭐️⭐️,https://twitter.com/sovereign_labs   https://discord.gg/kbykCcPrcA   https://www.sovereign.xyz/,,$ 7.4M,"1kx, Haun Ventures, Maven 11, Plaintext, Robot Ventures"
Caldera,No Code Deployment,⭐️⭐️⭐️⭐️⭐️,https://twitter.com/calderaxyz   https://discord.com/invite/9KDXrWE48t   https://www.caldera.xyz/,,$ 24M,"1kx, Alliance DAO, Dragonfly Capital, Ethereal Ventures, Lattice Capital, Sequoia Capital, SevenX Ventures"
Airchains,No Code Deployment,⭐️⭐️⭐️,https://x.com/airchains_io   https://discord.com/invite/airchains   https://www.airchains.io/,,,Cogitent Ventures
Dymension,Shared Sequencer,⭐️⭐️⭐️⭐️⭐️,https://twitter.com/dymensionXYZ   https://discord.gg/dymension   https://dymension.xyz/,,$ 6.7M,"Big Brain Holdings, DraftKings, Matchbox, Shalom Meckenzie, Stratos"
Madara,Shared Sequencer,⭐️⭐️⭐️⭐️,https://twitter.com/MadaraStarknet   https://docs.madara.wtf/,,,
Rooch Network,Move VM,⭐️⭐️⭐️⭐️,https://twitter.com/RoochNetwork   https://discord.com/invite/rooch   https://rooch.network/,,,
Fluent,Modular Execution,⭐️⭐️⭐️,https://x.com/fluentxyz   https://discord.com/invite/fluentlabs   https://fluent.xyz/,,,
Vistara,Light Client,⭐️⭐️⭐️,https://twitter.com/vistaralabs   https://discord.com/invite/D4kJkCAgQE   https://www.vistara.dev/,,,
Celestia,Data Availability Layer,⭐️⭐️⭐️⭐️⭐️,https://twitter.com/CelestiaOrg   https://discord.com/invite/YsnTPcSfWQ   https://celestia.org/,TIA,$ 56M,"A&T Capital, Binance Labs, Blockchain Capital, Delphi Digital, Galaxy Digital, IOSG Ventures, Jump Crypto, Maven 11, OKX Ventures, Protocol Labs, Spartan Group"
Cookbook,Solidity Libraries,⭐️⭐️⭐️⭐️⭐️,https://x.com/cookbook_dev   https://discord.com/invite/cookbookdev   https://www.cookbook.dev/,,,