﻿Name,Category,Rating Index,Link | Click the Link Text,Token," Raised",Investor
OKX Wallet,"Extension Wallet, Mobile Wallet",⭐️⭐️⭐️⭐️⭐️,https://twitter.com/okxweb3   https://discord.com/invite/pXmtxwSkNB   https://www.okx.com/web3,OKX,,OKX Ventures
Coinbase Wallet,"Extension Wallet, Mobile Wallet",⭐️⭐️⭐️⭐️⭐️,https://twitter.com/CoinbaseWallet   http://coinbase.com/wallet,,,Coinbase
MetaMask,"Extension Wallet, Mobile Wallet",⭐️⭐️⭐️⭐️⭐️,https://twitter.com/MetaMask   https://metamask.io/,,$ 725M,ConsenSys Mesh
OKX Web3,"DEX Aggregator, NFT Marketplace",⭐️⭐️⭐️⭐️⭐️,https://twitter.com/okxweb3   https://discord.com/invite/pXmtxwSkNB   https://www.okx.com/cn/web3,,,OKX Ventures
Roboworld,Card Game,⭐️⭐️⭐️⭐️,https://twitter.com/roboworldio   https://discord.com/invite/JmrudcHSPz   https://www.roboworld.io/,,,
Deviants,Card Game,⭐️⭐️⭐️,https://twitter.com/DeviantsNFT   https://discord.com/invite/ZkKDCUeZXB   https://deviantsfactions.com/,,,
Bitverse,GameFi,⭐️⭐️⭐️,https://twitter.com/BHBitverse   https://discord.com/invite/bitverse   https://www.thebitverse.io/,,,
Lost Glitches,"GameFi, SLG Game",⭐️⭐️⭐️,https://twitter.com/TheLostGlitches   https://discord.com/invite/thelostglitches   https://playlostglitches.com/#,LOST,,
MetaFight,GameFi,,https://twitter.com/MetaFightOff   https://discord.com/invite/MetaFight   https://metafight.com/,,,
Kyō Games,GameFi,,https://twitter.com/KyoGames   https://challenge.kyo.games/,,,
Sparkadia,GameFi,,https://twitter.com/SparkadiaGG   https://discord.com/invite/SparkadiaGG   https://www.sparkadia.gg/,,,
KIRAVERSE,GameFi,,https://twitter.com/KiraverseNFT   https://discord.com/invite/Kiraverse   https://kiraverse.game/,,,
VeeFriends,GameFi,,https://twitter.com/veefriends   https://discord.com/invite/veefriends   https://veefriends.com/,,,
MartianPLeague,GameFi,,https://twitter.com/MartianPLeague   https://discord.com/invite/martianpremierleague   https://www.martianpremierleague.com/,,,
Tiny Colony,"GameFi, SRP Game",,https://twitter.com/TinyColonyGame   https://discord.com/invite/bb7ztMRTga   https://tinycolony.io/tinyverse,TINY,,
Resurgence,"GameFi, MMORPG Game",,https://twitter.com/ResurgenceGame   https://discord.com/invite/Ruup9jG5Pr   https://linktr.ee/resurgencegame,,,
Titans of War,"GameFi, SLG Game",,https://twitter.com/TitansofWar_TCG   https://discord.com/invite/ax3ykcKWGf   https://www.titansofwar.io/,,,
ROONIVERSE,GameFi,,https://twitter.com/playrooniverse   https://discord.com/invite/rooniverse   https://www.playrooniverse.com/,,,
Tollan Worlds,"ARPG Game, GameFi",,https://twitter.com/TollanWorlds   https://discord.com/invite/tollan   https://www.tollan.io/,,,
Undead Blocks,"ARPG Game, GameFi",,https://twitter.com/UndeadBlocks   https://discord.com/invite/undeadblocks   https://www.undeadblocks.com/,UNDEAD,,
Shardbound,"GameFi, SRP Game",,https://twitter.com/shardbound_game   https://discord.com/invite/shardbound-game   https://www.shardbound.com/,,,
METALCORE,"GameFi, PVP Game",,https://twitter.com/playmetalcore   https://discord.com/invite/metalcoregame   https://www.metalcore.gg/,,,
L2BEAT,OnChain Activity Analysis,⭐️⭐️⭐️⭐️⭐️,https://twitter.com/l2beat   https://discord.com/invite/eaVKXPmtWk   https://l2beat.com/scaling/tvl,,,
Revoke.cash," Security/Audits",⭐️⭐️⭐️⭐️,https://twitter.com/RevokeCash   https://discord.com/invite/revoke-cash   https://revoke.cash/,,,
Chainmonsters,MMORPG Game,⭐️⭐️⭐️,https://twitter.com/ChainMonsters   https://discord.com/invite/chainmonsters   https://chainmonsters.com/,,,