﻿Name,Category,Rating Index,Link | Click the Link Text,Token," Raised",Investor
OKX Wallet,"Extension Wallet, Mobile Wallet",⭐️⭐️⭐️⭐️⭐️,https://twitter.com/okxweb3   https://discord.com/invite/pXmtxwSkNB   https://www.okx.com/web3,OKX,,OKX Ventures
Braavos,"AA Wallet, Extension Wallet, Mobile Wallet",⭐️⭐️⭐️⭐️,https://twitter.com/myBraavos   http://discord.gg/9Ks7V5DN9z   https://braavos.app/,,$ 10M,"Brevan Howard Digital, Crypto.com, Matrixport, Pantera Capital, Road Capital, StarkWare"
Argent,"Extension Wallet, Mobile Wallet",⭐️⭐️⭐️⭐️,https://twitter.com/argentHQ   http://discord.gg/argenthq   https://argent.xyz/,,$ 12M,Paradigm
Argent X,Extension Wallet,⭐️⭐️⭐️⭐️,https://twitter.com/argentHQ   http://discord.gg/argenthq   http://argent.xyz,,,
Starken,Portfolio Dashboard,⭐️⭐️⭐️,https://twitter.com/StarkenDefi   https://discord.com/invite/hJupqTrK4G   https://www.starkendefi.xyz/connect-wallet,,,
Banxa,Payment,⭐️⭐️⭐️⭐️⭐️,https://twitter.com/BanxaOfficial   http://banxa.com,,$ 4.5M,NGC Ventures
Ramp,Payment,⭐️⭐️⭐️⭐️,https://twitter.com/RampNetwork   https://ramp.network/about/,,,
StarkGate,Native Bridge,⭐️⭐️⭐️⭐️⭐️,https://twitter.com/Starknet   https://discord.com/invite/qypnmzkhbc   https://starkgate.starknet.io/,,,
Orbiter,"Cross-L1 Rollup, CrossChain Bridge",⭐️⭐️⭐️⭐️⭐️,https://twitter.com/Orbiter_Finance   http://discord.gg/hJJvXP7C73   https://www.orbiter.finance/,,,"Amber Group, GGV Capital, Lemniscap, Mask Network, Matrixport, Redpoint Ventures, StarkWare, imToken"
Layerswap,CrossChain Bridge,⭐️⭐️⭐️⭐️,https://twitter.com/layerswap   https://discord.com/invite/KhwYN35sHy   https://www.layerswap.io/,,,
Owlto Finance,CrossChain Bridge,⭐️⭐️⭐️,https://twitter.com/Owlto_Finance   https://discord.com/invite/dyArfVwdxm   https://owlto.finance/bridge,,,
DEX Screener,DEX Pairs Charts,⭐️⭐️⭐️⭐️⭐️,https://twitter.com/dexscreener   https://discord.com/invite/ARbh55A472   https://dexscreener.com/,,,
JediSwap,AMM DEX,⭐️⭐️⭐️⭐️,https://twitter.com/JediSwap   https://discord.gg/jediswap   https://www.jediswap.xyz/,,,Gitcoin Beta Round
SithSwap,AMM DEX,⭐️⭐️⭐️⭐️,https://twitter.com/SithSwap   https://discord.com/invite/gAD2wuzeNf   https://sithswap.com/,,,
10KSwap,AMM DEX,⭐️⭐️⭐️⭐️,https://twitter.com/10KSwap   https://discord.com/invite/T77yphUPB6   https://10kswap.com/,,,
mySwap,AMM DEX,⭐️⭐️⭐️⭐️,https://twitter.com/mySwapxyz   http://discord.gg/gbxgWHzqE4   http://myswap.xyz,,,
AVNU,AMM DEX,⭐️⭐️⭐️⭐️,https://twitter.com/avnu_fi   https://discord.com/invite/avnu-fi   https://www.avnu.fi/,,,
Ekubo,AMM DEX,⭐️⭐️⭐️,https://twitter.com/EkuboProtocol   https://discord.com/invite/Fsnt6SeH   https://ekubo.org/,,,
StarkEx,AMM DEX,⭐️⭐️⭐️,https://twitter.com/Starkex_org   https://discord.com/invite/bsZYjhZG   https://app.starkex.org/,,,
StarkDeFi,"AMM DEX, Liquid Staking Token",⭐️⭐️⭐️,https://twitter.com/StarkDefi   https://discord.com/invite/starkdefi   https://www.starkdefi.com/,,,
Zohal,AMM DEX,⭐️⭐️,"https://twitter.com/zohal_starknet/with_replies   ",,,
Starkswap,AMM DEX,⭐️⭐️,https://twitter.com/starkswap   http://discord.gg/XZZvXfmsXa   https://www.starkswap.co/,,,
CryptoSwap,AMM DEX,⭐️⭐️,https://twitter.com/cryptoswaporg   https://discord.com/invite/KK2Gha9Cyb   https://cryptoswap.org/,,,
Donex,CLMM DEX,⭐️⭐️,https://twitter.com/donexfinance   https://discord.com/invite/AUm7KDRZhh   https://donex.finance/,,,
PawaSwap,DEX Aggregator,⭐️⭐️⭐️,https://twitter.com/0xPawa   https://discord.com/invite/duPgjSvnGV   https://pawaswap.com/,,,
Fibrous,DEX Aggregator,⭐️⭐️⭐️,https://twitter.com/FibrousFinance   https://fibrous.finance/,,,
Saddle,DEX Aggregator,⭐️⭐️⭐️,https://twitter.com/saddlefinance   https://discord.com/invite/saddle   https://saddle.finance/,,,
Commercium,DEX Aggregator,⭐️⭐️,https://twitter.com/TheCommercium   http://discord.gg/6v6yrXBjhU   http://www.commercium.app,,,
zkLink/ZKEX,Orderbook DEX,⭐️⭐️⭐️⭐️⭐️,https://twitter.com/ZKEX_Official   https://discord.com/invite/ctDAYrrNTH   https://zkex.com/,,$ 18.5M,"Ascensive Assets, Big Brain Holdings, Coinbase, Efficient Frontier, SIG DTI"
Brine,Orderbook DEX,⭐️⭐️⭐️⭐️⭐️,https://twitter.com/BrineFinance   https://discord.com/invite/wuPHBr9e9y   https://www.brine.finance/,,$ 16.5M,"Pantera Capital, Spartan Group, StarkWare"
Sphinx,Orderbook DEX,,https://twitter.com/sphinxdex   https://discord.com/invite/bx65SJ6u   https://www.sphnx.xyz/,,,
CygnusDAO,"Lending, Leverage Market",⭐️⭐️⭐️,https://twitter.com/CygnusDAO   https://www.cygnusdao.finance/,CYG,,
Satoru,Perpetual Market,⭐️⭐️⭐️⭐️,https://twitter.com/SatoruStarknet   https://t.me/SatoruStarknet   https://www.satoru.run/,,,
ZKX,Perpetual Market,⭐️⭐️⭐️⭐️,https://twitter.com/zkxprotocol   http://discord.gg/7YrNHdwNyu   https://zkx.fi/,,$ 4.5M,"Alameda Research, Amber Group, Crypto.com, Gate Labs, HashKey Capital, Huobi, StarkWare"
RabbitX,Perpetual Market,⭐️⭐️⭐️⭐️,https://twitter.com/rabbitx_io   http://discord.com/invite/rabbitx   http://rabbitx.io,,$ 11M,"Alliance DAO, Crypto.com, DeFiance Capital, Fabric Ventures, Finlink, Magic, Morningstar Ventures, Multicoin, Sequoia Capital, SevenX Ventures"
Paradex,Perpetual Market,⭐️⭐️⭐️,https://twitter.com/tradeparadex   https://discord.com/invite/rHqPcaaK8g   https://www.paradex.trade/,,,
Carmine,Options Market,⭐️⭐️,https://twitter.com/CarmineOptions   https://discord.com/invite/uRs7j8w3bX   https://carmine.finance/,,,
Starksport,RWA Market,,https://twitter.com/starkfinance   https://discord.com/invite/Z2Z8BwHy6k   https://starksport.finance/swap,,,
zkLend,Lending,⭐️⭐️⭐️⭐️,https://twitter.com/zkLend/with_replies   https://discord.com/invite/zklend   https://zklend.com/,,$ 5M,"3AC, Amber Group, Delphi Digital, GBV Capital, StarkWare"
Nostra,Lending,⭐️⭐️⭐️⭐️,https://twitter.com/nostrafinance   https://discord.com/invite/nostrafinance   https://nostra.finance/,,,"Distributed Global, GSR, Jump Crypto, Lemniscap, Wintermute"
Hashstack,Lending,⭐️⭐️⭐️,https://twitter.com/0xHashstack   https://discord.com/invite/hashstack   http://hashstack.finance,,,
OmniBTC,"CrossChain Bridge, Omnichain Lending",⭐️⭐️⭐️,https://twitter.com/OmniBTC   https://discord.com/invite/Z2EzZcJ72x   https://www.omnibtc.finance/,,,
Starcombo,Yield,⭐️⭐️,https://twitter.com/Starcombo_xyz   https://discord.com/invite/uVCkRDUV   https://testnet.starcombo.xyz/,,,
Yagi Finance,Yield Aggregator,⭐️⭐️,https://twitter.com/yagi_fi   https://discord.com/invite/49TYpjfkUn   https://yagi.fi/,,,
ZKStarter,IDO Launchpad,⭐️⭐️,"https://twitter.com/zkstarter   ",,,
StarknetSale,IDO Launchpad,⭐️⭐️,https://twitter.com/StarknetSale/with_replies   http://t.me/StarknetSale   http://starknetsale.com,,,
Serity,Synthetic Assets,⭐️⭐️,https://twitter.com/SerityFinance   http://alpha.serity.finance,,,
Aura,Synthetic Assets,⭐️⭐️,https://twitter.com/AuraProtocol   https://www.auraprotocol.com/,,,
Sandclock,Asset Management,⭐️⭐️⭐️,https://twitter.com/SandclockOrg   https://discord.com/invite/TMtbPQvWJV   https://www.sandclock.org/,,,
Dappland,DeFi Store,⭐️⭐️⭐️⭐️,https://twitter.com/dapp_land   https://discord.com/invite/GWSyrHg   https://www.dappland.com/,,,Argent
OKX Web3,"DEX Aggregator, NFT Marketplace",⭐️⭐️⭐️⭐️⭐️,https://twitter.com/okxweb3   https://discord.com/invite/pXmtxwSkNB   https://www.okx.com/cn/web3,,,OKX Ventures
Unframed,NFT Marketplace,⭐️⭐️⭐️⭐️,https://twitter.com/UnframedCo   https://unframed.co/,,,Argent
Flex,NFT Marketplace,⭐️⭐️⭐️,https://twitter.com/Flex_strk   https://discord.com/invite/6HvG4ckx9T   https://flexing.gg/,,,
Pyramid,NFT Marketplace,⭐️⭐️⭐️,https://twitter.com/MarketPyramid   https://pyramid.market/,,,
Aspect,NFT Marketplace,⭐️⭐️⭐️,https://twitter.com/aspectdotco   https://discord.com/invite/aR2U7KtbgD   https://aspect.co/,,,
KUBRI,NFT Bridge,⭐️⭐️,https://kubribridge.vercel.app/,,,
MetaMaterial,Loot Character,⭐️⭐️,https://twitter.com/material_meta   https://goerli.metamaterial.app/,,,
Carbonable,Carbon Credits SFT,⭐️⭐️⭐️,https://twitter.com/Carbonable_io   https://discord.com/invite/Huspzn4teW   http://carbonable.io,,,
iLAYER,Metaverse,⭐️⭐️⭐️⭐️,https://twitter.com/iLAYER_ORG   https://www.ilayer.org/,,,
cartridge,Game Engine,⭐️⭐️⭐️⭐️,https://twitter.com/cartridge_gg   https://discord.com/invite/cartridge   https://cartridge.gg/,,,
Dojo,Gaming Guild,⭐️⭐️⭐️,https://twitter.com/dojostarknet   https://discord.com/invite/vUN4Xq9Qv6   https://dojoengine.org/,,,
MatchboxDAO,Fully Onchain Game,⭐️⭐️⭐️,https://twitter.com/matchbox_dao   https://discord.com/invite/jkgbSngcHV   https://www.matchboxdao.com/,,,
Influence,Space MMO Game,⭐️⭐️⭐️⭐️,https://twitter.com/influenceth   https://discord.com/invite/influenceth   https://www.influenceth.io/,,,
Frens Lands,RTS Game,⭐️⭐️,https://twitter.com/FrensLands   https://discord.com/invite/gehYZU9Trf   https://www.frenslands.xyz/,,,
Eykar,SRP Game,⭐️⭐️⭐️,https://twitter.com/AgeOfEykar   https://discord.com/invite/rpksM5uCk5   https://eykar.org/,,,
Exothium,SRP Game,⭐️⭐️,https://twitter.com/Exothium   https://discord.com/invite/yhNrcBmBgA   https://beta.exothium.com/,,,
Rules,Card Game,⭐️⭐️⭐️,https://twitter.com/ruleslabs   https://discord.com/invite/rulesart   https://rules.art/,,,
Pxls,Pixel Game,⭐️⭐️⭐️,https://twitter.com/PxlsWtf   https://discord.com/invite/ufafywMTQh   https://pxls.wtf/,,,
GoL2,Pixel Game,⭐️⭐️⭐️,https://twitter.com/GoL2io   https://gol2.io/,,,
Topology,Pixel Game,⭐️⭐️,https://twitter.com/topology_gg   https://discord.com/invite/zKsdxmwJBQ   https://www.topology.gg/,,,
PixeLAW,GameFi,⭐️⭐️⭐️⭐️,https://twitter.com/0xPixeLAW   https://discord.com/invite/tzeUB6tt,,,
Phi,GameFi,⭐️⭐️⭐️,https://twitter.com/phi_xyz   https://t.co/lvMBl1W43g   https://philand.xyz/,,,ETHGlobal Hackathon
Realms,GameFi,⭐️⭐️⭐️,https://twitter.com/LootRealms   https://discord.com/invite/HvqzqE3Mfu   https://bibliothecadao.xyz/,,,
Starksheet,GameFi,⭐️⭐️⭐️,https://twitter.com/starksheet   https://discord.com/invite/Aab6qdWb5k   https://www.www.starksheet.xyz/,,,
The Ninth,GameFi,⭐️⭐️,https://twitter.com/ninth_gg   https://discord.com/invite/8aehWQPFyE   https://ninth.gg/,,,
Monkey Mind,"GameFi, NFT",⭐️⭐️,https://twitter.com/0xMonkeyMind   https://monkeymind.app/,,,
Shard Labs,GameFi,⭐️⭐️,https://twitter.com/shard_labs   https://shardlabs.io/,,,
Starknet Social,Social,⭐️⭐️⭐️⭐️,https://twitter.com/StarknetSocial   https://discord.com/invite/UG5tkPa3xn   https://starknet.social/,,,
Starknet.id,.stark Domain Service,⭐️⭐️⭐️⭐️,https://twitter.com/starknet_id   https://discord.com/invite/8uS2Mgcsza   https://www.starknet.id/,,,
L2BEAT,OnChain Activity Analysis,⭐️⭐️⭐️⭐️⭐️,https://twitter.com/l2beat   https://discord.com/invite/eaVKXPmtWk   https://l2beat.com/scaling/tvl,,,
DefiLlama,OnChain Activity Analysis,⭐️⭐️⭐️⭐️⭐️,https://twitter.com/DefiLlama   https://discord.com/invite/buPFYXzDDd   https://defillama.com/,,,Gitcoin Beta Round
StarkBoard,OnChain Activity Analysis,⭐️⭐️⭐️⭐️,https://twitter.com/starkboard   https://discord.com/invite/8KJKrpDUMZ   https://app.starkboard.io/,,,
Starkscan,Blockchain Explorer,⭐️⭐️⭐️,https://twitter.com/StarkscanCo   https://discord.com/invite/Pdt4Wr6gx7   https://starkscan.co/,,,
Voyager,Blockchain Explorer,⭐️⭐️,https://twitter.com/0xvoyageronline   https://voyager.online/   https://voyager.online/,,,
ViewBlock,Blockchain Explorer,⭐️⭐️,https://twitter.com/ViewBlock   https://viewblock.io/starknet,,,
Kasar Labs,Faucet Platform,⭐️⭐️,https://twitter.com/kasarlabs   https://kasar.io/,,,
Pocket,RPC Operator,⭐️⭐️⭐️⭐️,https://twitter.com/POKTnetwork   https://discord.com/invite/uYs6Esum3r   https://www.pokt.network/,POKT,$ 10M,"Big Brain Holdings, Collab+Currency, C² Ventures, FBG Capital, Gate Labs, Maven 11, Mechanism Capital, OKX Ventures, Republic Capital, Tribe Capital, Zee Prime Capital"
NOWNodes,RPC Operator,⭐️⭐️⭐️,https://twitter.com/NowNodes   https://discord.com/invite/As3cBdtEy8   https://nownodes.io/,,,
Blast API,RPC Operator,⭐️⭐️⭐️,https://twitter.com/BlastAPI   https://discord.com/invite/VPkWESgtvV   https://blastapi.io/,,,
InfStones,Nodes Operator,⭐️⭐️⭐️⭐️⭐️,https://twitter.com/InfStones   https://discord.com/invite/5Sgu93crrA   https://infstones.com/,,$ 109M,"A&T Capital, DHVC, Dragonfly Capital, GGV Capital, HashKey Capital, SIG, SNZ Holding, SoftBank"
Nethermind,"Account Abstraction SDK, Blockchain Explorer, MEV Protection, Nodes Operator",⭐️⭐️⭐️⭐️,https://twitter.com/nethermindeth   https://discord.com/invite/PaCMRFdvWT   https://nethermind.io/,,,
Bware Labs,"Nodes Operator, OnChain Data Indexing, RPC Operator",⭐️⭐️⭐️⭐️,https://twitter.com/BwareLabs   https://discord.com/invite/bwarelabs   https://bwarelabs.com/,INFRA,$ 7.2M,Alchemy
Verilog Solutions,Nodes Operator,⭐️⭐️,https://twitter.com/verilog_audit   https://www.verilog.solutions/#/,,,
Giza,AI/AIGC/ZKML,⭐️⭐️⭐️⭐️,https://twitter.com/gizatechxyz   https://discord.com/invite/kvqVYbCpU3   https://www.gizatech.xyz/,,$ 3M,"CoinFund, StarkWare"
Dolven Labs,DAO Tool,⭐️⭐️⭐️,https://twitter.com/dolvenlabs   https://discord.com/invite/UG5tkPa3xn   https://dolvenlabs.com/,,,
Starknet quest,OAT/POAP Platform,⭐️⭐️⭐️,https://twitter.com/starknet_quest   Discord   https://starknet.quest/,,,
Rádius,Shared Sequencer,⭐️⭐️⭐️⭐️,https://twitter.com/radius_xyz   https://discord.com/invite/wdS6k4wz9H   https://www.theradius.xyz/,,$ 1.7M,"Crypto.com, Hashed, LambdaClass, Superscrypt"
Madara,Shared Sequencer,⭐️⭐️⭐️⭐️,https://twitter.com/MadaraStarknet   https://docs.madara.wtf/,,,
SpaceShard,zkRollup SDK,⭐️⭐️⭐️⭐️,https://twitter.com/0xSpaceShard   https://www.spaceshard.io/,,,
Reddio,zkRollup SDK,⭐️⭐️⭐️⭐️,https://twitter.com/reddio_com   https://discord.com/invite/SjNAJ4qkK3   https://reddio.com/,,,"Arena, Paradigm"
Kakarot,Starknet zkEVM,⭐️⭐️⭐️⭐️⭐️,https://twitter.com/KakarotZkEvm   https://t.me/KakarotZkEvm   https://www.kakarot.org/,,,StarkWare
Beerus,Light Client,⭐️⭐️⭐️,https://twitter.com/BeerusStarknet,,,
Chainlink,Oracle,⭐️⭐️⭐️⭐️⭐️,https://twitter.com/chainlink   https://discord.com/invite/aSK4zew   https://chain.link/,LINK,,
Stork,Oracle,⭐️⭐️,https://twitter.com/StorkOracle   https://www.stork.network/   https://www.stork.network/,,,
Empiric,Oracle,⭐️⭐️,https://twitter.com/EmpiricNetwork   https://discord.com/invite/N7sM7VzfJB   https://empiric.network/,,,
Apibara,OnChain Data Indexing,⭐️⭐️,https://twitter.com/apibara_web3   https://discord.com/invite/m7B92CNFNt   https://www.apibara.com/,,,
Concise Labs,OnChain Data Indexing,⭐️⭐️,https://twitter.com/ConciseLabs   https://discord.com/invite/5qPBtderXs   https://app.conciselabs.io/,,,
Herodotus,OnChain Data Indexing,⭐️⭐️,https://twitter.com/HerodotusDev   https://discord.com/invite/t6p4qs4PBw   https://www.herodotus.dev/,,,
Equilibrium,OnChain Data Indexing,⭐️⭐️,https://twitter.com/equilibrium_co   https://equilibrium.co/,,,
Chainstack,Web3 Hosting Service,⭐️⭐️⭐️,https://twitter.com/chainstackhq   https://discord.com/invite/Cymtg2f7pX   https://chainstack.com/,,,
Wido,ZAP SDK,⭐️⭐️⭐️⭐️,https://mobile.twitter.com/widolabs   https://t.me/joinwido   https://www.joinwido.com/,,,
Dynamic,Web3 Messaging SDK,⭐️⭐️⭐️⭐️,https://twitter.com/dynamic_xyz   https://www.dynamic.xyz/,,$ 7.5M,"Breyer Capital, Chapter One, Circle Ventures, Hypersphere, Solana Ventures"
Triality,Web3 Developers Edu,⭐️⭐️,https://twitter.com/trialityorg   https://discord.com/invite/TvwaSxRmzm   https://triality.org/,,,
RYG Labs,NFT,⭐️⭐️⭐️,https://twitter.com/RYG_Labs   https://discord.com/invite/tnzZmmHPPN   https://www.itsryg.com/,,,
Early STARKers,NFT,⭐️⭐️,https://twitter.com/earlystarkers   https://discord.com/invite/B2urMECW9D   https://www.earlystarkers.io/,,,
AlmanacNFT,NFT,⭐️⭐️,https://twitter.com/almanacNFT   https://www.almanacnft.xyz/,,,
The Starks,"GameFi, NFT",⭐️⭐️,https://twitter.com/Gen0_Stark   http://discord.gg/S3uMh9X4su   http://thestarks.art,,,
Zorro Protocol,DAO,⭐️⭐️,https://twitter.com/ZorroProtocol   https://zorro.xyz/,,,
Imperium Wars,SLG Game,⭐️⭐️,https://twitter.com/imperiumwars   https://discord.com/invite/VqXSJaeFK4   https://imperiumwars.xyz/,,,
Redline,Racing Game,⭐️⭐️,https://twitter.com/PlayRedline   https://discord.com/invite/UAtCKkc5hJ   http://redline.game/,,,
briq,Building Block Game,⭐️⭐️⭐️,https://twitter.com/briqNFT   https://discord.com/invite/kpvbDCw5pr   https://briq.construction/,,,
Dope Wars,Building Block Game,⭐️⭐️⭐️,https://twitter.com/theDopeWars   https://discord.com/invite/dopewars   https://dopewars.gg,PAPER,,