﻿Name,Category,Rating Index,Link | Click the Link Text,Token," Raised",Investor
OKX Wallet,"Extension Wallet, Mobile Wallet",⭐️⭐️⭐️⭐️⭐️,https://twitter.com/okxweb3   https://discord.com/invite/pXmtxwSkNB   https://www.okx.com/web3,OKX,,OKX Ventures
Coinbase Wallet,"Extension Wallet, Mobile Wallet",⭐️⭐️⭐️⭐️⭐️,https://twitter.com/CoinbaseWallet   http://coinbase.com/wallet,,,Coinbase
MetaMask,"Extension Wallet, Mobile Wallet",⭐️⭐️⭐️⭐️⭐️,https://twitter.com/MetaMask   https://metamask.io/,,$ 725M,ConsenSys Mesh
Sender,"Extension Wallet, Mobile Wallet",⭐️⭐️⭐️⭐️,https://twitter.com/SenderWallet   https://discord.com/invite/9WhejkkbZF   https://sender.org/,,$ 4.5M,"Amber Group, Binance Labs, Crypto.com, D1 Ventures, Jump Crypto, Pantera Capital, SevenX Ventures, Shima Capital, WOO Network"
Trust,"Extension Wallet, Mobile Wallet",⭐️⭐️⭐️⭐️,https://twitter.com/trustwallet   https://t.me/trust_announcements   https://trustwallet.com/,TWT,,
Taho,Extension Wallet,⭐️⭐️⭐️⭐️,https://twitter.com/taho_xyz   https://discord.com/invite/f5G36jeKb2   https://taho.xyz/,,,Gitcoin Beta Round
ONTO Wallet,"Extension Wallet, Mobile Wallet",⭐️⭐️⭐️⭐️,https://twitter.com/ONTOWallet   https://discord.com/invite/4SrrJy2zHe   https://ont.io/,,,IOSG Ventures
XDEFI Wallet,Extension Wallet,⭐️⭐️⭐️⭐️,https://twitter.com/xdefi_wallet   https://discord.com/invite/xdefiwallet   https://www.xdefi.io/,XDEFI,,
BitKeep Wallet,"Extension Wallet, Mobile Wallet",⭐️⭐️⭐️⭐️,https://twitter.com/BitKeepOS   https://discord.com/invite/gUQB7gUarR   https://bitkeep.com/,BKB,$ 45M,"A&T Capital, Bitget, Bixin Ventures, DHVC, Dragonfly Capital, Foresight Ventures, Kucoin, Matrix Partners, Matrixport, SevenX Ventures"
Rabby Wallet,Extension Wallet,⭐️⭐️⭐️,https://twitter.com/Rabby_io   https://discord.com/invite/seFBCWmUre   https://rabby.io/,,,
BlockWallet,Extension Wallet,⭐️⭐️⭐️,https://twitter.com/GetBlockWallet   https://discord.com/invite/JNg7FuuGUh?utm_medium=social&utm_source=linktree&utm_campaign=join+discord   http://blockwallet.io,BLANK,$ 1.8M,"GBV Capital, Kyros Ventures, SevenX Ventures, Spark Digital, Woodstock"
Nabox,"Extension Wallet, Mobile Wallet",⭐️⭐️⭐️,https://twitter.com/naboxwallet   https://discord.com/invite/mQVXZJXMkn   http://nabox.io,,,
Krystal,"Extension Wallet, Mobile Wallet",⭐️⭐️⭐️,https://twitter.com/KrystalDefi   https://t.me/KrystalDeFi   https://krystal.app/,,,
Liquality,Extension Wallet,⭐️⭐️,https://twitter.com/Liquality_io   https://discord.com/invite/72XmNjkUya   http://liquality.io,,,
Kresus,"Mobile Wallet, Social Recovery Wallet",⭐️⭐️⭐️⭐️,https://twitter.com/Kresusofficial   https://discord.com/invite/m9nhCjc3fq   https://www.kresus.com/,,$ 26M,"Bpifrance, Craft Ventures, Franklin Templeton, Liberty City Ventures, Winklevoss Capital"
TokenPocket,"Hardware Wallet, Mobile Wallet",⭐️⭐️⭐️⭐️,https://twitter.com/TokenPocket_TP   https://discord.com/invite/NKPM8TXFQk   https://www.tokenpocket.pro/,TPT,,
Shield Protocol,Mobile Wallet,⭐️⭐️⭐️⭐️,https://twitter.com/shield2protocol   https://t.me/shield2protocol   https://shieldprotocol.org/,SHIELD,,
HyperPay,"Hardware Wallet, Mobile Wallet",⭐️⭐️⭐️⭐️,https://twitter.com/HyperPay_tech   https://t.me/HyperPay_En   https://www.hyperpay.tech/,HPY,,
Rainbow,Mobile Wallet,⭐️⭐️⭐️⭐️,https://twitter.com/rainbowdotme   https://rainbow.me/,,$ 19.5M,"6th Man Ventures, Collab+Currency, FinTech Collective, Seven Seven Six, Y Combinator"
MathWallet,"Extension Wallet, Mobile Wallet",⭐️⭐️⭐️⭐️,https://twitter.com/Mathwallet   https://discord.gg/gXSfnk5eP5   https://mathwallet.org/,MATH,$ 21M,"Alameda Research, Amber Group, Binance Incubation, Multicoin"
Coin98,"Extension Wallet, Mobile Wallet",⭐️⭐️⭐️⭐️,https://twitter.com/coin98_wallet   https://discord.com/invite/ytkeARXYu9   http://coin98.com,C98,,
imToken,Mobile Wallet,⭐️⭐️⭐️⭐️,https://twitter.com/imTokenOfficial   http://discord.com/invite/imToken   http://token.im,,,
iToken,Mobile Wallet,⭐️⭐️⭐️,https://twitter.com/iTokenWallet   https://discord.com/invite/UFsMeFCnyk?utm_source=Twitter   https://www.itoken.com/,,,
Minerva,Mobile Wallet,⭐️⭐️⭐️,https://twitter.com/MinervaWallet   https://discord.com/invite/UzKcmMZNjm   https://minerva.digital/,MIVA,,
Infinity Wallet,Mobile Wallet,⭐️⭐️⭐️,https://twitter.com/InfinityWallet   https://discord.com/invite/SgNjKzF   https://infinitywallet.io/,,,
FoxWallet,Mobile Wallet,⭐️⭐️⭐️,https://twitter.com/FoxWallet   http://discord.gg/DeT46k7538   http://foxwallet.com,,,
AlphaWallet,Mobile Wallet,⭐️⭐️⭐️,https://twitter.com/alphawallet   http://discord.com/invite/mx23YWRTYf   https://alphawallet.com,,,
RICE,Mobile Wallet,⭐️⭐️⭐️,https://twitter.com/RiceDeFiWallet   https://gopluslabs.io/   http://ricewallet.io,,,
Assure ,Mobile Wallet,⭐️⭐️⭐️,https://mobile.twitter.com/Assure_pro   https://discord.com/invite/39qdzJZnCY   https://www.assure.pro/#/,,,
HashKey Me,Mobile Wallet,⭐️⭐️,https://twitter.com/hashkey_me   https://discord.gg/E3WfyZ4SAm   https://me.hashkey.com/zh-CN,,,
Be Unstoppable,Mobile Wallet,⭐️⭐️,https://twitter.com/unstoppablebyhs   https://discord.com/invite/3uECHQ3cEk   https://unstoppable.money/,,,
Mt Pelerin,Mobile Wallet,⭐️⭐️,https://twitter.com/mtpelerin   https://discord.com/invite/WErDKTvMr7   https://www.mtpelerin.com/start,,,
Sequence,"Game SDK, Social Recovery Wallet",⭐️⭐️⭐️⭐️⭐️,https://twitter.com/0xsequence   https://discord.com/invite/sequence   https://sequence.xyz/,,$ 53M,"BITKRAFT, Brevan Howard Digital, CMT Digital, Initialized Capital, Morgan Creek Digital, Polygon Labs, Sky9 Capital, Take-Two, Ubisoft"
ECHOOO,Social Recovery Wallet,⭐️⭐️⭐️⭐️,https://twitter.com/echooo_wallet   https://discord.com/invite/UX26GYAJw4   https://www.echooo.xyz/,,$ 15M,"A&T Capital, Skyview Capital"
Mass,AA Wallet,⭐️⭐️⭐️⭐️,https://twitter.com/massdotmoney   https://discord.com/invite/MassDotMoney   https://mass.money/,,$ 7.5M,"CMT Digital, Kenetic Capital, Maven Capital, Republic Capital"
DappOS,AA Wallet,⭐️⭐️⭐️⭐️,https://twitter.com/dappOS_com   https://discord.com/invite/sEtcYb9FgT   https://dappos.com/,,,Binance Incubation
Biconomy,AA Wallet,⭐️⭐️⭐️⭐️,https://twitter.com/biconomy   https://discord.com/invite/biconomy   https://www.biconomy.io/,BICO,$ 10.5M,"Binance Labs, CoinFund, Coinbase, DACM, Fenbushi Capital, GenBlock Capital, Huobi, Ledger Prime"
Versa,AA Wallet,⭐️⭐️⭐️,https://twitter.com/versawallet   https://t.me/versawallet   https://versawallet.io/,,,STEPN/Find Satoshi Lab
Plena Wallet,AA Wallet,⭐️⭐️⭐️,https://twitter.com/PlenaFinance   https://discord.com/invite/4XE6pus3kX   https://plena.finance/,,,
OpenBlock,MPC Wallet,⭐️⭐️⭐️⭐️,https://twitter.com/OpenBlockWallet   https://discord.com/invite/EhsKYbvtJx   https://openblock.com/,,,
Triangle,"Faucet Platform, MPC Wallet",⭐️⭐️⭐️,https://twitter.com/triangleplatfrm   https://discord.com/invite/triangle   https://www.triangleplatform.com/,,,
OneKey,Hardware Wallet,⭐️⭐️⭐️⭐️⭐️,https://twitter.com/OneKeyHQ   https://discord.com/invite/nwUJaTzjzv   https://onekey.so/,,$ 20M," Ribbit Capital, Coinbase, Dragonfly Capital, Ethereal Ventures, Folius Ventures, Framework, IOSG Ventures, Sky9 Capital"
Ledger,Hardware Wallet,⭐️⭐️⭐️⭐️⭐️,https://twitter.com/Ledger   https://www.ledger.com/,,,
D'CENT Wallet,Hardware Wallet,⭐️⭐️⭐️⭐️,https://twitter.com/DCENTwallets   https://dcentwallet.com/,,,
Keystone,Hardware Wallet,⭐️⭐️⭐️,https://twitter.com/KeystoneWallet   https://discord.com/invite/6vEfPEJKJD   https://keyst.one/,,,
Ambire,Smart Contract Wallet,⭐️⭐️⭐️⭐️,https://twitter.com/AmbireWallet   https://discord.com/invite/nMBGJsb   https://www.ambire.com/,WALLET,,
Zapper,Portfolio Dashboard,⭐️⭐️⭐️⭐️⭐️,https://twitter.com/zapper_fi   https://discord.com/invite/JyTMfXV   https://zapper.xyz/zh,,,
Zerion,"Portfolio Dashboard, Smart Contract Wallet, Social Recovery Wallet",⭐️⭐️⭐️⭐️⭐️,https://twitter.com/zerion   https://zerion.io/discord   https://zerion.io/,,$ 12M,"Alchemy, Coinbase, Mosaic, Wintermute"
Debank,Portfolio Dashboard,⭐️⭐️⭐️⭐️⭐️,https://twitter.com/DebankDeFi   https://discord.com/invite/KYuj8DE   http://DeBank.com,,$ 25M,"A&T Capital, Circle Ventures, Crypto.com, Delphi Digital, Dragonfly Capital, Fenbushi Capital, Folius Ventures, Hash Global, HashKey Capital, Ledger Capital, Sequoia Capital, SevenX Ventures, Signum Capital, The LAO, Youbi Capital"
De.Fi," Security/Audits, Portfolio Dashboard",⭐️⭐️⭐️⭐️⭐️,https://twitter.com/dedotfi   https://t.me/DeDotFi   https://de.fi/,,,
Kryptoskatt,Portfolio Dashboard,⭐️⭐️⭐️⭐️,https://twitter.com/kryptoskatt   https://discord.com/invite/SFvUAShRv4   https://kryptoskatt.com/,,,Binance Incubation
Instadapp,"Portfolio Dashboard, Yield Optimizer",⭐️⭐️⭐️⭐️,https://twitter.com/Instadapp   https://discord.com/invite/C76CeZc   https://instadapp.io/,INST,,
KeyFi,Portfolio Dashboard,⭐️⭐️⭐️,https://twitter.com/keyfi_app   https://discord.com/invite/ya3nUnnB2m   https://keyfi.com/,KEYFI,,
Defi Saver,Portfolio Dashboard,⭐️⭐️⭐️,https://twitter.com/DeFiSaver   http://discord.gg/XGDJHhZ   https://defisaver.com/,,,
DePocket,Portfolio Dashboard,⭐️⭐️⭐️,https://twitter.com/DePocketFinance   https://discord.com/invite/QXxvHH6CgY   http://app.depocket.com,,,
Minimax,Portfolio Dashboard,⭐️⭐️,https://twitter.com/MinimaxFinance   https://discord.com/invite/A6GJ6Qktwm   https://app.minimax.finance/earn?blockchains=42161,,,
Banxa,Payment,⭐️⭐️⭐️⭐️⭐️,https://twitter.com/BanxaOfficial   http://banxa.com,,$ 4.5M,NGC Ventures
Ramp,Payment,⭐️⭐️⭐️⭐️,https://twitter.com/RampNetwork   https://ramp.network/about/,,,
Horus Protocol,Payment,⭐️⭐️⭐️,https://twitter.com/HorusCash   https://discord.com/invite/BGnNSHdCMr   https://horus.cash/,,,
Utopia,Stream Payment,⭐️⭐️⭐️⭐️,https://twitter.com/utopialabs_   https://www.utopialabs.com/,,$ 23M,"Circle Ventures, Coinbase, Distributed Global, Infinity Ventures, Paradigm, YGG SEA"
Magna,Stream Payment,⭐️⭐️⭐️⭐️,https://twitter.com/MagnaTokens   https://www.magna.so/,,$ 15M,"Alchemy Ventures, Avalanche, Big Brain Holdings, Circle Ventures, Galaxy Digital, Polygon Ventures, Shima Capital, Solana Ventures, Soma Capital, Tiger Global"
Sablier,Stream Payment,⭐️⭐️⭐️,https://twitter.com/Sablier   https://discord.com/invite/bSwRCwWRsT   https://pay.sablier.finance/,,,
Cask Protocol,Stream Payment,⭐️⭐️⭐️,https://twitter.com/caskprotocol   https://discord.com/invite/mbmFKr9xeu   https://www.cask.fi/,,,
Superfluid,Stream Payment,⭐️⭐️⭐️,https://twitter.com/superfluid_hq   https://discord.com/invite/XsK7nahanQ   https://www.superfluid.finance/,,,
Mean Finance,Stream Payment,⭐️⭐️⭐️,https://twitter.com/mean_fi   https://discord.com/invite/ThfzDdn4pn/   https://mean.finance/create,,,
DZap,Stream Payment,⭐️⭐️,https://twitter.com/dzap_io   https://discord.com/invite/aRHESJB9md   https://dzap.io/,,,
0xSplits,Stream Payment,⭐️⭐️,https://twitter.com/0xSplits   https://discord.com/invite/mManFQPC5G   https://discord.com/invite/mManFQPC5G,,,
Request,Stream Payment,⭐️⭐️,https://twitter.com/RequestFinance   https://discord.com/invite/mknydCf2Nu   https://www.request.finance/,,,
Umbra,Privacy Payment,⭐️⭐️⭐️⭐️,https://twitter.com/UmbraCash   https://discord.com/invite/uw4y5J2p7C   https://app.umbra.cash/,,,Gitcoin Beta Round
RAILGUN,Privacy Payment,⭐️⭐️⭐️,https://twitter.com/RAILGUN_Project/   https://railgun.org/,RAIL,,
IDriss,Social Payment,⭐️⭐️⭐️⭐️,https://twitter.com/IDriss_xyz   https://discord.com/invite/RJhJKamjw5   https://www.idriss.xyz/,,,Gitcoin Beta Round
Mask Network,Social Payment,⭐️⭐️⭐️⭐️,https://twitter.com/realMaskNetwork   https://discord.com/invite/4SVXvj7   https://mask.io/,MASK,,
Gnosis Safe,"MultiSig Payment, MultiSig Wallet",⭐️⭐️⭐️⭐️⭐️,https://twitter.com/safe   https://discord.com/invite/nrQVY2566v   https://safe.global/,SAFE,$ 100M,"1kx, A&T Capital, Arweave, Bixin Ventures, Blockchain Capital, Blockchain.com, Blockdaemon, Brevan Howard Digital, CMT Digital, Coinbase, ConsenSys Mesh, DCG, Fenbushi Capital, GSR, Global Coin Research, IOSG Ventures, Kraken Ventures, Lightspeed Venture, ParaFi Capital, Polygon Ventures, Republic Capital, The LAO, Tiger Global"
Raiden,Lightning Payment,⭐️⭐️⭐️⭐️,https://twitter.com/raiden_network   https://discord.com/invite/nSQDQBq5FC   https://lightclient.raiden.network/#/,,,
WalletConnect,Wallet-to-dApp,⭐️⭐️⭐️⭐️⭐️,https://twitter.com/walletconnect   https://discord.gg/kdTQHQ6AFQ   https://walletconnect.com/,,$ 23.5M,"1kx, Circle Ventures, Coinbase, ConsenSys Mesh, Shopify"
Web3Auth,Wallet-to-dApp,⭐️⭐️⭐️⭐️⭐️,https://twitter.com/web3auth   https://discord.com/invite/web3auth   http://web3auth.io,,$ 15M,"Binance Labs, Coinbase, Hashed, Kyros Ventures, LD Capital, Multicoin"
Delegate,Wallet-to-dApp,⭐️⭐️⭐️,https://twitter.com/delegatecash   https://delegate.cash/,,,
bridge.arbitrum,Native Bridge,⭐️⭐️⭐️⭐️⭐️,https://twitter.com/OffchainLabs   https://discord.com/invite/ZpZuw7p   https://bridge.arbitrum.io/?l2ChainId=42161,ARB,,
Satellite,CrossChain Bridge,⭐️⭐️⭐️⭐️⭐️,https://twitter.com/Axl_Satellite   https://discord.com/invite/aRZ3Ra6f7D   https://satellite.money/,,,Axelar
Omni Network,CrossChain Bridge,⭐️⭐️⭐️⭐️⭐️,https://twitter.com/OmniFDN   https://discord.com/invite/bKNXmaX9VD   https://omni.network/,OMNI,$ 18M,"Coinbase, DeFiance Capital, Hashed, Jump Crypto, Pantera Capital, Spartan Group"
zkBridge,CrossChain Bridge,⭐️⭐️⭐️⭐️⭐️,https://twitter.com/PolyhedraZK   https://discord.com/invite/WkjUe5tfZP   https://zkbridge.com/,,$ 25M,"ABCDE Capital, Animoca Brands, Arcane, Binance Labs, Foresight Ventures, HashKey Capital, Kucoin, NGC Ventures, Polychain, Sparkle"
Orbiter,"Cross-L1 Rollup, CrossChain Bridge",⭐️⭐️⭐️⭐️⭐️,https://twitter.com/Orbiter_Finance   http://discord.gg/hJJvXP7C73   https://www.orbiter.finance/,,,"Amber Group, GGV Capital, Lemniscap, Mask Network, Matrixport, Redpoint Ventures, StarkWare, imToken"
Wormhole,CrossChain Bridge,⭐️⭐️⭐️⭐️⭐️,https://twitter.com/wormholecrypto   https://discord.com/invite/wormholecrypto   https://www.portalbridge.com/#/transfer,,,
Connext,CrossChain Bridge,⭐️⭐️⭐️⭐️⭐️,https://twitter.com/ConnextNetwork   https://discord.com/invite/VcNFQdKuxM   https://bridge.connext.network/,NEXT,$ 21.9M," Figment Capital, 1kx, Alchemy Ventures, CMS Holdings, Coinbase, ConsenSys Mesh, Gate Labs, Hashed, Huobi, KR1, NGC Ventures, OKX Ventures, Polychain, Polygon Ventures, SNZ Holding"
Hop Protocol,CrossChain Bridge,⭐️⭐️⭐️⭐️⭐️,https://twitter.com/HopProtocol   https://discord.com/invite/PwCF88emV4   https://app.hop.exchange/,HOP,,"1confirmation, Coinbase"
Stargate,CrossChain Bridge,⭐️⭐️⭐️⭐️⭐️,https://twitter.com/StargateFinance   https://stargate.finance/discord   https://stargate.finance/,STG,,
Borderless Bitcoin,CrossChain Bridge,⭐️⭐️⭐️⭐️,https://twitter.com/borderlessbtcb   https://bitcoinbridge.network/bridge,,,
cBridge,CrossChain Bridge,⭐️⭐️⭐️⭐️,https://twitter.com/CelerNetwork   https://discord.com/invite/Trhab5w   https://cbridge.celer.network/,CELR,,"Binance Labs, Huobi, IOSG Ventures, LD Capital, LinkVC, Pantera Capital, RedlineDAO, Signum Capital, Spark Digital"
Squid,CrossChain Bridge,⭐️⭐️⭐️⭐️,https://twitter.com/squidrouter   http://discord.squidrouter.com/   https://www.squidrouter.com/,,$ 3.5M,"Axelar, Chapter One, Distributed Global, Fabric Ventures, Galileo, Noble, North Island"
Altitude,"CrossChain Bridge, CrossChain ZAP",⭐️⭐️⭐️⭐️,https://twitter.com/AltitudeDeFi   http://discord.gg/altitude   http://altitudedefi.com,,,
Pontem,CrossChain Bridge,⭐️⭐️⭐️⭐️,https://twitter.com/PontemNetwork   http://discord.gg/44QgPFHYqs   https://bridge.liquidswap.com/,,$ 4.5M,"Alameda, Animoca Brands, Collider, Delphi Digital"
Aptos Bridge,CrossChain Bridge,⭐️⭐️⭐️⭐️,https://theaptosbridge.com/,,,
Symbiosis,"CrossChain Bridge, CrossChain ZAP",⭐️⭐️⭐️⭐️,https://twitter.com/symbiosis_fi   https://discord.gg/YHgDSJ42eG   https://symbiosis.finance/,SIS,$ 2M,"Amber Group, Binance Incubation, Binance Labs, Blockchain Capital, DAOMaker, DWF Labs, Delta Blockchain, Dragonfly Capital, Gate Labs, Injective, Kenetic Capital, Kucoin, Republic Capital, Shima Capital"
Layerswap,CrossChain Bridge,⭐️⭐️⭐️⭐️,https://twitter.com/layerswap   https://discord.com/invite/KhwYN35sHy   https://www.layerswap.io/,,,
Across,CrossChain Bridge,⭐️⭐️⭐️⭐️,https://twitter.com/AcrossProtocol   https://discord.across.to/   https://across.to/,ACX,,
Meson,CrossChain Bridge,⭐️⭐️⭐️⭐️,https://twitter.com/mesonfi   https://discord.gg/meson   https://meson.fi/,,$ 12M,"Delta Blockchain, Electric Capital, UDHC"
rhino.fi,"AMM DEX, CrossChain Bridge, Liquidity Manager, Orderbook DEX",⭐️⭐️⭐️⭐️,https://twitter.com/rhinofi   https://discord.gg/FHcvMKnN   https://app.rhino.fi/bridge,DVF,$ 5.5M," LongHash Ventures, Blockchain Capital, D1 Ventures, DeFiance Capital, Delphi Digital, Fenbushi Capital, GenBlock Capital, Lightspeed Venture, ParaFi Capital, Spartan Group"
okok.network,CrossChain Bridge,⭐️⭐️⭐️,https://twitter.com/okoknetwork   https://discord.com/invite/bgKn2ZU6cH   https://okok.network/#/bridge,,,
Glitter,CrossChain Bridge,⭐️⭐️⭐️,https://twitter.com/GlitterFinance   https://discord.com/invite/uxNjtr6zr8   https://glitterfinance.org/,XGLI,,"Youbi Capital, Zee Prime Capital"
Owlto Finance,CrossChain Bridge,⭐️⭐️⭐️,https://twitter.com/Owlto_Finance   https://discord.com/invite/dyArfVwdxm   https://owlto.finance/bridge,,,
Pheasant,CrossChain Bridge,⭐️⭐️⭐️,https://twitter.com/PheasantNetwork   https://discord.com/invite/pRYSEUVERT   https://pheasant.network/,,,
Interport,CrossChain Bridge,⭐️⭐️⭐️,https://twitter.com/InterportFi   https://discord.com/invite/interport   https://app.interport.fi/,ITP,,
Mover,CrossChain Bridge,⭐️⭐️⭐️,https://twitter.com/moverxyz   https://discord.com/invite/moverxyz   https://mov3r.xyz/,,,"Brilliance, DGC Capital, Master Ventures, PolkaBridge"
SWFT,CrossChain Bridge,⭐️⭐️⭐️,https://twitter.com/SwftCoin   https://swft.pro/,,,
O3 Labs,"AMM DEX, CrossChain Bridge, Mobile Wallet",⭐️⭐️⭐️,https://twitter.com/O3_Labs   https://discord.com/invite/dmckMXhWNJ   https://o3.network/#/wallet,O3,,
Poly Network,CrossChain Bridge,⭐️⭐️⭐️,https://twitter.com/PolyNetwork2   https://discord.com/invite/y6MuEnq   https://poly.network/#/,,,Huobi
pNetwork,CrossChain Bridge,⭐️⭐️⭐️,https://twitter.com/pNetworkDeFi   https://discord.gg/8F6XUdPHqg   https://p.network/,PNT,,
Bridge Network,CrossChain Bridge,⭐️⭐️⭐️,https://twitter.com/bridgenetwork0x   https://discord.gg/PGHnWapB8u   https://www.bridgenetwork.com/,BRDG,,
Umbria,CrossChain Bridge,⭐️⭐️⭐️,https://twitter.com/NetworkUmbria   https://discord.gg/DGRMegpsD6   https://bridge.umbria.network/bridge/ethereum-arbitrum/eth,UMBR,,
Nerve,"AMM DEX, CrossChain Bridge",⭐️⭐️⭐️,https://twitter.com/nerve_network   https://discord.com/invite/PBkHeD7   https://nerve.network/,,,
deBridge,CrossChain Bridge,⭐️⭐️⭐️,https://twitter.com/deBridgeFinance   https://discord.gg/debridge   https://debridge.finance/,,,
Synapse,CrossChain Bridge,⭐️⭐️⭐️,https://twitter.com/SynapseProtocol   https://discord.gg/synapseprotocol   https://synapseprotocol.com/,SYN,$ 2M,"3AC, CMS Holdings, Immutable Capital, Mechanism Capital, Primitive Ventures"
Multichain,CrossChain Bridge,⭐️⭐️,https://twitter.com/MultichainOrg   https://t.me/anyswap   https://app.multichain.org/#/router,MULTI,,Binance Incubation
Ferrum,CrossChain Bridge,⭐️⭐️,https://twitter.com/FerrumNetwork   https://discord.com/invite/HEfKq57asd   https://ferrum.network/disclaimer/,FRM,,
Hashport,CrossChain Bridge,⭐️⭐️,https://twitter.com/hashportnetwork   https://t.me/hashport   https://www.hashport.network/,,,
Elk Finance,CrossChain Bridge,⭐️⭐️,https://twitter.com/elk_finance   https://discord.gg/4PzNmq9Uxg   https://elk.finance/,ELK,,
Beamer,CrossChain Bridge,⭐️⭐️,https://twitter.com/BeamerBridge   https://discord.com/invite/beamerbridge   https://beamerbridge.com/,,,
LI.FI,CrossChain Aggregator,⭐️⭐️⭐️⭐️⭐️,https://twitter.com/lifiprotocol   https://discord.com/invite/lifi   https://jumper.exchange/,,$ 23M,"1kx, Bloccelerate, CoinFund, Coinbase, Dragonfly Capital, Factor, Lattice Capital, Scalar Capital, Superscrypt, Theta"
Bungee,CrossChain Aggregator,⭐️⭐️⭐️⭐️,https://twitter.com/bungeeexchange?s=21   https://discord.com/invite/zfKJR8yWaH   https://www.bungee.exchange/,,,
Superbridge,CrossChain Aggregator,⭐️⭐️⭐️,https://twitter.com/superbridgeapp   https://superbridge.app/,,,
BoringDAO,CrossChain Aggregator,⭐️⭐️⭐️,https://twitter.com/TheBoringDAO   https://discord.com/invite/uNvD4e3HnM   https://www.boringdao.com/,,,
RelayChain,CrossChain Aggregator,⭐️⭐️,https://twitter.com/relay_chain   https://discord.gg/DgHDesQdBv   http://www.relaychain.com/,,,
Hashflow,CrossChain DEX,⭐️⭐️⭐️⭐️,https://twitter.com/hashflow   https://discord.com/invite/hashflow   https://www.hashflow.com/,HFT,,
Magpie,CrossChain DEX,⭐️⭐️⭐️⭐️,https://twitter.com/magpieprotocol   https://discord.com/invite/CwJuFeHp6f   https://www.magpiefi.xyz/,,$ 3M,"Apollo Crypto, Big Brain Holdings, D1 Ventures, GSR, Jump Crypto, ParaFi Capital, Republic Capital"
Rubic,CrossChain DEX,⭐️⭐️⭐️⭐️,https://twitter.com/CryptoRubic   https://discord.gg/hayrHU2Tvh   https://rubic.exchange/,RBC,,
Pontoon,CrossChain DEX,⭐️⭐️⭐️,https://twitter.com/PontoonFi   https://pontoon.fi/   https://pontoon.fi/,,,
Rango,CrossChain DEX,⭐️⭐️⭐️,https://twitter.com/RangoExchange   https://t.me/rango_info   https://app.rango.exchange/,,,
ChainHop,CrossChain DEX,⭐️⭐️⭐️,https://twitter.com/ChainHopDEX   https://discord.com/invite/Tgw4rvtYya   https://app.chainhop.exchange/#/swap,,,
DEX Screener,DEX Pairs Charts,⭐️⭐️⭐️⭐️⭐️,https://twitter.com/dexscreener   https://discord.com/invite/ARbh55A472   https://dexscreener.com/,,,
DexGuru,DEX Pairs Charts,⭐️⭐️⭐️⭐️,https://twitter.com/dexguru   https://discord.com/invite/dPW8fzwzz9   https://dex.guru/,,$ 6M,"Bitscale Capital, D1 Ventures, Huobi, Kyber, Lemniscap, Mirana Ventures, ParaFi Capital, Shima Capital, The LAO, Wintermute"
Ave.ai,DEX Pairs Charts,⭐️⭐️⭐️⭐️,https://twitter.com/aveaiofficial   https://t.me/aveai_english   https://ave.ai/home,,,
GeckoTerminal,DEX Pairs Charts,⭐️⭐️⭐️⭐️,https://twitter.com/GeckoTerminal   https://www.geckoterminal.com/zh,,,
WOOFi,AMM DEX,⭐️⭐️⭐️⭐️⭐️,https://twitter.com/_WOOFi   https://discord.com/invite/woonetwork   https://fi.woo.org/,WOO,$ 42M,"3Commas, AscendEX, Binance Labs, Crypto.com, Dragonfly Capital, Fenbushi Capital, Gate Labs, IOSG Ventures, M-Ventures, QCP Capital, RedlineDAO, SevenX Ventures"
Balancer,"AMM DEX, Yield",⭐️⭐️⭐️⭐️⭐️,https://twitter.com/Balancer   https://discord.com/invite/ARJWaeF   https://arbitrum.balancer.fi/,BAL,$ 32.25M," LongHash Ventures, Alameda Research, Blockchain Capital, CoinFund, DeFiance Capital, Fenbushi Capital"
Uniswap,AMM DEX,⭐️⭐️⭐️⭐️⭐️,https://twitter.com/Uniswap   https://discord.com/invite/FCfyBSbCU5   https://uniswap.org/,UNI,$ 177M,"Coinbase, Paradigm"
Curve,"AMM DEX, Liquidity Manager",⭐️⭐️⭐️⭐️⭐️,https://twitter.com/CurveFinance   https://discord.com/invite/9uEHakc   https://arbitrum.curve.fi/,CRV,,
Camelot,"AMM DEX, IDO Launchpad, Yield",⭐️⭐️⭐️⭐️⭐️,https://twitter.com/camelotdex   https://discord.com/invite/r9V7rry3nz   https://camelot.exchange/,GRAIL,,
Clipper,AMM DEX,⭐️⭐️⭐️⭐️,https://twitter.com/Clipper_DEX   https://discord.com/invite/clipperDEX   https://clipper.exchange/,SAIL,$ 4M,"Alliance DAO, LD Capital, Polychain, Robot Ventures"
ArbiDEX,"AMM DEX, Yield",⭐️⭐️⭐️⭐️,https://twitter.com/arbidex_fi   https://discord.com/invite/arbitrumexchange   https://arbidex.fi/,ARX,,
Roobee,"AMM DEX, CrossChain Bridge, Yield",⭐️⭐️⭐️⭐️,https://twitter.com/Roobee_invest   https://t.me/roobee_invest   https://app.roobee.finance/,,,
Trader Joe,"AMM DEX, Omnichain Yield",⭐️⭐️⭐️⭐️,https://twitter.com/traderjoe_xyz   https://discord.com/invite/GHZceZhbZU   https://traderjoexyz.com/home#/,JOE,,
Slingshot,"AMM DEX, CrossChain Bridge",⭐️⭐️⭐️⭐️,https://twitter.com/SlingshotCrypto   https://discord.gg/MpDxFBKRxB   https://app.slingshot.finance/,,$ 18M," Ribbit Capital, Electric Capital, Framework, K5 Global, Shrug Capital"
PixelSwap,AMM DEX,⭐️⭐️⭐️,https://twitter.com/PixelSwapFi   https://discord.com/invite/kQ5NSZMW58   https://pixelswap.xyz/,PIXEL,,
SmarDex,"AMM DEX, Yield",⭐️⭐️⭐️,https://twitter.com/SmarDex   https://t.me/realSmarDex   https://www.smardex.io/home,SDEX,,
RocketSwap,AMM DEX,⭐️⭐️⭐️,https://twitter.com/RocketSwap_Labs   https://t.me/rocketswap_official   https://app.rocketswap.cc/,,RCKT,
Kado,"AMM DEX, Payment",⭐️⭐️⭐️,https://twitter.com/kado_money   https://t.me/joinchat/DBTEybbbFugwZjgx   https://www.kado.money/,,,
Wombat,AMM DEX,⭐️⭐️⭐️,https://twitter.com/WombatExchange   https://discord.com/invite/Wombat   https://app.wombat.exchange/,WOM,,
Swapr,AMM DEX,⭐️⭐️⭐️,https://twitter.com/SwaprEth   https://discord.com/invite/4QXEJQkvHH   https://swapr.eth.limo/#/swap?chainId=41261,SWPR,,
dForce,"AMM DEX, Lending",⭐️⭐️⭐️,https://twitter.com/dForcenet   https://discord.com/invite/c2PC8SM   https://dforce.network/,DF,$ 1.5M,Multicoin
SwapFish,"AMM DEX, CrossChain ZAP, Yield",⭐️⭐️⭐️,https://twitter.com/SwapFishFi   https://discord.com/invite/Z4DrdBqgZp   https://swapfish.fi/,FISH,,
Arbswap,AMM DEX,⭐️⭐️⭐️,https://twitter.com/arbswapofficial   https://discord.com/invite/bjMFsrsruD   Arbswap%20322a6195ac984f27aff883686454c88d.md,,,
yieldification,AMM DEX,⭐️⭐️⭐️,https://twitter.com/yieldification   https://t.me/yieldification   https://yieldification.com/,YDF,,
Shell Protocol,AMM DEX,⭐️⭐️⭐️,https://twitter.com/ShellProtocol   https://discord.gg/S5EU5zmqxP   https://shellprotocol.io/,,,
Pulsar Protoco,AMM DEX,⭐️⭐️,https://twitter.com/PulsarSwap   https://discord.com/invite/c7D5Su82f9   https://pulsarswap.com/,,,Gitcoin Beta Round
DODO,PMM DEX,⭐️⭐️⭐️⭐️,https://twitter.com/BreederDodo   https://discord.com/invite/tyKReUK   https://dodoex.io/,DODO,,
PancakeSwap,"CLMM DEX, IDO Launchpad, Yield",⭐️⭐️⭐️⭐️⭐️,https://twitter.com/PancakeSwap   https://discord.com/invite/pancakeswap   https://pancakeswap.finance/,CAKE,,
Sushi,CLMM DEX,⭐️⭐️⭐️⭐️⭐️,https://twitter.com/sushiswap   https://discord.gg/CD2YdZzb7Z   https://sushi.com/,SUSHI,,
Zyberswap,CLMM DEX,⭐️⭐️⭐️⭐️,https://twitter.com/zyberswap   https://discord.com/invite/zyberswap   https://app.zyberswap.io/exchange/besttrade,ZYBER,,
CattieSwap,"CLMM DEX, IDO Launchpad",⭐️⭐️⭐️,https://twitter.com/CattieSwap   https://discord.com/invite/7zhV2wUq5F   https://www.cattieswap.xyz/,CAT,,
Poolshark,CLMM DEX,⭐️⭐️⭐️,https://twitter.com/poolsharks_labs   https://discord.com/invite/poolshark   https://www.poolshark.fi/,,,
iZiSwap,"DLAMM DEX, Yield Optimizer",⭐️⭐️⭐️⭐️,https://twitter.com/izumi_Finance   https://discord.com/invite/vUFpSwxTzz   https://izumi.finance/home,IZI,$ 22M,"Bella Protocol, Incuba Alpha, NextGen Digital, Unicode Digital"
Integral,TWAP DEX,⭐️⭐️⭐️⭐️,https://twitter.com/integralhq   https://discord.gg/ANf3VufDvm   https://integral.link/,,,
Bebop,Multi-Token AMM,⭐️⭐️⭐️,https://twitter.com/bebop_dex   https://discord.com/invite/bebop   https://bebop.xyz/,,,
Swapsicle,"MultiChain AMM, Perpetual Market",⭐️⭐️⭐️,https://twitter.com/SwapsicleDEX   https://discord.com/invite/6UxVtUS4F8  https://www.swapsicle.io/,,,
Arken,MultiChain AMM,⭐️⭐️,https://twitter.com/ArkenFinance   https://discord.gg/4uBW6cg9   https://swap.arken.finance/,,,
RAMSES,ve(3 3) DEX,⭐️⭐️⭐️,https://twitter.com/RamsesExchange   https://discord.com/invite/ramses   https://www.ramses.exchange/,,,
Solunea,ve(3 3) DEX,⭐️⭐️,https://twitter.com/SoluneaDex   https://discord.com/invite/zH8Nu6cpnn,,,
1inch,DEX Aggregator,⭐️⭐️⭐️⭐️⭐️,https://twitter.com/1inch   https://discord.com/invite/1inch   https://app.1inch.io/,1INCH,,
Cashmere,DEX Aggregator,⭐️⭐️⭐️⭐️,https://twitter.com/CashmereLabs   https://t.me/cashmerelabs   https://cashmere.exchange/,,$ 5M,"Coinbase, CreditEase, FBG Capital, GFC, Serum, Soma Capital, Volt Capital, Y Combinator"
OpenOcean,DEX Aggregator,⭐️⭐️⭐️⭐️,https://twitter.com/OpenOceanGlobal   https://discord.gg/cxK6CCYcGp   https://openocean.finance/,OOE,,
XY Finance,"CrossChain Bridge, DEX Aggregator",⭐️⭐️⭐️⭐️,https://twitter.com/xyfinance   https://discord.gg/xyfinance   https://xy.finance/,XY,$ 12M,"Animoca Brands, Circle Ventures, Infinity Ventures, Lemniscap, Mechanism Capital"
ParaSwap,DEX Aggregator,⭐️⭐️⭐️⭐️,https://twitter.com/paraswap   https://discord.com/invite/wYePFfR   https://twitter.com/paraswap,PSP,,
ODOS,DEX Aggregator,⭐️⭐️⭐️⭐️,https://twitter.com/odosprotocol   https://www.odos.xyz/   https://www.odos.xyz/,,,
Matcha,DEX Aggregator,⭐️⭐️⭐️⭐️,https://twitter.com/matchaxyz   https://t.me/matchaxyz   https://www.matcha.xyz/,,,
KyberSwap,"DEX Aggregator, Yield",⭐️⭐️⭐️⭐️,https://twitter.com/KyberNetwork   https://discord.com/invite/NB3vc8J9uv   https://kyberswap.com/#/,KNC,,"DHVC, FBG Capital, Fenbushi Capital, GenBlock Capital, Hashed, HyperChain Capital, IOSG Ventures, Pantera Capital, ParaFi Capital, Signum Capital"
Zenlink,DEX Aggregator,⭐️⭐️⭐️,https://twitter.com/ZenlinkPro   https://discord.com/invite/CBJy8Mmnjr   https://zenlink.pro/,ZLK,,"Alameda Research, D1 Ventures, DFG, HashKey Capital, Hypersphere, IOSG Ventures, OKX Ventures, SNZ Holding, SevenX Ventures, Youbi Capital"
WardenSwap,DEX Aggregator,⭐️⭐️⭐️,https://twitter.com/WardenSwap   https://discord.com/invite/NdBymRxmxa   https://www.wardenswap.com/,WAD,,
ZeroSwap,DEX Aggregator,⭐️⭐️⭐️,https://twitter.com/ZeroSwapLabs   https://discord.com/invite/7mKWgHVhTT   https://app.zeroswap.io/swap,ZEE,,
Saddle,DEX Aggregator,⭐️⭐️⭐️,https://twitter.com/saddlefinance   https://discord.com/invite/saddle   https://saddle.finance/,,,
zkLink/ZKEX,Orderbook DEX,⭐️⭐️⭐️⭐️⭐️,https://twitter.com/ZKEX_Official   https://discord.com/invite/ctDAYrrNTH   https://zkex.com/,,$ 18.5M,"Ascensive Assets, Big Brain Holdings, Coinbase, Efficient Frontier, SIG DTI"
Oku Trade,Orderbook DEX,⭐️⭐️⭐️⭐️,https://twitter.com/okutrade   https://discord.com/invite/wak5gvc8dc   https://oku.trade/,,,Uniswap
ZigZag,Orderbook DEX,⭐️⭐️⭐️⭐️,https://twitter.com/ZigZagExchange   https://discord.com/invite/zigzag   https://trade.zigzag.exchange/,ZZ,,
Rubicon,Orderbook DEX,⭐️⭐️⭐️,https://twitter.com/rubicondefi   https://discord.com/invite/E7pS24J   https://app.rubicon.finance/trade,,,
Clober,Orderbook DEX,⭐️⭐️⭐️,https://twitter.com/CloberDEX   https://discord.com/invite/clober   https://clober.io/,,,
MES Protocol,Orderbook DEX,⭐️⭐️⭐️,https://twitter.com/mesprotocol   https://discord.com/invite/8sD6KHHPa5   https://www.mesprotocol.com/,,,
DeGate,Orderbook DEX,⭐️⭐️⭐️,https://twitter.com/DeGateDex   https://discord.com/invite/RFVDKGemJb   https://degate.com/,DG,,
Dexible,Orderbook DEX,⭐️⭐️,https://twitter.com/DexibleApp   https://discord.gg/HMHJQ5Sa2S   https://dexible.com/,,,
Pear Protocol,Pairs Trading  Market,⭐️⭐️⭐️,https://twitter.com/pear_protocol   https://discord.com/invite/RKNRDVeFwG   https://www.pear.garden/,,,
Perennial,"Leverage Market, Perpetual Market",⭐️⭐️⭐️⭐️,https://twitter.com/perenniallabs   https://discord.com/invite/n6ejatX5Rw   https://perennial.finance/,,$ 12M,"Coinbase, Polychain, Robot Ventures, Variant Fund"
Futureswap,Leverage Market,⭐️⭐️⭐️⭐️,https://twitter.com/futureswapx   https://discord.com/invite/gRtqvfqW4V   https://www.futureswap.com/,FST,$ 13M," Ribbit Capital, 1kx, 3AC, Framework, IDEO CoLab, Infinity Ventures, Lemniscap, Nascent, ParaFi Capital, Placeholder, Robot Ventures"
Openleverage,Leverage Market,⭐️⭐️⭐️⭐️,https://twitter.com/OpenLeverage   https://discord.com/invite/openleverage   https://openleverage.finance/,OLE,,"Binance Labs, Continue Capital, Crypto.com, FBG Capital, LD Capital, Signum Capital, YBB Foundation"
Dolomite,Leverage Market,⭐️⭐️,https://twitter.com/Dolomite_io   https://discord.com/invite/uDRzrB2YgP   https://dolomite.io/,,,
Diamond,Leverage LP Market,⭐️⭐️⭐️,https://twitter.com/DiamondProtocol   https://discord.com/invite/5WszxeZvXT   https://dmo.finance/,,,
SynFutures,Perpetual Market,⭐️⭐️⭐️⭐️⭐️,https://twitter.com/SynFuturesDefi   SynFutures%20422539785aa344fe917d82875fc5d015.md   https://www.synfutures.com/,,$ 15.4M,"Bybit, CMS Holdings, Dragonfly Capital, Framework, HashKey Capital, IOSG Ventures, Kronos Asset, Mirana Ventures, Pantera Capital, Polychain, Standard Crypto, Wintermute"
GMX,Perpetual Market,⭐️⭐️⭐️⭐️⭐️,https://twitter.com/GMX_IO   https://discord.com/invite/cxjZYR4gQK   https://gmx.io/#/,GMX,,
ApolloX,Perpetual Market,⭐️⭐️⭐️⭐️,https://twitter.com/ApolloX_Finance   https://discord.com/invite/q5eH3zktcm   https://www.apollox.finance/en,APX,,"3Commas, Binance Labs, Kronos Asset"
Vela Exchange,"Perpetual Market, RWA Market",⭐️⭐️⭐️⭐️,https://twitter.com/vela_exchange   https://discord.com/invite/velaexchange   https://www.vela.exchange/,VELA,,
MUFEX,Perpetual Market,⭐️⭐️⭐️⭐️,https://twitter.com/Mufex_Official   https://discord.com/invite/m6DD42s46n   https://www.mufex.finance/,,,
Narwhal,Perpetual Market,⭐️⭐️⭐️⭐️,https://twitter.com/Narwhal_Finance   https://discord.com/invite/bzTQuxr3ME   https://narwhal.finance/,,$ 1M,"Animoca Brands, Hailstone"
Vertex,Perpetual Market,⭐️⭐️⭐️⭐️,https://twitter.com/vertex_protocol   https://discord.com/invite/vertexprotocol   https://vertexprotocol.io/,,$ 8.5M,"Big Brain Holdings, Collab+Currency, GSR, Hack VC, Huobi, Wintermute"
MUX Protocol,Perpetual Market,⭐️⭐️⭐️⭐️,https://twitter.com/muxprotocol   https://discord.com/invite/bd88NrzN3N   https://mux.network/,MCB,$ 7M,"Alameda Research, Alliance DAO, Bixin Ventures, D1 Ventures, DeFiance Capital, Delphi Digital, Fenbushi Capital, IOSG Ventures, Mask Network, Multicoin, NGC Ventures, OKX Ventures"
Gains Network,"FX Market, Perpetual Market",⭐️⭐️⭐️⭐️,https://twitter.com/GainsNetwork_io   https://discord.com/invite/gains-network   https://gainsnetwork.io/,GNS,,
ApeX,Perpetual Market,⭐️⭐️⭐️⭐️,https://twitter.com/OfficialApeXdex   https://discord.com/invite/366Puqavwx   https://www.apex.exchange/,APEX,,
Holdstation,Perpetual Market,⭐️⭐️⭐️⭐️,https://twitter.com/HoldstationW   https://discord.com/invite/holdstation   http://holdstation.com/wallet.html,,,
Mummy,Perpetual Market,⭐️⭐️⭐️,https://twitter.com/mummyftm   https://discord.com/invite/xqSJaw8sUB   https://www.mummy.finance/#/,MMY,,
LEVEL Finance,Perpetual Market,⭐️⭐️⭐️,https://twitter.com/Level__Finance   https://discord.com/invite/levelfinance   https://level.finance/,LVL,,
HMX,Perpetual Market,⭐️⭐️⭐️,https://twitter.com/HMXorg   https://discord.com/invite/DDr7r7jjCv   https://hmx.org/arbitrum,,,GuildFi
Aark Digital,Perpetual Market,⭐️⭐️⭐️,https://twitter.com/Aark_Digital   https://discord.com/invite/aarkdigital   https://aark.digital/,,,
UtopiaFI,Perpetual Market,⭐️⭐️⭐️,https://twitter.com/UtopiaWeb3   https://discord.com/invite/4yqZZRJA6s   https://www.utopiafi.com/home,,,
Sat.is,Perpetual Market,⭐️⭐️⭐️,https://twitter.com/SatisDEX   https://discord.com/invite/satisdex   https://sat.is/,,,
Rage Trade,Perpetual Market,⭐️⭐️⭐️,https://twitter.com/rage_trade   http://discord.gg/8sBqJ5Qc3Q   https://www.rage.trade/,,,
Rubydex,Perpetual Market,⭐️⭐️⭐️,https://twitter.com/Ruby_Dex   https://discord.com/invite/eB5YWFtvFs   https://rubydex.com/en,,,
Kromatika,"Orderbook DEX, Perpetual Market",⭐️⭐️⭐️,https://twitter.com/KromatikaFi   https://discord.com/invite/5Yd7PrRx9y   https://kromatika.finance/,KROM,,
Aboard,Perpetual Market,⭐️⭐️⭐️,https://twitter.com/AboardExchange   https://discord.com/invite/n7r73ehJtf   https://aboard.exchange/,,,
Atomic Green,Perpetual Market,⭐️⭐️,https://twitter.com/atomic__green   https://discord.com/invite/RnhR5mSzea   https://atomic.green/,,,
CAP,Perpetual Market,⭐️⭐️,https://twitter.com/CapDotFinance   https://discord.com/invite/RBzQQVGhjf   https://www.cap.finance/,,,
Predy finance,Perpetual Market,⭐️⭐️,https://twitter.com/predyfinance   https://discord.com/invite/predy   https://www.predy.finance/predy3/,,,
Aevo,"Options Market, Perpetual Market",⭐️⭐️⭐️⭐️⭐️,https://twitter.com/aevoxyz   https://discord.com/invite/ribbon-finance   https://www.aevo.xyz/,,,Ribbon Finance
Premia,Options Market,⭐️⭐️⭐️⭐️,https://twitter.com/premiafinance/   https://discord.com/invite/premia   https://app.premia.finance/,PREMIA,,
Bracket Labs,Options Market,⭐️⭐️⭐️⭐️,https://twitter.com/Bracket_Labs_   https://discord.com/invite/ygUhFmjZw3   https://bracketlabs.fi/,,,Binance Incubation
Lyra,Options Market,⭐️⭐️⭐️⭐️,https://twitter.com/lyrafinance   https://discord.com/invite/P49mj6UbmC   https://www.lyra.finance/,LYRA,$ 6.3M,"Alliance DAO, Framework, GSR, ParaFi Capital, Robot Ventures"
Hegic,Options Market,⭐️⭐️⭐️,https://twitter.com/HegicOptions   https://discord.com/invite/znjdj8q   https://www.hegic.co/,HEGIC,,
Buffer,Options Market,⭐️⭐️⭐️,https://twitter.com/Buffer_Finance   https://discord.com/invite/Hj4QF92Kdc   https://buffer.finance/,,,
Deri Protocol,Options Market,⭐️⭐️⭐️,https://twitter.com/DeriProtocol   https://discord.com/invite/FEM9GMehHQ   https://deri.io/#/index,DERI,,"BNB Chain Fund, Bixin Ventures, FBG Capital, Kryptos, LD Capital"
Auctus,Options Market,⭐️⭐️⭐️,https://twitter.com/AuctusOptions   https://discord.com/invite/9JqeMxs   https://auctus.org/,,,
Volmex Finance,VIX Market,⭐️⭐️⭐️⭐️,https://twitter.com/volmexfinance   https://discord.com/invite/volmex   https://app.volmex.finance/trade,,,"Alameda, CMS Holdings, Coinbase, IOSG Ventures, Robot Ventures"
CVI,VIX Market,⭐️⭐️⭐️⭐️,https://twitter.com/official_cvi   https://discord.com/invite/yuDsy7SM2H   https://cvi.finance/staking,CVI,,
handle.fi,FX Market,⭐️⭐️⭐️,https://twitter.com/handle_fi   https://discord.com/invite/77WDThbZJ4   https://www.handle.fi/,FOREX,,
Jarvis,"Bond Market, CDP-Stablecoin",⭐️⭐️⭐️,https://twitter.com/Jarvis_Network   https://discord.com/invite/jarvisnetwork   https://jarvis.network/,JRT,,
0xAcid,Bond Market,⭐️⭐️⭐️,https://twitter.com/0xAcidDAO   https://discord.com/invite/0xacid   https://0xacid.com/app/market,ACID,,
Y2K Finance,Bond Market,⭐️⭐️⭐️,https://twitter.com/y2kfinance   https://discord.com/invite/y2kfinance   https://www.y2k.finance/,,,
Bond Protocol,Bond Market,⭐️⭐️,https://twitter.com/bond_protocol   https://discord.com/invite/bondprotocol   https://app.bondprotocol.finance/,,,
Thales,Prediction Market,⭐️⭐️⭐️⭐️,https://twitter.com/thalesmarket   https://discord.com/invite/thales   https://thalesmarket.io/,THALES,$ 2.5M,"Apollo Crypto, Framework, IOSG Ventures, LD Capital, The LAO, Zee Prime Capital"
Nexter,Prediction Market,⭐️⭐️⭐️,https://twitter.com/NexterDotFi   https://discord.com/invite/9Vd3FTxKu8   https://app.nexter.fi/,,,
Paradox,Prediction Market,⭐️⭐️,https://twitter.com/BetParadox   https://discord.com/invite/Y5qcycXsZZ   https://www.betparadox.com/,,,
Overtime,Prediction Market,⭐️⭐️,https://twitter.com/OvertimeMarkets   http://discord.gg/thales   https://overtimemarkets.xyz/,,,
Tangible,RWA Market,⭐️⭐️⭐️⭐️,https://twitter.com/tangibleDAO   https://discord.com/invite/tMQ9WjVBuS   https://www.tangible.store/realusd,,,
Compound,Lending,⭐️⭐️⭐️⭐️⭐️,https://twitter.com/compoundfinance   https://discord.com/invite/fq6JSPkpJn   https://app.compound.finance/,COMP,$ 33.2M,"Abstract Ventures, Bain Capital, Chapter One, Coinbase, ConsenSys Mesh, DHVC, Hack VC, Paradigm, Polychain, Robot Ventures, a16z"
Aave,Lending,⭐️⭐️⭐️⭐️⭐️,https://twitter.com/aave   https://discord.com/invite/aave   https://app.aave.com/,AAVE,$ 48.7M," Ribbit Capital, Blockchain Capital, Blockchain.com, DTC Capital, DeFiance Capital, Framework, ParaFi Capital, Standard Crypto"
Prime,Lending,⭐️⭐️⭐️⭐️,https://twitter.com/prime_protocol   https://tr.ee/zWAFzgwy-Q   https://www.primeprotocol.xyz/,,$ 2.75M,"Framework, Jump Crypto"
Silo Finance,Lending,⭐️⭐️⭐️⭐️,https://twitter.com/SiloFinance   https://discord.com/invite/silo-finance   https://www.silo.finance/,SILO,,Lattice Capital
Magnate,Lending,⭐️⭐️⭐️,https://twitter.com/MagnateFi   https://discord.com/invite/tdaUm4fT   https://www.magnate.finance/,,,
Tender.fi,Lending,⭐️⭐️⭐️,https://twitter.com/Tender_fi   https://t.me/TenderFi   https://www.tender.fi/,TND,,
Decentrium,Lending,⭐️⭐️⭐️,https://twitter.com/decentriumfi   https://discord.com/invite/decentrium   https://www.decentrium.net/,,,
Granary,Lending,⭐️⭐️⭐️,https://twitter.com/GranaryFinance   https://discord.com/invite/granary   https://granary.finance/markets,,,
Sentiment,Lending,⭐️⭐️⭐️,https://twitter.com/sentimentxyz   https://discord.com/invite/sentimentxyz   https://www.sentiment.xyz/,,,
Ooki,Lending,⭐️⭐️⭐️,https://twitter.com/OokiTrade   https://discord.com/invite/4wPVA6a   https://ooki.com/dashboard/lobby,OOKI,,
Wepiggy,Lending,⭐️⭐️⭐️,https://twitter.com/wepiggydotcom   https://discord.com/invite/pew9k58   https://www.wepiggy.com/,WPC,,
Vendor,Lending,⭐️⭐️⭐️,https://twitter.com/VendorFi   https://discord.com/invite/mZWtWVJvzZ   https://vendor.finance/borrow,,,
Union,Lending,⭐️⭐️⭐️,https://twitter.com/unionprotocol   https://discord.com/invite/DWF29rjRJH   https://union.finance/,,,
Dank protocol,Lending,⭐️⭐️,https://twitter.com/dank_protocol   https://discord.com/invite/FzXRbHFWf5   https://www.dank-protocol.com/#/home,DANK,,
Hundred,Lending,⭐️⭐️,https://twitter.com/HundredFinance   https://discord.com/invite/phK668J6dQ   https://hundred.finance/,,,
Radiant,Omnichain Lending,⭐️⭐️⭐️⭐️⭐️,https://twitter.com/RDNTCapital   https://discord.com/invite/radiantcapital   https://app.radiant.capital/#/markets,RDNT,$ 10M,Binance Labs
TapiocaDAO,Omnichain Lending,⭐️⭐️⭐️⭐️,https://twitter.com/tapioca_dao   https://www.tapioca.xyz/,,$ 6M,"LayerZero Labs, Magnus Capital, Parc Capital"
OmniBTC,"CrossChain Bridge, Omnichain Lending",⭐️⭐️⭐️,https://twitter.com/OmniBTC   https://discord.com/invite/Z2EzZcJ72x   https://www.omnibtc.finance/,,,
Barnbridge,Fixed Rate Lending,⭐️⭐️⭐️,https://twitter.com/Barn_Bridge   Barnbridge%20eb4698fb293248db9e02464062034d58.md   https://app.barnbridge.com/fixed-yield/pools/,,,
Stella,Leveragedd Lending,⭐️⭐️⭐️⭐️,https://twitter.com/stellaxyz_   https://discord.com/invite/BcVquv4DMR   https://stellaxyz.io/,ALPHA,$ 1.6M,"Binance Labs, DeFiance Capital, Delphi Digital, Multicoin, Spartan Group"
Fuji DAO,Lending Optimizer,⭐️⭐️⭐️⭐️,https://twitter.com/FujiFinance   https://discord.com/invite/dnvJeEMeDJ   https://www.fujidao.org/#/,,,
Kimberlite,Yield,⭐️⭐️⭐️,https://twitter.com/KimberliteLabs   https://discord.com/invite/wsZwhFqhRc   https://kimberlite.rocks/,,,
Furucombo,"Asset Management, Yield",⭐️⭐️⭐️,https://twitter.com/furucombo   https://discord.com/invite/JuamDaq   https://furucombo.app/,,,
Badger,Yield,⭐️⭐️,https://twitter.com/BadgerDAO   https://discord.com/invite/badgerdao   https://app.badger.com,BADGER,,
Avault,Omnichain Yield,⭐️⭐️⭐️⭐️,https://twitter.com/Avaultomni   https://discord.com/invite/WcARFMy2t8   https://www.avault.network/,,,
Tarot,"Lending, Leveraged Yield",⭐️⭐️⭐️⭐️,https://twitter.com/TarotFinance   https://discord.com/invite/6ByFHBjqE8   https://www.tarot.to/,TAROT,,
Impermax,"Lending, Leveraged Yield",⭐️⭐️,https://twitter.com/ImpermaxFinance   https://discord.com/invite/XN739EgG4X   https://arbitrum.impermax.finance/,IBEX,,
Yearn finance,Yield Aggregator,⭐️⭐️⭐️⭐️⭐️,https://twitter.com/yearnfi   https://discord.com/invite/6PNv2nF   https://yearn.finance/#/home,YFI,,
Zunami,Yield Aggregator,⭐️⭐️⭐️⭐️,https://twitter.com/ZunamiProtocol   https://discord.com/invite/BnC6kTWkUe   https://www.zunami.io/,,,Binance Incubation
Reaper Farm,Yield Aggregator,⭐️⭐️⭐️,https://twitter.com/Reaper_Farm   https://discord.com/invite/oathdefi   https://www.reaper.farm/,OATH,,
Harvest,Yield Aggregator,⭐️⭐️⭐️,https://twitter.com/harvest_finance   https://discord.com/invite/gzWAG3Wx7Y   https://harvest.dolomite.io/,,,
Gmd Protocol,Yield Aggregator,⭐️⭐️,https://twitter.com/GMDprotocol   https://discord.com/invite/x649QhTYxs   https://gmdprotocol.com/,GMD,,
Sperax,"Stablecoin Yield, Yield Optimizer",⭐️⭐️⭐️,https://twitter.com/SperaxUSD   https://discord.com/invite/Tt4p8BvZ   https://sperax.io/,SPA,,
Aura,Yield Optimizer,⭐️⭐️⭐️⭐️,https://twitter.com/AuraFinance   https://discord.com/invite/aurafinance   https://aura.finance/,AURA,,
Antfarm,Yield Optimizer,⭐️⭐️⭐️⭐️,https://twitter.com/antfarmfinance   https://discord.com/invite/6YuMk7zXsV   https://antfarm.finance/,,,
Beefy,Yield Optimizer,⭐️⭐️⭐️⭐️,https://twitter.com/beefyfinance   https://discord.com/invite/yq8wfHd   https://app.beefy.finance/,BIFI,,
ACryptoS,Yield Optimizer,⭐️⭐️⭐️,https://twitter.com/acryptosdao   https://t.me/acryptos   https://www.acryptos.com/,ACS,,
Pickle Finance,Yield Optimizer,⭐️⭐️⭐️,https://twitter.com/picklefinance   https://discord.com/invite/uG6WhYkM8n   https://www.pickle.finance/zh-CN,PICKLE,,
Adamant,Yield Optimizer,⭐️⭐️⭐️,https://twitter.com/AdamantVault   https://discord.com/invite/69ureKKYz2   https://adamant.finance/,,,
Revert,LP APR  Analytics,⭐️⭐️⭐️,https://twitter.com/revertfinance   https://discord.com/invite/8qBmuud   https://revert.finance/,,,FinTech Collective
Mellow,Liquidity Manager,⭐️⭐️⭐️⭐️,https://twitter.com/Mellowprotocol   https://discord.com/invite/w6sJDJrV65   https://mellow.finance/,,$ 2.75M,"Arrington Capital, ParaFi Capital, Robot Ventures"
Gamma,Liquidity Manager,⭐️⭐️⭐️⭐️,https://twitter.com/GammaStrategies   https://discord.com/invite/gammastrategies   https://app.gamma.xyz/,GAMMA,$ 3.5M,"1confirmation, 1kx, Alliance DAO, Blockchain Capital, DCG, Electric Capital, GSR, Maven 11, Spartan Group, Tribe Capital"
Entangle,Liquidity Manager,⭐️⭐️⭐️,https://twitter.com/Entanglefi   https://discord.com/invite/entanglefi   https://entangle.fi/,,,Cogitent Ventures
Liquid Finance,Liquidity Manager,⭐️⭐️⭐️,https://twitter.com/FinanceLiquid   https://discord.com/invite/Hyes3eGNrJ   https://liquidfinance.io/#/,LIQD,,
Unipilot,Liquidity Manager,⭐️⭐️⭐️,https://twitter.com/unipilot_io   https://t.me/unipilot_io   https://app.unipilot.io/add,,,
SteakHut,Liquidity Manager,⭐️⭐️⭐️,https://twitter.com/steakhut_fi   https://discord.com/invite/steakhut   https://www.steakhut.finance/,STEAK,,
DefiEdge,Liquidity Manager,⭐️⭐️⭐️,https://twitter.com/DefiEdge   https://discord.gg/VjVtptAW   https://app.defiedge.io/,,,
Frax Finance,"Fractional Stablecoin, Liquid Staking Token",⭐️⭐️⭐️⭐️⭐️,https://x.com/fraxfinance   https://discord.com/invite/fraxfinance   https://www.frax.com/,FXS/sfrxETH,,"Crypto.com, Dragonfly Capital, Electric Capital, Galaxy Digital, Mechanism Capital, Multicoin, ParaFi Capital, Robot Ventures, Tribe Capital"
Pendle,Liquid Staking Token,⭐️⭐️⭐️⭐️⭐️,https://twitter.com/pendle_fi/   https://discord.com/invite/9x9VUngNZD   https://www.pendle.finance/,PENDLE,$ 3.7M,"Alliance DAO, Bitscale Capital, Bixin Ventures, CMS Holdings, Crypto.com, D1 Ventures, GBV Capital, HashKey Capital, Ledger Prime, Lemniscap, Mechanism Capital, Signum Capital, Sora Ventures, Spartan Group, Youbi Capital, imToken"
unshETH,"Liquid Staking Token, Restaking",⭐️⭐️⭐️⭐️,https://twitter.com/unsheth_xyz   https://discord.com/invite/5tZXASh5P3   https://unsheth.xyz/,,$ 3.3M,"Soma Capital, The LAO"
CIAN,Liquid Staking Token,⭐️⭐️⭐️⭐️,https://twitter.com/CIAN_protocol   https://discord.com/invite/cian   https://cian.app/,,,
Ether.Fi,Restaking Aggregator,⭐️⭐️⭐️⭐️⭐️,https://twitter.com/ether_fi   https://discord.com/invite/xfFtMA35rm   http://ether.fi/,ETHFI,$ 32.3M,"Amber Group, Arrington Capital, Bankless, Bullish, Chapter One, CoinFund, Foresight Ventures, Hyperithm, North Island, OKX Ventures"
Arrakis,Liquidity Aggregator,⭐️⭐️⭐️⭐️,https://twitter.com/ArrakisFinance   https://discord.gg/arrakisfinance   https://arrakis.finance/,,$ 4M,"Polygon Ventures, Robot Ventures, Uniswap"
xToken,Liquidity Aggregator,⭐️⭐️⭐️,https://twitter.com/xtokenterminal   https://discord.com/invite/pDEynWm   https://xtokenterminal.io/,,,
TrustFi,IDO Launchpad,⭐️⭐️⭐️,https://twitter.com/trustfiorg   https://t.me/trustfi_fans   https://www.trustfi.org/,,,
Arbipad,IDO Launchpad,⭐️⭐️⭐️,https://twitter.com/arbipadcom   https://discord.com/invite/MZj9YPVVV5,,,
AnubisPad,IDO Launchpad,⭐️⭐️⭐️,https://twitter.com/AnubisPad   https://t.me/anubispad   https://www.anubispad.finance/,,,
Array,"AMM DEX, IDO Launchpad",⭐️⭐️,https://twitter.com/array_capital   https://discord.com/invite/arraycapital   https://array.capital/,,,
Bounce,LBP Platform,⭐️⭐️⭐️⭐️,https://twitter.com/bounce_finance   https://t.me/bounce_finance   https://www.bounce.finance/,AUCTION,,"Blockchain Capital, Coinbase, DHVC, Hashed, Pantera Capital, SNZ Holding"
Fjord Foundry,LBP Platform,⭐️⭐️⭐️⭐️,https://twitter.com/FjordFoundry   https://discord.com/invite/ajBwTZ3ugk   https://fjordfoundry.com/,,,
Order&Chaos,Algo-Stablecoin,⭐️⭐️⭐️,https://twitter.com/ordernchaos_fi   https://discord.com/invite/YjzjVntPmD   https://ordernchaos.finance/,CHAOS,,
Lemma,"AMM DEX, CDP-Stablecoin",⭐️⭐️⭐️⭐️,https://twitter.com/Lemma_Labs   https://discord.com/invite/AvCEkVbtQt   https://www.lemma.finance/,,,"Coinbase, Dragonfly Capital, Folius Ventures, GSR, Robot Ventures, Wintermute"
Qi Dao,CDP-Stablecoin,⭐️⭐️⭐️⭐️,https://twitter.com/QiDaoProtocol   https://discord.com/invite/mQq55j65xJ   https://www.mai.finance/,QI,,
Gyroscope,CDP-Stablecoin,⭐️⭐️⭐️⭐️,https://twitter.com/gyrostable/   https://discord.com/invite/2vnqnS7wE6   https://gyro.finance/,,$ 4.5M,"Galaxy Digital, Maven 11, Placeholder, Robot Ventures"
Yama Finance,CDP-Stablecoin,⭐️⭐️⭐️,https://twitter.com/YamaFinance   https://discord.com/invite/YamaFinance   https://yama.finance/,,,
Overnight(USD+),CDP-Stablecoin,⭐️⭐️⭐️,https://twitter.com/overnight_fi   https://discord.com/invite/overnight-fi   https://overnight.fi/,OVN,,
Brinc,CDP-Stablecoin,⭐️⭐️⭐️,https://twitter.com/BrincFi?ref_src=twsrc%5Egoogle%7Ctwcamp%5Eserp%7Ctwgr%5Eauthor   https://discord.com/invite/qgPVD7gK   https://brinc.fi/#/,BRC,,
Angle,EUR CDP-Stablecoin,⭐️⭐️⭐️⭐️,https://twitter.com/AngleProtocol   https://discord.com/invite/4FtNgnpPgE   https://www.angle.money/#/,ANGLE,,
PSY,LSD-Stablecoin,⭐️⭐️⭐️,https://twitter.com/PSY_Stablecoin   https://discord.com/invite/EhVkXqQBhr,,,
OlympusDAO,Reserve Currency,⭐️⭐️⭐️⭐️⭐️,https://twitter.com/OlympusDAO   https://discord.com/invite/olympusdao   https://pro.olympusdao.finance/#/bond,OHM,,
Alchemix,Synthetic Assets,⭐️⭐️⭐️⭐️,https://twitter.com/AlchemixFi   http://discord.com/invite/alchemix   http://alchemix.fi,ALCX,$ 8M,"CMS Holdings, Delphi Digital, GBV Capital, Ledger Prime, Maven 11, Nascent, Spartan Group"
Jungle,Synthetic Assets,⭐️⭐️⭐️,https://twitter.com/Jungle_Fi   https://discord.com/invite/QhePXWPwX5   https://www.junglefi.io/,,,
Vesta,Synthetic Assets,⭐️⭐️⭐️,https://twitter.com/vestafinance   https://discord.com/invite/yKsr6PRtxK   https://vestafinance.xyz/,VST,,
Synthr,Synthetic Assets,⭐️⭐️,https://twitter.com/synthr_defi   https://discord.com/invite/KkUzFPanf5   https://www.synthr.io/,,,
Nested,Asset Management,⭐️⭐️⭐️⭐️,https://twitter.com/NestedFi   https://discord.com/invite/VW8ZZsACzd   Nested%207b871c72b8ae45f8a4126edd443ef32b.md,,$ 7.5M,"CMT Digital, Kenetic Capital, Maven Capital, Republic Capital"
PlutusDAO,Asset Management,⭐️⭐️⭐️,https://twitter.com/PlutusDAO_io   https://discord.com/invite/plutusdao   https://plutusdao.io/,,,
Yin Finance,Asset Management,⭐️⭐️,https://twitter.com/YinFinance   https://discord.com/invite/EWjXDEPuAU   https://yin.finance/,YIN,,
Cryptex,Index Fund / dETF,⭐️⭐️,https://twitter.com/cryptexfinance   https://discord.com/invite/cryptex   https://cryptex.finance/,,,
Numoen,Flexible Leverage Index,⭐️⭐️⭐️⭐️,https://twitter.com/numoen   https://discord.com/invite/6Dtc49Dt4W   https://www.numoen.com/,,,
Risedle,Flexible Leverage Index,⭐️⭐️⭐️,https://twitter.com/risedle   https://discord.com/invite/risedle   https://risedle.com/,,,
Thetanuts,Option Vaults,⭐️⭐️⭐️⭐️⭐️,https://twitter.com/ThetanutsFi   https://discord.com/invite/fzWKJSy9v9/   https://www.thetanuts.finance/,,$ 35M,"3AC, Algorand, Borderless Capital, Crypto.com, DeFi Capital, Deribit, GFC, GSR, HyperChain Capital, Jump Crypto, Ledger Prime, Magnus Capital, Polychain, QCP Capital, Raptor Capital, Wintermute"
Olive,Option Vaults,⭐️⭐️⭐️,https://twitter.com/0xOlive   https://discord.com/invite/0xOlive   https://oliveapp.finance/,,,
Jones DAO,Option Vaults,⭐️⭐️⭐️,https://twitter.com/JonesDAO_io   https://discord.com/invite/jonesdao   https://www.jonesdao.io/,,,
Vovo Finance,Option Vaults,⭐️⭐️⭐️,https://twitter.com/VovoFinance   https://discord.com/invite/7xEKgjMW37   https://www.vovo.finance/,,$ 2M,"IOSG Ventures, Ledger Prime, Matrixport, imToken"
Pods Finance,Option Vaults,⭐️⭐️,https://twitter.com/podsfinance   https://discord.com/invite/NwhwaEK6   https://app.pods.finance/,,,
InsureDAO,Insurance,⭐️⭐️⭐️⭐️⭐️,https://twitter.com/insuredao   https://discord.com/invite/dZ8G7KzW4w   https://www.insuredao.fi/,INSURE,,
Neptune,Insurance,⭐️⭐️⭐️⭐️,https://twitter.com/neptunemutual   https://discord.com/invite/2qMGTtJtnW   https://neptunemutual.com/,NPM,$ 5M,"Coinbase, Fenbushi Capital, Huobi, OKX Ventures"
Cozy,Insurance,⭐️⭐️⭐️,https://twitter.com/cozyfinance   https://discord.com/invite/3HWthTMHDd   https://www.cozy.finance/,,$ 2M,"Coinbase, Dragonfly Capital, Electric Capital, Robot Ventures"
Risk Harbor,Insurance,⭐️⭐️,https://twitter.com/riskharbor   https://discord.com/invite/7aAC4p6vsr   https://core.riskharbor.com/buy-protection,,,
OKX Web3,"DEX Aggregator, NFT Marketplace",⭐️⭐️⭐️⭐️⭐️,https://twitter.com/okxweb3   https://discord.com/invite/pXmtxwSkNB   https://www.okx.com/cn/web3,,,OKX Ventures
Element,NFT Marketplace,⭐️⭐️⭐️⭐️⭐️,https://twitter.com/Element_Market   https://discord.com/invite/elementmarket   https://element.market/zksync,,$ 11.5M,"Dragonfly Capital, SIG DTI, Sequoia Capital"
OpenSea,NFT Marketplace,⭐️⭐️⭐️⭐️⭐️,https://twitter.com/opensea   https://discord.com/invite/opensea   https://opensea.io/,,,
Altura,"NFT Generator, NFT Marketplace",⭐️⭐️⭐️⭐️,https://twitter.com/AlturaNFT   https://discord.com/invite/cHW6SDMsEZ   https://www.alturanft.com/,ALU,,
tofuNFT,NFT Marketplace,⭐️⭐️⭐️⭐️,https://twitter.com/tofuNFT   https://discord.com/invite/3wFUTZmTm7   https://tofunft.com/optimism,,,
Zonic,NFT Marketplace,⭐️⭐️⭐️⭐️,https://twitter.com/zonicapp   https://discord.com/invite/zonic   https://zonic.app/,,,
Tevaera,NFT Marketplace,⭐️⭐️⭐️,https://twitter.com/tevaera   https://t.me/TevaeraNews   https://tevaera.com/,,,
Trove,NFT Marketplace,⭐️⭐️⭐️,https://twitter.com/TroveByTreasure   https://discord.com/invite/treasuredao   https://trove.treasure.lol/,,,
Lootex,NFT Marketplace,⭐️⭐️⭐️,https://twitter.com/LootexIO   https://discord.com/invite/lootexio   https://lootex.io/zh-TW,,,
NFTΞarth,NFT Marketplace,⭐️⭐️⭐️,https://twitter.com/NFTEarth_L2   https://discord.com/invite/nftearth   https://nftearth.exchange/,,,
Wen Moon Market,NFT Marketplace,⭐️⭐️,https://twitter.com/WenMoonMarket   https://discord.com/invite/53qAnt5zxJ   https://wenmoon.market/,,,
Babylons,NFT Marketplace,⭐️⭐️,https://twitter.com/BabylonsNFT   https://discord.com/invite/Cg5E8gW8au   https://babylons.io/,,,
yiume,NFT Marketplace,⭐️⭐️,https://twitter.com/yium_e   https://discord.com/invite/r6tPQDUZA7   https://www.yiume.eu/,,,
DC8,NFT Marketplace,⭐️⭐️,https://twitter.com/DC8Platform   https://discord.com/invite/fJsu6zDJWf   https://dc8.io/,,,
Omnisea,NFT  Launchpad,⭐️⭐️⭐️⭐️,https://twitter.com/omnisea   https://discord.com/invite/omnisea   https://omnisea.org/,,,
NFTScan,NFT Analytics Tool,⭐️⭐️⭐️⭐️,https://twitter.com/nftscan_com   https://discord.com/invite/8c87fS2HHF   https://arbitrum.nftscan.com/,,$ 1.5M,"Antalpha, Cipholio Ventures, Mask Network, SNZ Holding"
NFTFeed,NFT Stake Lending,⭐️⭐️⭐️,https://twitter.com/NFTFeedOfficial   https://t.me/NFTFeedOfficial   https://nftfeed.guru/,,,
GumBall,NFT Stake Lending,⭐️⭐️⭐️,https://twitter.com/GumBallProtocol   https://discord.com/invite/yfyHfegmXg   https://www.gumball.fi/,,,
Double,NFT Stake Lending,⭐️⭐️⭐️,https://twitter.com/DoubleProtocol   https://discord.com/invite/pbTPDkRFNJ   https://double.one/,,$ 1.5M,"Matrixport, Shima Capital, Youbi Capital"
DefragDAO,NFT Stake Lending,⭐️⭐️,https://twitter.com/DeFragDAO   https://discord.com/invite/defrag   https://defrag.fi/,,,
OmniBase,NFT Bridge,⭐️⭐️⭐️⭐️,https://twitter.com/OmniBase_xyz   https://discord.com/invite/omnibase   https://omnibase.xyz/,,,
l2telegraph,NFT Bridge,⭐️⭐️⭐️,https://twitter.com/l2telegraph   https://l2telegraph.xyz/,,,
NFTs2Me,NFT Generator,⭐️⭐️⭐️,https://twitter.com/nfts2me   https://discord.com/invite/KrJAaNUwDD   https://nfts2me.com/,,,
Zero Code,NFT Generator,⭐️⭐️,https://twitter.com/Zero_Code_NFT   https://discord.com/invite/BFbQMv7AQV   https://www.zerocodenft.com/,,,
NFT Multisender,NFT MultiSender,⭐️⭐️,https://twitter.com/NFT_Multisender   https://t.me/nft_multisender   https://nft.multisender.app/#/,,,
nftperp,NFT Perpetual Market,⭐️⭐️⭐️,https://twitter.com/nftperp   https://discord.com/invite/m8DGMgfhMg   https://nftperp.xyz/,,,
SecondLive,Metaverse,⭐️⭐️⭐️⭐️,https://twitter.com/SecondLiveReal   https://discord.com/invite/secondlive   https://secondlive.world/,,,"ArkStream Capital, BNB Chain Fund, Binance Labs, Cypher Capital, GBV Capital"
Ready Player,Gaming Guild,⭐️⭐️⭐️⭐️,https://twitter.com/ReadyPlayerDAO   http://discord.gg/readyplayerdao   http://readyplayerdao.io,,$ 10M,"1kx, Chernin, Hashed, Sterling VC"
Treasure,"Game Layer2, Gaming Station",⭐️⭐️⭐️⭐️⭐️,https://twitter.com/treasure_dao   https://discord.com/invite/treasuredao   https://treasure.lol/,MAGIC,$ 6.5M,"1kx, Alchemy Ventures, Arbitrum, IOSG Ventures, Merit Circle"
DeGame,Gaming Station,⭐️⭐️⭐️⭐️,https://twitter.com/Degame_l2y   https://discord.com/invite/degame   https://degame.com/,,$ 10.2M,"A&T Capital, Avalanche, Bixin Ventures, FBG Capital, Fenbushi Capital, Folius Ventures, Foresight Ventures, Hack VC, HashKey Capital, Kenetic Capital, NGC Ventures, Protocol Labs, Sfermion"
Forgotten Runes,Gaming Station,⭐️⭐️⭐️⭐️,https://twitter.com/forgottenrunes   https://discord.com/invite/forgottenrunes   https://app.muse.io/forgottenrunes/start,,,
OpenBlox,Gaming Station,⭐️⭐️⭐️⭐️,https://twitter.com/OpenBlox_io   https://discord.com/invite/openblox   https://openblox.io/,,,
Lifeverse,Gaming Station,⭐️⭐️⭐️,https://twitter.com/LifeVerse_GG   http://discord.gg/lifeverse   https://lifeverse.gg/,,,
Catddle Game,Fully Onchain Game,⭐️⭐️⭐️⭐️,https://twitter.com/CatddleNFT   https://catddle.com/,,,
DegenReborn,Fully Onchain Game,⭐️⭐️⭐️⭐️,https://twitter.com/DegenReborn   https://t.me/DegenRebornCommunity   https://degenreborn.xyz/,,,"CyberConnect, Era7, Galxe"
Minters,Fully Onchain Game,⭐️⭐️⭐️,https://twitter.com/mintersworld   https://discord.com/invite/mintersworld   https://www.mintersworld.com/,,,
Genki Cats,Fully Onchain Game,⭐️⭐️⭐️,https://twitter.com/genki_cats   https://genkicats.com/,,,
AI ARENA,AI Game,⭐️⭐️⭐️⭐️,https://twitter.com/aiarena_   https://discord.com/invite/aiarena   https://www.aiarena.io/#/,,,
Tales Of Elleria,SRP Game,⭐️⭐️⭐️,https://twitter.com/TalesofElleria   http://discord.gg/talesofelleria   https://app.talesofelleria.com/,ELM,,
Honorworld,SRP Game,⭐️⭐️,https://twitter.com/honorworld_io   https://discord.com/invite/ZtuF8QchjZ   http://honorworld.io,HWT,,
City Clash,SRP Game,⭐️⭐️,https://twitter.com/cityclashNFT   https://discord.com/invite/XrXCKRQBRN   http://cityclash.io,,,
BattleFly DAO,PVP Game,⭐️⭐️⭐️⭐️,https://twitter.com/BattleFlyGame   https://discord.com/invite/YzpajBfRNX   https://www.battlefly.game/,,,
Kuroro Beast,PVP Game,⭐️⭐️⭐️⭐️,https://twitter.com/kurorobeast   https://discord.com/invite/kurorobeasts  http://kuroro.com,KURO,,
Peek-A-Boo,PVP Game,⭐️⭐️⭐️,https://twitter.com/peekaboogamenft   https://discord.com/invite/KA8HAzXJyK   https://www.peekaboonft.io/,,,
Panda Farm,EDU Game,⭐️⭐️,https://twitter.com/pandagamefarm   https://discord.gg/KA8HAzXJyK   https://www.pandafarm.org/,,,
CUDL Finance,EDU Game,⭐️⭐️,https://twitter.com/cudlfinance   https://discord.com/invite/kfByfux   https://cudl.finance/,CUDL,,
Smolverse,SIM  Game,⭐️⭐️⭐️⭐️,https://twitter.com/smolverse   https://discord.com/invite/smolbrains   https://www.smolverse.lol/,,,
Toadstoolz,SIM  Game,⭐️⭐️⭐️,https://twitter.com/toadstoolzNFT   https://discord.com/invite/toadstoolz   https://www.toadstoolz.lol/,,,
Lost Donkeys,SIM  Game,⭐️⭐️⭐️,https://twitter.com/TheLostDonkeys   https://discord.com/invite/5UTM4M36NX   https://www.thelostdonkeys.com/,,,
Farmland,SIM  Game,⭐️⭐️,https://twitter.com/FarmlandGame   http://discord.gg/b3WacYQNwa   http://farmlandgame.net,,,
Gosleep,Sleep to Earn,⭐️⭐️⭐️⭐️,https://twitter.com/gosleep01   https://discord.com/invite/gosleep   https://gogogosleep.com/index,,,
zkPass,Digital ID,⭐️⭐️⭐️⭐️,https://twitter.com/zkPass   https://discord.com/invite/zkpass   https://zkpass.org/home,,$ 2.5M,"Binance Labs, Cypher Capital, OKX Ventures"
Clique,Digital ID,⭐️⭐️⭐️⭐️,https://twitter.com/Clique2046   https://discord.com/invite/nADagttQBq   https://clique.social/,,$ 3M,"Alliance DAO, DWeb3 Capital, GGV Capital, Mask Network, Mirana Ventures, Qiming Venture, SevenX Ventures, Sky9 Capital"
WIW,Digital ID,⭐️⭐️⭐️,https://twitter.com/wiw_io   https://discord.com/invite/tmUFBHS2Yh   https://wiw.io/,,,
Ceres,"Digital ID, Oracle",⭐️⭐️⭐️,https://twitter.com/CeresCredit   https://ceres.credit/,,,
RSS3,dRSS,⭐️⭐️⭐️⭐️,https://twitter.com/rss3_   https://discord.com/invite/aGuwzF2hW4   https://rss3.io/,RSS,,
Ideamarket,Creators Platform,⭐️⭐️⭐️,https://twitter.com/ideamarket_io   https://discord.com/invite/zaXZXGE4Ke   https://ideamarket.io/,IMO,,
L2BEAT,OnChain Activity Analysis,⭐️⭐️⭐️⭐️⭐️,https://twitter.com/l2beat   https://discord.com/invite/eaVKXPmtWk   https://l2beat.com/scaling/tvl,,,
Nansen,OnChain Activity Analysis,⭐️⭐️⭐️⭐️⭐️,https://twitter.com/nansen_ai   https://discord.com/invite/X5u3a7Wef6   https://www.nansen.ai/,,$ 88.2M,"Coinbase, Fabric Ventures, Folius Ventures, GIC, Mechanism Capital, QCP Capital, Robot Ventures, Tiger Global, Volt Capital, a16z, imToken"
Forta,OnChain Activity Analysis,⭐️⭐️⭐️⭐️⭐️,https://twitter.com/FortaNetwork   https://discord.com/invite/fortanetwork   https://forta.org/,FORT,,
DefiLlama,OnChain Activity Analysis,⭐️⭐️⭐️⭐️⭐️,https://twitter.com/DefiLlama   https://discord.com/invite/buPFYXzDDd   https://defillama.com/,,,Gitcoin Beta Round
Dune,OnChain Activity Analysis,⭐️⭐️⭐️⭐️⭐️,https://twitter.com/DuneAnalytics   https://discord.com/invite/ErrzwBz   https://dune.com/browse/dashboards,,,
OKLink,OnChain Activity Analysis,⭐️⭐️⭐️⭐️,https://twitter.com/OKLink   https://discord.com/invite/QcywHPgk4S   https://www.oklink.com/zh-cn,,,OKX Ventures
parsec,OnChain Activity Analysis,⭐️⭐️⭐️,https://twitter.com/parsec_finance   https://discord.com/invite/U5hhnra   https://parsec.finance/,,,
Blockscout,Blockchain Explorer,⭐️⭐️⭐️,https://twitter.com/blockscoutcom   https://discord.com/invite/blockscout   https://www.blockscout.com/,,,Gitcoin Beta Round
Modular Cloud,"Blockchain Explorer, Rollup Stack",⭐️⭐️⭐️,https://twitter.com/modularcloud1   https://explorer.modular.cloud/,,,
Blockdaemon,"MPC Wallet, RPC Operator",⭐️⭐️⭐️⭐️⭐️,https://twitter.com/BlockdaemonHQ   https://www.blockdaemon.com/,,$ 395.5M,"BlockFi, Blockchain.com, Borderless Capital, CoinFund, Fenbushi Capital, Galaxy Digital, Goldman Sachs, HashKey Capital, J.P. Morgan, Kenetic Capital, Kraken Ventures, Republic Capital, SoftBank, Tiger Global"
QuickNode,RPC Operator,⭐️⭐️⭐️⭐️⭐️,https://twitter.com/quicknode   https://discord.com/invite/DkdgEqE   https://www.quicknode.com/chains/optimism,,$ 100M,"10T Holdings, Alexis Ohanian, Arrington Capital, Crossbeam, Protocol Labs, SoftBank, Soma Capital, Tiger Global"
Infura,RPC Operator,⭐️⭐️⭐️⭐️⭐️,https://twitter.com/infura_io   https://discord.com/invite/consensys   https://www.infura.io/networks/ethereum/optimism,,,ConsenSys Mesh
Alchemy,RPC Operator,⭐️⭐️⭐️⭐️⭐️,https://twitter.com/AlchemyPlatform   https://www.alchemy.com/alchemy.com/discord   https://www.alchemy.com/,,,
Pocket,RPC Operator,⭐️⭐️⭐️⭐️,https://twitter.com/POKTnetwork   https://discord.com/invite/uYs6Esum3r   https://www.pokt.network/,POKT,$ 10M,"Big Brain Holdings, Collab+Currency, C² Ventures, FBG Capital, Gate Labs, Maven 11, Mechanism Capital, OKX Ventures, Republic Capital, Tribe Capital, Zee Prime Capital"
NodeReal,RPC Operator,⭐️⭐️⭐️⭐️,https://twitter.com/Nodereal_io   https://discord.com/invite/nodereal   https://nodereal.io/,,$ 16M,Sky9 Capital
BlockPI,RPC Operator,⭐️⭐️⭐️⭐️,https://twitter.com/RealBlockPI   https://discord.com/invite/xTvGVrGVZv   https://blockpi.io/,,$ 3M,"HashKey Capital, Shima Capital"
DRPC,RPC Operator,⭐️⭐️⭐️,https://twitter.com/drpcorg   https://discord.com/invite/Kyu3zt42bJ   https://drpc.org/,,,
NOWNodes,RPC Operator,⭐️⭐️⭐️,https://twitter.com/NowNodes   https://discord.com/invite/As3cBdtEy8   https://nownodes.io/,,,
Blast API,RPC Operator,⭐️⭐️⭐️,https://twitter.com/BlastAPI   https://discord.com/invite/VPkWESgtvV   https://blastapi.io/,,,
Ankr,"Liquid Staking Token, Nodes Operator, RPC Operator",⭐️⭐️⭐️⭐️⭐️,https://twitter.com/ankr   https://discord.gg/ankr   https://www.ankr.com/,ANKR/ankrETH,$ 15M,"ArkStream Capital, Binance Labs, DHVC, LD Capital, Lancer Capital, LinkVC, NGC Ventures, Pantera Capital"
Bware Labs,"Nodes Operator, OnChain Data Indexing, RPC Operator",⭐️⭐️⭐️⭐️,https://twitter.com/BwareLabs   https://discord.com/invite/bwarelabs   https://bwarelabs.com/,INFRA,$ 7.2M,Alchemy
Mycelium,Nodes Operator,⭐️⭐️,https://twitter.com/mycelium_xyz   https://discord.com/invite/PYVs8rVPMd   https://mycelium.xyz/,,,
Split Protocol,MEV Protection,⭐️⭐️⭐️⭐️,https://twitter.com/SplitProtocol   https://discord.com/invite/Qvn4t7x6VY   https://splitex.app/,,,
CoinTool,Tool Collection,⭐️⭐️⭐️⭐️,https://twitter.com/cointool   https://t.me/cointool   https://cointool.app/dashboard,,,
Fire,Wallet Sign Checker,⭐️⭐️⭐️⭐️,https://twitter.com/_joinfire   https://discord.com/invite/2ev3XajzFx   https://www.joinfire.xyz/,,$ 3M,Atomic
Ojamu AI,AI/AIGC/ZKML,⭐️⭐️⭐️,https://twitter.com/OjamuGlobal   https://t.me/OjamuChat   https://www.ojamuai.com/,OJA,$ 1.7M,"GBV Capital, Master Ventures, Morningstar Ventures, Waterdrip Capital"
Snapshot,DAO Tool,⭐️⭐️⭐️⭐️⭐️,https://twitter.com/SnapshotLabs   https://discord.com/invite/MKDaqUBgjF   https://snapshot.org/#/,,,
Tally,DAO Tool,⭐️⭐️⭐️⭐️,https://twitter.com/tallyxyz   https://discord.com/invite/3wgMrqaCCk   https://www.tally.xyz/,,$ 7.5M,"1kx, Alliance DAO, Blockchain Capital, Lemniscap, Robot Ventures, The LAO"
Guild,DAO Tool,⭐️⭐️⭐️⭐️,https://twitter.com/guildxyz   https://discord.com/invite/guildxyz   https://guild.xyz/,,,
UnlockProtocol,DAO Tool,⭐️⭐️⭐️⭐️,https://twitter.com/UnlockProtocol   https://discord.com/invite/kQv8HZXRCp   https://unlock-protocol.com/,UDT,$ 5.7M,"Coinbase, ConsenSys Mesh"
Collab.Land,DAO Tool,⭐️⭐️⭐️⭐️,https://twitter.com/Collab_Land_   https://discord.com/invite/collabland   https://www.collab.land/,COLLAB,,
Dework,DAO Tool,⭐️⭐️⭐️⭐️,https://twitter.com/deworkxyz   https://discord.com/invite/hcw7qRcRXb   https://dework.xyz/,,$ 5M,"Pace Capital, Paradigm"
XDAO,DAO Tool,⭐️⭐️⭐️,https://twitter.com/xdaoapp   https://discord.com/invite/axx6uCAb4Y   https://www.xdao.app/,XDAO,$ 2.3M,DWF Labs
jokedao,DAO Tool,⭐️⭐️⭐️,https://twitter.com/jokedao_   https://t.co/CymeNDo6Qm   https://www.jokedao.io/,JOKE,,
DAOhaus,DAO Tool,⭐️⭐️⭐️,https://twitter.com/nowdaoit   https://discord.com/invite/daohaus   https://daohaus.club/,,,
Coinvise,DAO Tool,⭐️⭐️⭐️,https://twitter.com/CoinviseCo   https://discord.com/invite/w9YFJU8SGz   https://www.coinvise.co/,,,
Hedgey,DAO Tool,⭐️⭐️,https://twitter.com/hedgeyfinance   https://discord.com/invite/mNb9KsuXCB   https://hedgey.finance/,,,
Commonwealth,DAO Tool,⭐️⭐️,https://twitter.com/hicommonwealth   https://discord.com/invite/t9XscHdZrG   https://commonwealth.im/,,,
CharmVerse,DAO Tool,⭐️⭐️,https://twitter.com/charmverse   https://discord.com/invite/VvhEafEWcg   https://www.charmverse.io/,,,
Dev Protocol,DAO Tool,⭐️⭐️,https://twitter.com/devprtcl   https://discord.com/invite/VwJp4KM   https://clubs.devprotocol.xyz/,DEV,,
Layer3,OAT/POAP Platform,⭐️⭐️⭐️⭐️⭐️,https://twitter.com/layer3xyz   https://discord.com/invite/bzktXw3gEY   https://layer3.xyz/,,,
Galxe,OAT/POAP Platform,⭐️⭐️⭐️⭐️⭐️,https://twitter.com/Galxe   https://discord.com/invite/galxe   https://galxe.com/,GAL,,
QuestN,OAT/POAP Platform,⭐️⭐️⭐️⭐️,https://twitter.com/QuestN_com   https://discord.com/invite/questn   https://questn.com/,,$ 8M,"Alliance DAO, DHVC, Hash Global, Matrix Partners, NGC Ventures, SevenX Ventures, Sky9 Capital, XIN Family"
lemonade,OAT/POAP Platform,⭐️⭐️,https://twitter.com/_lemonadesocial   https://discord.com/invite/bWJmDz49Sr   https://about.lemonade.social/,,,
Gelato,No Code Deployment,⭐️⭐️⭐️⭐️⭐️,https://twitter.com/gelatonetwork   https://discord.com/invite/ApbA39BKyJ   https://www.gelato.network/,GEL,$ 17.2M,"D1 Ventures, Dragonfly Capital, Galaxy Digital, IDEO CoLab, IOSG Ventures, ParaFi Capital"
Rádius,Shared Sequencer,⭐️⭐️⭐️⭐️,https://twitter.com/radius_xyz   https://discord.com/invite/wdS6k4wz9H   https://www.theradius.xyz/,,$ 1.7M,"Crypto.com, Hashed, LambdaClass, Superscrypt"
Automata,"MEV Protection, TEE AVS",⭐️⭐️⭐️⭐️⭐️,https://x.com/AutomataNetwork   https://discord.com/invite/automata   https://www.ata.network/,ATA,$ 6.4M," LongHash Ventures, ArkStream Capital, Binance Labs, GBV Capital, HTX Ventures, IOSG Ventures, Jump Crypto, KR1, Placeholder, Signum Capital"
wagmi,TypeScript Tool,⭐️⭐️⭐️⭐️,https://twitter.com/wagmi_sh   https://wagmi.sh/zh-CN,,,Paradigm
Ingonyama,ZK Prover,⭐️⭐️⭐️,https://twitter.com/Ingo_zk   https://discord.com/invite/qkBVXBpFc4   https://www.ingonyama.com/,,,
Chainlink,Oracle,⭐️⭐️⭐️⭐️⭐️,https://twitter.com/chainlink   https://discord.com/invite/aSK4zew   https://chain.link/,LINK,,
Band,Oracle,⭐️⭐️⭐️⭐️⭐️,https://twitter.com/BandProtocol   https://discord.com/invite/3t4bsY7   https://bandprotocol.com/,BAND,,
SupraOracles,Oracle,⭐️⭐️⭐️⭐️,https://twitter.com/SupraOracles   https://discord.com/invite/npkMbYswRe   https://supraoracles.com/,,,"Animoca Brands, Coinbase, HashKey Capital, Hashed, Huobi, Republic Capital, Shima Capital"
RedStone,Oracle,⭐️⭐️⭐️⭐️,https://twitter.com/redstone_defi   https://discord.com/invite/PVxBZKFr46   https://redstone.finance/,,$ 7M,"Arweave, Blockchain Capital, Coinbase, KR1, Lemniscap, Maven 11, The Graph"
Pyth Network,Oracle,⭐️⭐️⭐️⭐️,https://twitter.com/PythNetwork   https://discord.com/invite/PythNetwork   https://pyth.network/,,,"Alliance DAO, Delphi Digital, GBV Capital, Huobi, Kucoin, Republic Capital, Sino Global"
API3,Oracle,⭐️⭐️⭐️⭐️,https://twitter.com/api3dao   https://discord.com/invite/qnRrcfnm5W   https://api3.org/,API3,,
Witnet,Oracle,⭐️⭐️⭐️,https://twitter.com/witnet_io   https://discord.com/invite/X4uurfP   https://witnet.io/,WIT,,
B.Protocol,Oracle,⭐️⭐️⭐️,https://twitter.com/bprotocoleth   https://discord.com/invite/bJ4guuw   https://www.bprotocol.org/,,,
DIA,Oracle,⭐️⭐️⭐️,https://twitter.com/DIAdata_org   https://discord.com/invite/zFmXtPFgQj   https://www.diadata.org/,DIA,,
The Graph,OnChain Data Indexing,⭐️⭐️⭐️⭐️⭐️,https://twitter.com/graphprotocol   https://discord.com/invite/vtvv7FP   https://thegraph.com/blog/graph-optimistic-ethereum/,GRT,$ 67M,"Big Brain Holdings, CoinFund, Coinbase, D1 Ventures, DCG, Fabric Ventures, Fenbushi Capital, Framework, GSR, GenBlock Capital, Hack VC, Lemniscap, Multicoin, ParaFi Capital, Spartan Group, Tiger Global"
Covalent,OnChain Data Indexing,⭐️⭐️⭐️⭐️⭐️,https://twitter.com/covalent_hq   https://discord.com/invite/VHgmzB9973   https://www.covalenthq.com/,CQT,$ 15.1M,"1kx, AU21 Capital, Alameda Research, Avalanche, Binance Labs, CoinGecko, Coinbase, Delphi Digital, Hashed, Hypersphere, Mechanism Capital, Moonbeam, NEAR"
Moralis,OnChain Data Indexing,⭐️⭐️⭐️⭐️,https://twitter.com/MoralisWeb3   https://moralis.io/joindiscord/   https://moralis.io/,,,
PARSIQ,OnChain Data Indexing,⭐️⭐️⭐️⭐️,https://twitter.com/parsiq_net   https://discord.com/invite/PMWaxp5dFp   https://www.parsiq.net/,PRQ,,
Geno.id,OnChain Data Indexing,⭐️⭐️⭐️,https://twitter.com/Geno_id   https://geno.id/,,$ 2M,"Kyber, LinkVC, Waterdrip Capital"
Transpose,OnChain Data Indexing,⭐️⭐️⭐️,https://twitter.com/transposedata   https://discord.com/invite/transpose   https://www.transpose.io/,,,
ZettaBlock,OnChain Data Indexing,⭐️⭐️,https://twitter.com/ZettaBlockHQ   https://www.notion.so/249a126b01be4e43adea5281c262248f?pvs=21   https://www.zettablock.com/,,,
Chainbase,OnChain Data Indexing,⭐️⭐️,https://twitter.com/ChainbaseHQ   https://discord.com/invite/DUWMmtprz4   https://chainbase.com/,,,
Apibara,OnChain Data Indexing,⭐️⭐️,https://twitter.com/apibara_web3   https://discord.com/invite/m7B92CNFNt   https://www.apibara.com/,,,
Flair,OnChain Data Indexing,⭐️⭐️,https://twitter.com/FlairSDK   https://discord.com/invite/flair   https://flair.dev/,,,
Blockpour,OnChain Data Indexing,⭐️⭐️,https://twitter.com/Blockpour   https://app.blockpour.com/?utm_source=Twitter&utm_medium=Social&utm_campaign=Optimism_Tweet,,,
thirdweb,Web3 Hosting Service,⭐️⭐️⭐️⭐️⭐️,https://twitter.com/thirdweb   https://discord.com/invite/thirdweb   https://thirdweb.com/,,$ 29M,"Coinbase, Haun Ventures, Polygon Labs, Protocol Labs, Shopify, Shrug Capital"
Truffle,Web3 Hosting Service,⭐️⭐️⭐️⭐️,https://twitter.com/trufflesuite   https://trufflesuite.com/,,,ConsenSys Mesh
Tenderly,Web3 Hosting Service,⭐️⭐️⭐️,https://twitter.com/TenderlyApp   https://discord.com/invite/fBvDJYR   https://tenderly.co/,,,
Sourcify,Web3 Hosting Service,⭐️⭐️⭐️,https://twitter.com/SourcifyEth   https://sourcify.dev/,,,
Ante,Web3 Hosting Service,⭐️⭐️⭐️,https://twitter.com/AnteFinance   https://discord.com/invite/yaJthzNdNG   https://www.ante.finance/,,,
Chainstack,Web3 Hosting Service,⭐️⭐️⭐️,https://twitter.com/chainstackhq   https://discord.com/invite/Cymtg2f7pX   https://chainstack.com/,,,
Ceramic,Web3 Hosting Service,⭐️⭐️⭐️,https://twitter.com/ceramicnetwork   https://discord.com/invite/Z9ebcYwbHk   https://ceramic.network/,,,
4EVERLAND,Web3 Hosting Service,⭐️⭐️⭐️,https://twitter.com/4everland_org   https://discord.com/invite/4everland   https://www.4everland.org/,,,
EthStorage,dStorage,⭐️⭐️⭐️⭐️,https://twitter.com/EthStorage   https://t.me/ethstorage   https://ethstorage.io/,,$ 7M,"Foresight Ventures, Gate Labs, SevenX Ventures, Sky9 Capital, dao5"
Crust Network,dStorage,⭐️⭐️⭐️⭐️,https://twitter.com/crustnetwork   https://discord.com/invite/Jbw2PAUSCR   https://www.crust.network/,CRU,,
Topia,dStorage,⭐️⭐️⭐️,https://twitter.com/TopiaLayer2   https://discord.com/invite/TopiaL2   https://topia.network/,,,
Bundlr,dStorage,⭐️⭐️⭐️,https://twitter.com/BundlrNetwork   https://discord.com/invite/bundlr   https://bundlr.network/,,,
Tableland,Web3 Relational Database,⭐️⭐️⭐️⭐️,https://twitter.com/tableland__   https://discord.com/invite/dc8EBEhGbg   https://tableland.xyz/,,$ 9.5M,"A.Capital, BlueYard, CoinFund, Coinbase, Collaborative, Multicoin, Protocol Labs"
Particle,"Social Recovery Wallet, Web3 SDK Platform",⭐️⭐️⭐️⭐️,https://twitter.com/ParticleNtwrk   https://discord.com/invite/2y44qr6CR2   https://particle.network/,,$ 8.5M," LongHash Ventures, ABCDE Capital, Animoca Brands, Cobo Ventures, CyberConnect, GSR, HashKey Capital"
0x,Exchange  API,⭐️⭐️⭐️⭐️⭐️,https://twitter.com/0xproject   https://discord.com/invite/official0x   https://0x.org/,,$ 85M,"Alliance DAO, Blockchain Capital, Blockchain.com, Coinbase, Fabric Ventures, GenBlock Capital, IOSG Ventures, Jump Crypto, OpenSea, Pantera Capital, Polychain"
LayerZero,CrossChain SDK,⭐️⭐️⭐️⭐️⭐️,https://twitter.com/LayerZero_Labs   https://discord-layerzero.netlify.app/discord   https://layerzero.network/,,$ 261M,"Animoca Brands, Avalanche, Binance Labs, Bixin Ventures, Circle Ventures, CoinFund, Coinbase, Dapper Labs, DeFiance Capital, Delphi Digital, FTX, Fantom, GenBlock Capital, Hypersphere, IOBC Capital, Lightspeed Venture, Matrixport, Multicoin, NGC Ventures, OKX Ventures, OpenSea, PayPal, Polygon Ventures, Robot Ventures, Samsung, Sequoia Capital, Sino Global, Spartan Group, Tiger Global, Uniswap, a16z, imToken"
Socket,CrossChain SDK,⭐️⭐️⭐️⭐️⭐️,https://twitter.com/socketdottech   https://discord.com/invite/zfKJR8yWaH   https://www.socket.tech/,,$ 12M," LongHash Ventures, Archetype, CoinFund, Coinbase, Framework, Lightspeed Venture, Maven 11, OpenSea"
Router Protocol,CrossChain SDK,⭐️⭐️⭐️⭐️,https://twitter.com/routerprotocol   https://discord.com/invite/yjM2fUUHvN   https://app.routerprotocol.com/swap,ROUTE,$ 4.5M,"Alameda Research, Coinbase, Polygon Ventures, QCP Capital, Shima Capital, Wintermute"
Swing,CrossChain SDK,⭐️⭐️⭐️,https://twitter.com/swing_xyz   https://discord.com/invite/VYgbmdkwsS   https://swing.xyz/,,,
Dynamic,Web3 Messaging SDK,⭐️⭐️⭐️⭐️,https://twitter.com/dynamic_xyz   https://www.dynamic.xyz/,,$ 7.5M,"Breyer Capital, Chapter One, Circle Ventures, Hypersphere, Solana Ventures"
Notifi,Web3 Messaging SDK,⭐️⭐️⭐️⭐️,https://twitter.com/notifinetwork?s=21&t=m18l4ds7BlbZufm6Do86bw   https://discord.com/invite/notifi   https://notifi.network/,,$ 10M,"Hashed, Race Capital, Temasek"
ECHO,Web3 Social SDK,⭐️⭐️⭐️⭐️,https://twitter.com/0x_echo   https://discord.com/invite/b6WF9njPze   https://0xecho.com/,,,Gitcoin Beta Round
pimlico,Account Abstraction SDK,⭐️⭐️⭐️⭐️,https://twitter.com/pimlicoHQ   https://www.pimlico.io/,,,
Etherspot,"Account Abstraction SDK, Portfolio Dashboard",⭐️⭐️⭐️⭐️,https://twitter.com/etherspot   https://discord.com/invite/GAkYj6m5Uh   https://etherspot.io/,,,
UniPass,Account Abstraction SDK,⭐️⭐️⭐️⭐️,https://twitter.com/UniPassID   https://discord.com/invite/XaRMFW85Pg   https://unipass.id/,,,
NiftyKit,NFT Mint/Creator SDK,⭐️⭐️⭐️,https://twitter.com/NiftyKitApp   https://discord.com/invite/xgjUQJhBFv   https://niftykit.com/,,,
Speedboat,NFT Mint/Creator SDK,⭐️⭐️,https://twitter.com/Speedboat_STDO   https://discord.com/invite/y7TQbtEWSV   https://speedboat.studio/,,,
MetaFab,Game SDK,⭐️⭐️,https://twitter.com/tryMetaFab   https://discord.com/invite/metafab   https://www.trymetafab.com/,,,
Brave,Web3 Browser,⭐️⭐️⭐️⭐️⭐️,https://twitter.com/brave   https://brave.com/zh/wallet/,,,
Gauntlet," Security/Audits",⭐️⭐️⭐️⭐️⭐️,https://twitter.com/gauntletnetwork   https://gauntlet.network/,,$ 40M," Ribbit Capital, Coinbase, Dragonfly Capital, IA Ventures, Paradigm, Polychain, Robot Ventures, Standard Crypto"
Revoke.cash," Security/Audits",⭐️⭐️⭐️⭐️,https://twitter.com/RevokeCash   https://discord.com/invite/revoke-cash   https://revoke.cash/,,,
IQ.wiki,Crypto Wikipedia,⭐️⭐️,https://twitter.com/IQWIKI   https://discord.com/invite/x9EWvTcPXt   https://iq.wiki/,IQ,,
Cookbook,Solidity Libraries,⭐️⭐️⭐️⭐️⭐️,https://x.com/cookbook_dev   https://discord.com/invite/cookbookdev   https://www.cookbook.dev/,,,
Kanpai Pandas,NFT,⭐️⭐️⭐️,https://twitter.com/kanpaipandas   https://discord.com/invite/EZkkYfWZPE   https://kanpaipandas.io/,,,
Arbibots,NFT,⭐️⭐️,https://twitter.com/arbibotsNFT   https://discord.com/invite/XexypHDYaF   https://arbibots.xyz/,,,
ArbiDudes,NFT,⭐️⭐️,https://twitter.com/ArbiDudes   https://discord.com/invite/VCkNw3bWEH   https://www.arbidudes.com/,,,
Lost Samurise,NFT,⭐️⭐️,https://twitter.com/SamuRiseNFT   https://discord.com/invite/yaWfb8tF8a,,,
Mithical,NFT,⭐️⭐️,https://twitter.com/Mithical_io   https://discord.com/invite/XNjjDsVTqT   https://www.mithical.io/,,,
Random Walk,NFT,⭐️⭐️,https://twitter.com/RandomWalkNFT   https://discord.com/invite/bGnPn96Qwt   https://www.randomwalknft.com/,,,
Hoodlife Club,NFT,⭐️⭐️,https://twitter.com/hoodlifeclub   https://discord.com/invite/RD8HdpWdSr   https://www.hoodlife.club/,,,
CurateDAO,Database DAO,⭐️⭐️⭐️,https://twitter.com/db_dao   https://discord.com/invite/eW8UwQQgvQ   https://www.kuratedao.xyz/,,,
SmithyDAO,MMORPG Game,⭐️⭐️⭐️⭐️,https://twitter.com/SmithyDAO   https://discord.com/invite/VennJcHPmN,,,
KeplerHomes,MMORPG Game,⭐️⭐️⭐️,https://twitter.com/KeplerHomes   https://discord.com/invite/keplerhms   https://kepler.homes/,,,
Skyscraper,MMORPG Game,⭐️⭐️⭐️,https://twitter.com/Skyscraper_Game   https://discord.com/invite/pfnk4zyPfH,,,
Halls Of Olympia,MMORPG Game,⭐️⭐️,https://twitter.com/HallsofOlympia   https://discord.com/invite/mQW7UVV6zt   https://hallsofolympia.io/,AMBR,,
CastleDAO,MMORPG Game,⭐️⭐️,https://twitter.com/castlesdao2   https://discord.com/invite/8sYecquV9E   http://castledao.com,,,
The Beacon,RPG Game,⭐️⭐️⭐️⭐️⭐️,https://twitter.com/The_Beacon_GG   https://discord.com/invite/wWWZv6g5yk   http://thebeacon.gg,,,
Trident,RPG Game,⭐️⭐️⭐️,https://twitter.com/TridentDAO   https://discord.com/invite/TridentDAO   https://trident.game/,PSI,,
Bridgeworld,RPG Game,⭐️⭐️⭐️,https://twitter.com/playbridgeworld   http://discord.gg/treasuredao   http://bridgeworld.treasure.lol,,,
Ruffion Reborn,SLG Game,⭐️⭐️,https://twitter.com/RuffionReborn?ref_src=twsrc%5Egoogle%7Ctwcamp%5Eserp%7Ctwgr%5Eauthor   https://discord.com/invite/wVGEPaFz2G,,,
KnightsOfTheEth,Rogue Game,⭐️⭐️⭐️,https://twitter.com/KnightsOfTheEth   https://discord.com/invite/kote   https://www.knightsoftheether.com/,,,
GiveStation,Grant Platform,⭐️⭐️,https://twitter.com/GiveStation   https://discord.com/invite/givestation   https://app.givestation.org/,,,
Aelin,Crowdfunding Platform,⭐️⭐️⭐️,https://twitter.com/aelinprotocol   http://discord.gg/YHffnV9sUM   https://aelin.xyz/,,,