﻿Name,Category,Rating Index,Link | Click the Link Text,Token," Raised",Investor
OKX Wallet,"Extension Wallet, Mobile Wallet",⭐️⭐️⭐️⭐️⭐️,https://twitter.com/okxweb3   https://discord.com/invite/pXmtxwSkNB   https://www.okx.com/web3,OKX,,OKX Ventures
Coinbase Wallet,"Extension Wallet, Mobile Wallet",⭐️⭐️⭐️⭐️⭐️,https://twitter.com/CoinbaseWallet   http://coinbase.com/wallet,,,Coinbase
MetaMask,"Extension Wallet, Mobile Wallet",⭐️⭐️⭐️⭐️⭐️,https://twitter.com/MetaMask   https://metamask.io/,,$ 725M,ConsenSys Mesh
Trust,"Extension Wallet, Mobile Wallet",⭐️⭐️⭐️⭐️,https://twitter.com/trustwallet   https://t.me/trust_announcements   https://trustwallet.com/,TWT,,
XDEFI Wallet,Extension Wallet,⭐️⭐️⭐️⭐️,https://twitter.com/xdefi_wallet   https://discord.com/invite/xdefiwallet   https://www.xdefi.io/,XDEFI,,
BitKeep Wallet,"Extension Wallet, Mobile Wallet",⭐️⭐️⭐️⭐️,https://twitter.com/BitKeepOS   https://discord.com/invite/gUQB7gUarR   https://bitkeep.com/,BKB,$ 45M,"A&T Capital, Bitget, Bixin Ventures, DHVC, Dragonfly Capital, Foresight Ventures, Kucoin, Matrix Partners, Matrixport, SevenX Ventures"
Rabby Wallet,Extension Wallet,⭐️⭐️⭐️,https://twitter.com/Rabby_io   https://discord.com/invite/seFBCWmUre   https://rabby.io/,,,
TokenPocket,"Hardware Wallet, Mobile Wallet",⭐️⭐️⭐️⭐️,https://twitter.com/TokenPocket_TP   https://discord.com/invite/NKPM8TXFQk   https://www.tokenpocket.pro/,TPT,,
Rainbow,Mobile Wallet,⭐️⭐️⭐️⭐️,https://twitter.com/rainbowdotme   https://rainbow.me/,,$ 19.5M,"6th Man Ventures, Collab+Currency, FinTech Collective, Seven Seven Six, Y Combinator"
MathWallet,"Extension Wallet, Mobile Wallet",⭐️⭐️⭐️⭐️,https://twitter.com/Mathwallet   https://discord.gg/gXSfnk5eP5   https://mathwallet.org/,MATH,$ 21M,"Alameda Research, Amber Group, Binance Incubation, Multicoin"
FoxWallet,Mobile Wallet,⭐️⭐️⭐️,https://twitter.com/FoxWallet   http://discord.gg/DeT46k7538   http://foxwallet.com,,,
Sequence,"Game SDK, Social Recovery Wallet",⭐️⭐️⭐️⭐️⭐️,https://twitter.com/0xsequence   https://discord.com/invite/sequence   https://sequence.xyz/,,$ 53M,"BITKRAFT, Brevan Howard Digital, CMT Digital, Initialized Capital, Morgan Creek Digital, Polygon Labs, Sky9 Capital, Take-Two, Ubisoft"
OpenBlock,MPC Wallet,⭐️⭐️⭐️⭐️,https://twitter.com/OpenBlockWallet   https://discord.com/invite/EhsKYbvtJx   https://openblock.com/,,,
OneKey,Hardware Wallet,⭐️⭐️⭐️⭐️⭐️,https://twitter.com/OneKeyHQ   https://discord.com/invite/nwUJaTzjzv   https://onekey.so/,,$ 20M," Ribbit Capital, Coinbase, Dragonfly Capital, Ethereal Ventures, Folius Ventures, Framework, IOSG Ventures, Sky9 Capital"
Ledger,Hardware Wallet,⭐️⭐️⭐️⭐️⭐️,https://twitter.com/Ledger   https://www.ledger.com/,,,
Kryptoskatt,Portfolio Dashboard,⭐️⭐️⭐️⭐️,https://twitter.com/kryptoskatt   https://discord.com/invite/SFvUAShRv4   https://kryptoskatt.com/,,,Binance Incubation
Delegate,Wallet-to-dApp,⭐️⭐️⭐️,https://twitter.com/delegatecash   https://delegate.cash/,,,
bridge.arbitrum,Native Bridge,⭐️⭐️⭐️⭐️⭐️,https://twitter.com/OffchainLabs   https://discord.com/invite/ZpZuw7p   https://bridge.arbitrum.io/?l2ChainId=42161,ARB,,
Orbiter,"Cross-L1 Rollup, CrossChain Bridge",⭐️⭐️⭐️⭐️⭐️,https://twitter.com/Orbiter_Finance   http://discord.gg/hJJvXP7C73   https://www.orbiter.finance/,,,"Amber Group, GGV Capital, Lemniscap, Mask Network, Matrixport, Redpoint Ventures, StarkWare, imToken"
Hop Protocol,CrossChain Bridge,⭐️⭐️⭐️⭐️⭐️,https://twitter.com/HopProtocol   https://discord.com/invite/PwCF88emV4   https://app.hop.exchange/,HOP,,"1confirmation, Coinbase"
cBridge,CrossChain Bridge,⭐️⭐️⭐️⭐️,https://twitter.com/CelerNetwork   https://discord.com/invite/Trhab5w   https://cbridge.celer.network/,CELR,,"Binance Labs, Huobi, IOSG Ventures, LD Capital, LinkVC, Pantera Capital, RedlineDAO, Signum Capital, Spark Digital"
Symbiosis,"CrossChain Bridge, CrossChain ZAP",⭐️⭐️⭐️⭐️,https://twitter.com/symbiosis_fi   https://discord.gg/YHgDSJ42eG   https://symbiosis.finance/,SIS,$ 2M,"Amber Group, Binance Incubation, Binance Labs, Blockchain Capital, DAOMaker, DWF Labs, Delta Blockchain, Dragonfly Capital, Gate Labs, Injective, Kenetic Capital, Kucoin, Republic Capital, Shima Capital"
Layerswap,CrossChain Bridge,⭐️⭐️⭐️⭐️,https://twitter.com/layerswap   https://discord.com/invite/KhwYN35sHy   https://www.layerswap.io/,,,
Owlto Finance,CrossChain Bridge,⭐️⭐️⭐️,https://twitter.com/Owlto_Finance   https://discord.com/invite/dyArfVwdxm   https://owlto.finance/bridge,,,
Multichain,CrossChain Bridge,⭐️⭐️,https://twitter.com/MultichainOrg   https://t.me/anyswap   https://app.multichain.org/#/router,MULTI,,Binance Incubation
Superbridge,CrossChain Aggregator,⭐️⭐️⭐️,https://twitter.com/superbridgeapp   https://superbridge.app/,,,
DEX Screener,DEX Pairs Charts,⭐️⭐️⭐️⭐️⭐️,https://twitter.com/dexscreener   https://discord.com/invite/ARbh55A472   https://dexscreener.com/,,,
Slingshot,"AMM DEX, CrossChain Bridge",⭐️⭐️⭐️⭐️,https://twitter.com/SlingshotCrypto   https://discord.gg/MpDxFBKRxB   https://app.slingshot.finance/,,$ 18M," Ribbit Capital, Electric Capital, Framework, K5 Global, Shrug Capital"
RCPswap,AMM DEX,⭐️⭐️⭐️,https://twitter.com/moonsswap   https://t.me/RedditMoon   http://rcpswap.com/,,,
Arbswap,AMM DEX,⭐️⭐️⭐️,https://twitter.com/arbswapofficial   https://discord.com/invite/bjMFsrsruD   Arbswap%20322a6195ac984f27aff883686454c88d.md,,,
Sushi,CLMM DEX,⭐️⭐️⭐️⭐️⭐️,https://twitter.com/sushiswap   https://discord.gg/CD2YdZzb7Z   https://sushi.com/,SUSHI,,
MES Protocol,Orderbook DEX,⭐️⭐️⭐️,https://twitter.com/mesprotocol   https://discord.com/invite/8sD6KHHPa5   https://www.mesprotocol.com/,,,
Deri Protocol,Options Market,⭐️⭐️⭐️,https://twitter.com/DeriProtocol   https://discord.com/invite/FEM9GMehHQ   https://deri.io/#/index,DERI,,"BNB Chain Fund, Bixin Ventures, FBG Capital, Kryptos, LD Capital"
OpenSea,NFT Marketplace,⭐️⭐️⭐️⭐️⭐️,https://twitter.com/opensea   https://discord.com/invite/opensea   https://opensea.io/,,,
tofuNFT,NFT Marketplace,⭐️⭐️⭐️⭐️,https://twitter.com/tofuNFT   https://discord.com/invite/3wFUTZmTm7   https://tofunft.com/optimism,,,
Trove,NFT Marketplace,⭐️⭐️⭐️,https://twitter.com/TroveByTreasure   https://discord.com/invite/treasuredao   https://trove.treasure.lol/,,,
Babylons,NFT Marketplace,⭐️⭐️,https://twitter.com/BabylonsNFT   https://discord.com/invite/Cg5E8gW8au   https://babylons.io/,,,
Legend of EROS,Game Studio,⭐️⭐️⭐️,https://twitter.com/legendoferos   https://discord.gg/AytkMPbmPe   https://legendoferos.com/,,,
Farcana,TPS Game,⭐️⭐️⭐️⭐️,https://twitter.com/FarcanaOfficial   https://discord.com/invite/farcana   https://www.farcana.com/,,,
Rocket Monsters,PVP Game,⭐️⭐️⭐️,https://twitter.com/MonstersRocket   https://discord.com/invite/xpzHexbhyU   https://rocketmonsters.io/,,,
TownStory,SIM  Game,⭐️⭐️⭐️,https://twitter.com/townstorygamefi   https://discord.com/invite/2MW5Gwczvb   https://townstory.io/,,,
DroEats,SIM  Game,⭐️⭐️,https://twitter.com/DroEats   http://discord.gg/mintersworld   https://droeats.com/,,,
BattlePlan,GameFi,⭐️⭐️⭐️⭐️,https://twitter.com/rebootgg_   https://reboot.gg/,,,
L2BEAT,OnChain Activity Analysis,⭐️⭐️⭐️⭐️⭐️,https://twitter.com/l2beat   https://discord.com/invite/eaVKXPmtWk   https://l2beat.com/scaling/tvl,,,
QuickNode,RPC Operator,⭐️⭐️⭐️⭐️⭐️,https://twitter.com/quicknode   https://discord.com/invite/DkdgEqE   https://www.quicknode.com/chains/optimism,,$ 100M,"10T Holdings, Alexis Ohanian, Arrington Capital, Crossbeam, Protocol Labs, SoftBank, Soma Capital, Tiger Global"
NodeReal,RPC Operator,⭐️⭐️⭐️⭐️,https://twitter.com/Nodereal_io   https://discord.com/invite/nodereal   https://nodereal.io/,,$ 16M,Sky9 Capital
Blast API,RPC Operator,⭐️⭐️⭐️,https://twitter.com/BlastAPI   https://discord.com/invite/VPkWESgtvV   https://blastapi.io/,,,
Ankr,"Liquid Staking Token, Nodes Operator, RPC Operator",⭐️⭐️⭐️⭐️⭐️,https://twitter.com/ankr   https://discord.gg/ankr   https://www.ankr.com/,ANKR/ankrETH,$ 15M,"ArkStream Capital, Binance Labs, DHVC, LD Capital, Lancer Capital, LinkVC, NGC Ventures, Pantera Capital"
Bware Labs,"Nodes Operator, OnChain Data Indexing, RPC Operator",⭐️⭐️⭐️⭐️,https://twitter.com/BwareLabs   https://discord.com/invite/bwarelabs   https://bwarelabs.com/,INFRA,$ 7.2M,Alchemy
Rouge Network,OAT/POAP Platform,⭐️⭐️⭐️,https://twitter.com/rougetoken   https://discord.gg/aUeSjsN8Tx   https://rouge.network/,,,
Flair,OnChain Data Indexing,⭐️⭐️,https://twitter.com/FlairSDK   https://discord.com/invite/flair   https://flair.dev/,,,
Tableland,Web3 Relational Database,⭐️⭐️⭐️⭐️,https://twitter.com/tableland__   https://discord.com/invite/dc8EBEhGbg   https://tableland.xyz/,,$ 9.5M,"A.Capital, BlueYard, CoinFund, Coinbase, Collaborative, Multicoin, Protocol Labs"
MetaFab,Game SDK,⭐️⭐️,https://twitter.com/tryMetaFab   https://discord.com/invite/metafab   https://www.trymetafab.com/,,,
Revoke.cash," Security/Audits",⭐️⭐️⭐️⭐️,https://twitter.com/RevokeCash   https://discord.com/invite/revoke-cash   https://revoke.cash/,,,
Damned Pirate,NFT,⭐️⭐️,https://twitter.com/TheDPSproject   https://discord.com/invite/TheDamnedPiratessociety   https://damnedpiratessociety.io/,,,
Starfall,NFT,,https://twitter.com/starfallarena   https://discord.com/invite/playstarfall   https://portal.arbitrum.io/nova,,,
Metagates,MMORPG Game,⭐️⭐️⭐️,https://twitter.com/MetagatesOnline   https://discord.com/invite/metagates   https://metagates.io/,,,
Goblin Town,MMORPG Game,⭐️⭐️⭐️,https://twitter.com/GoblinTown_Game   https://discord.com/invite/forgottenrunes   https://app.muse.io/forgottenrunes/start,,,